000002
000002
000002
000002
000003
000003
000003
000003
000004
000004
000004
000004
000005
000005
000005
000005
000006
000006
000006
000006
000007
000007
000007
000007
000008
000008
000008
000008
000009
000009
000009
000009
000010
000010
000010
000010
000012
000012
000012
000012
000013
000013
000013
000013
000014
000014
000014
000015
000015
000015
000017
000017
000017
000018
000018
000018
000020
000020
000020
000023
000023
000023
000025
000025
000025
000027
000027
000027
000028
000028
000028
000029
000029
000029
000030
000030
000030
000031
000031
000031
000032
000032
000032
000033
000033
000033
000034
000034
000034
000035
000035
000035
000036
000036
000036
000037
000037
000037
000038
000038
000038
000040
000040
000040
000041
000041
000041
000042
000042
000042
000043
000043
000043
000044
000044
000044
000045
000045
000045
000046
000046
000046
000047
000047
000047
000049
000049
000049
000050
000050
000050
000051
000051
000051
000052
000052
000052
000054
000054
000054
000056
000056
000056
000057
000057
000057
000058
000058
000058
000059
000059
000059
000060
000060
000060
000061
000061
000061
000062
000062
000062
000065
000065
000065
000068
000068
000068
000069
000069
000069
000070
000070
000070
000074
000074
000074
000075
000075
000075
000077
000077
000077
000078
000078
000078
000079
000079
000079
000080
000080
000080
000081
000081
000081
000082
000082
000082
000083
000083
000083
000084
000084
000084
000087
000087
000087
000089
000089
000089
000090
000090
000090
000092
000092
000092
000093
000093
000094
000094
000094
000095
000095
000095
000096
000096
000096
000097
000097
000097
000098
000098
000098
000100
000100
000100
000101
000101
000101
000102
000102
000102
000103
000103
000103
000105
000105
000105
000107
000107
000107
000108
000108
000108
000109
000109
000109
000110
000110
000110
000112
000112
000112
000113
000113
000113
000116
000116
000116
000117
000117
000117
000120
000120
000120
000121
000121
000121
000122
000122
000122
000123
000123
000123
000125
000125
000125
000126
000126
000126
000128
000128
000128
000129
000129
000129
000132
000132
000132
000135
000135
000135
000136
000136
000136
000137
000137
000137
000138
000138
000138
000140
000140
000140
000141
000141
000141
000142
000142
000142
000144
000144
000144
000145
000145
000145
000146
000146
000146
000147
000147
000147
000148
000148
000148
000149
000149
000149
000150
000150
000150
000151
000151
000151
000152
000152
000152
000154
000154
000154
000156
000156
000156
000157
000157
000157
000158
000158
000158
000159
000159
000159
000161
000161
000161
000162
000162
000162
000163
000163
000163
000164
000164
000164
000165
000165
000165
000168
000168
000168
000169
000169
000169
000170
000170
000170
000171
000171
000171
000172
000172
000172
000173
000173
000173
000175
000175
000175
000177
000177
000177
000180
000180
000180
000181
000181
000181
000182
000182
000182
000183
000183
000183
000184
000184
000184
000185
000185
000185
000186
000186
000186
000187
000187
000187
000188
000188
000188
000190
000190
000190
000191
000191
000191
000192
000192
000197
000197
000197
000198
000198
000198
000199
000199
000199
000200
000200
000200
000201
000201
000201
000202
000202
000203
000203
000203
000204
000204
000204
000206
000206
000206
000209
000209
000209
000210
000210
000210
000212
000212
000212
000214
000214
000214
000215
000215
000215
000216
000216
000216
000217
000217
000217
000218
000218
000218
000219
000219
000219
000220
000220
000220
000221
000221
000221
000222
000222
000222
000223
000223
000223
000224
000224
000224
000225
000225
000225
000226
000226
000226
000227
000227
000227
000229
000229
000229
000230
000230
000230
000231
000231
000232
000232
000232
000233
000233
000233
000234
000234
000234
000235
000235
000235
000236
000236
000236
000237
000237
000237
000237
000238
000238
000238
000240
000240
000240
000242
000242
000242
000243
000243
000243
000244
000244
000244
000247
000247
000248
000248
000248
000250
000250
000250
000251
000251
000251
000252
000252
000252
000254
000254
000254
000255
000255
000255
000256
000256
000256
000257
000257
000257
000258
000258
000258
000259
000259
000259
000260
000260
000260
000261
000261
000261
000262
000262
000262
000267
000267
000267
000269
000269
000269
000270
000270
000270
000271
000271
000271
000273
000273
000273
000275
000275
000275
000276
000276
000276
000277
000277
000277
000278
000278
000278
000279
000279
000279
000280
000280
000280
000281
000281
000281
000282
000282
000282
000283
000283
000283
000284
000284
000284
000286
000286
000286
000287
000287
000287
000288
000288
000289
000289
000289
000290
000290
000290
000291
000291
000291
000292
000292
000292
000293
000293
000293
000294
000294
000294
000295
000295
000295
000297
000297
000297
000298
000298
000298
000300
000300
000300
000301
000301
000301
000303
000303
000303
000305
000305
000305
000308
000308
000308
000309
000309
000309
000311
000311
000311
000312
000312
000312
000314
000314
000314
000315
000315
000315
000316
000316
000316
000318
000318
000318
000319
000319
000319
000321
000321
000321
000322
000322
000322
000323
000323
000323
000325
000325
000325
000326
000326
000326
000328
000328
000328
000329
000329
000329
000330
000330
000330
000331
000331
000331
000332
000332
000332
000333
000333
000333
000334
000334
000334
000335
000335
000335
000336
000336
000336
000340
000340
000340
000341
000341
000341
000342
000342
000342
000345
000345
000345
000347
000347
000347
000349
000349
000349
000353
000353
000353
000354
000354
000354
000355
000355
000355
000356
000356
000356
000357
000357
000357
000359
000359
000359
000360
000360
000360
000361
000361
000361
000362
000362
000362
000364
000364
000364
000365
000365
000366
000366
000366
000367
000367
000367
000368
000368
000368
000369
000369
000369
000370
000370
000370
000371
000371
000371
000372
000372
000372
000373
000373
000373
000375
000375
000375
000376
000376
000376
000377
000377
000377
000378
000378
000380
000380
000380
000381
000381
000381
000383
000383
000383
000384
000384
000384
000385
000385
000385
000386
000386
000386
000388
000388
000388
000390
000390
000390
000391
000391
000391
000392
000392
000392
000393
000393
000393
000394
000394
000394
000395
000395
000395
000396
000396
000396
000397
000397
000397
000399
000399
000399
000400
000400
000401
000401
000401
000402
000402
000402
000403
000403
000403
000404
000404
000404
000406
000406
000407
000407
000408
000408
000408
000410
000410
000410
000411
000411
000411
000412
000412
000412
000413
000413
000413
000414
000414
000414
000415
000415
000415
000416
000416
000416
000418
000418
000420
000420
000420
000422
000422
000422
000423
000423
000423
000425
000425
000426
000426
000426
000427
000427
000427
000428
000428
000428
000430
000430
000430
000431
000431
000431
000432
000432
000432
000434
000434
000434
000435
000435
000435
000436
000436
000436
000437
000437
000437
000438
000438
000438
000440
000440
000440
000441
000441
000441
000444
000444
000444
000445
000445
000445
000446
000446
000446
000447
000447
000447
000449
000449
000449
000450
000450
000450
000451
000451
000451
000452
000452
000452
000453
000453
000453
000455
000455
000455
000456
000456
000456
000457
000457
000457
000458
000458
000458
000459
000459
000459
000461
000461
000461
000462
000462
000462
000463
000463
000464
000464
000464
000465
000465
000465
000466
000466
000466
000468
000468
000468
000470
000470
000470
000471
000471
000471
000473
000473
000473
000474
000474
000474
000477
000477
000477
000478
000478
000478
000479
000479
000479
000480
000480
000480
000481
000481
000481
000482
000482
000482
000483
000483
000483
000484
000484
000484
000485
000485
000485
000487
000487
000487
000488
000488
000488
000491
000491
000491
000492
000492
000492
000493
000493
000493
000494
000494
000494
000495
000495
000495
000496
000496
000496
000498
000498
000498
000499
000499
000499
000500
000500
000500
000501
000501
000501
000502
000502
000502
000503
000503
000503
000505
000505
000505
000506
000506
000506
000508
000508
000508
000509
000509
000509
000511
000511
000511
000513
000513
000513
000514
000514
000514
000517
000517
000517
000518
000518
000518
000520
000520
000520
000521
000521
000522
000522
000522
000524
000524
000524
000525
000525
000525
000526
000526
000526
000527
000527
000527
000529
000529
000529
000530
000530
000530
000532
000532
000532
000533
000533
000533
000535
000535
000535
000536
000536
000536
000537
000537
000537
000538
000538
000538
000539
000539
000539
000540
000540
000540
000541
000541
000541
000542
000542
000542
000543
000543
000543
000544
000544
000544
000545
000545
000545
000546
000546
000546
000547
000547
000547
000549
000549
000549
000554
000554
000554
000555
000555
000555
000558
000558
000558
000559
000559
000559
000560
000560
000560
000561
000561
000561
000563
000563
000563
000564
000564
000564
000566
000566
000566
000567
000567
000567
000568
000568
000568
000569
000569
000569
000570
000570
000570
000572
000572
000572
000573
000573
000573
000574
000574
000574
000575
000575
000575
000577
000577
000577
000581
000581
000581
000582
000582
000582
000584
000584
000584
000585
000585
000585
000587
000587
000587
000588
000588
000588
000589
000589
000589
000590
000590
000590
000591
000591
000591
000592
000592
000592
000593
000593
000593
000594
000594
000594
000595
000595
000595
000596
000596
000596
000598
000598
000598
000599
000599
000599
000602
000602
000602
000603
000603
000603
000604
000604
000604
000606
000606
000606
000607
000607
000607
000608
000608
000608
000610
000610
000610
000611
000611
000611
000614
000614
000614
000615
000615
000615
000616
000616
000616
000617
000617
000617
000618
000618
000618
000619
000619
000619
000620
000620
000620
000621
000621
000621
000622
000622
000622
000623
000623
000623
000624
000624
000624
000625
000625
000625
000627
000627
000627
000631
000631
000631
000632
000632
000632
000634
000634
000634
000635
000635
000635
000636
000636
000636
000637
000637
000637
000639
000639
000639
000641
000641
000641
000642
000642
000642
000643
000643
000643
000644
000644
000644
000647
000647
000648
000648
000648
000649
000649
000649
000650
000650
000650
000652
000652
000652
000653
000653
000653
000654
000654
000654
000655
000655
000655
000656
000656
000656
000657
000657
000657
000658
000658
000658
000660
000660
000660
000661
000661
000661
000662
000662
000662
000664
000664
000664
000667
000667
000667
000668
000668
000668
000670
000670
000670
000671
000671
000671
000672
000672
000672
000673
000673
000673
000674
000674
000674
000675
000675
000675
000676
000676
000676
000678
000678
000678
000681
000681
000681
000682
000682
000682
000683
000683
000683
000684
000684
000684
000685
000685
000685
000686
000686
000686
000689
000689
000689
000690
000690
000690
000691
000691
000691
000692
000692
000692
000693
000693
000693
000694
000694
000694
000695
000695
000695
000697
000697
000697
000698
000698
000698
000701
000701
000701
000702
000702
000702
000703
000703
000703
000705
000705
000705
000706
000706
000706
000707
000707
000707
000709
000709
000709
000711
000711
000711
000712
000712
000712
000713
000713
000713
000714
000714
000714
000716
000716
000716
000718
000718
000718
000719
000719
000719
000720
000720
000720
000721
000721
000721
000722
000722
000722
000723
000723
000723
000725
000725
000725
000726
000726
000726
000728
000728
000728
000729
000729
000729
000732
000732
000732
000733
000733
000733
000736
000736
000736
000737
000737
000737
000738
000738
000738
000739
000739
000739
000741
000741
000741
000743
000743
000743
000746
000746
000746
000747
000747
000747
000748
000748
000748
000752
000752
000752
000753
000753
000753
000754
000754
000754
000755
000755
000755
000756
000756
000756
000757
000757
000757
000758
000758
000758
000760
000760
000760
000761
000761
000761
000762
000762
000762
000763
000763
000763
000764
000764
000764
000765
000765
000765
000766
000766
000766
000768
000768
000768
000769
000769
000769
000770
000770
000770
000771
000771
000771
000772
000772
000772
000773
000773
000773
000774
000774
000774
000775
000775
000775
000777
000777
000777
000778
000778
000778
000779
000779
000779
000782
000782
000784
000784
000784
000785
000785
000785
000786
000786
000786
000788
000788
000788
000789
000789
000789
000790
000790
000790
000793
000793
000793
000794
000794
000794
000795
000795
000795
000796
000796
000796
000797
000797
000797
000798
000798
000798
000799
000799
000799
000800
000800
000800
000801
000801
000801
000802
000802
000802
000804
000804
000804
000805
000805
000805
000806
000806
000806
000808
000808
000808
000809
000809
000809
000810
000810
000810
000811
000811
000811
000812
000812
000812
000816
000816
000816
000817
000817
000817
000819
000819
000819
000821
000821
000821
000822
000822
000822
000823
000823
000823
000826
000826
000826
000828
000828
000828
000829
000829
000829
000830
000830
000830
000831
000831
000831
000833
000833
000833
000834
000834
000834
000835
000835
000835
000836
000836
000836
000837
000837
000837
000840
000840
000840
000841
000841
000841
000842
000842
000842
000843
000843
000843
000844
000844
000844
000845
000845
000845
000846
000846
000846
000849
000849
000849
000850
000850
000850
000853
000853
000853
000854
000854
000854
000855
000855
000855
000856
000856
000856
000857
000857
000857
000858
000858
000858
000860
000860
000860
000861
000861
000861
000863
000863
000863
000864
000864
000864
000866
000866
000866
000867
000867
000867
000869
000869
000869
000870
000870
000870
000873
000873
000873
000874
000874
000874
000875
000875
000875
000877
000877
000877
000878
000878
000878
000879
000879
000879
000880
000880
000880
000882
000882
000882
000883
000883
000883
000884
000884
000884
000885
000885
000885
000887
000887
000887
000888
000888
000888
000890
000890
000890
000892
000892
000892
000893
000893
000893
000894
000894
000894
000896
000896
000896
000898
000898
000898
000899
000899
000899
000901
000901
000901
000906
000906
000906
000907
000907
000907
000910
000910
000910
000911
000911
000911
000912
000912
000912
000913
000913
000913
000914
000914
000914
000915
000915
000915
000916
000916
000916
000919
000919
000919
000920
000920
000920
000922
000922
000922
000923
000923
000923
000924
000924
000924
000925
000925
000925
000927
000927
000927
000928
000928
000928
000929
000929
000929
000930
000930
000930
000931
000931
000931
000933
000933
000933
000935
000935
000935
000936
000936
000936
000937
000937
000937
000938
000938
000938
000939
000939
000939
000940
000940
000940
000941
000941
000941
000942
000942
000942
000943
000943
000943
000944
000944
000944
000945
000945
000945
000946
000946
000946
000947
000947
000947
000948
000948
000948
000950
000950
000950
000951
000951
000951
000952
000952
000952
000953
000953
000953
000955
000955
000955
000957
000957
000958
000958
000958
000959
000959
000959
000960
000960
000960
000961
000961
000961
000962
000962
000962
000963
000963
000963
000968
000968
000968
000969
000969
000969
000970
000970
000970
000975
000975
000975
000976
000976
000976
000977
000977
000977
000978
000978
000978
000979
000979
000979
000980
000980
000980
000981
000981
000981
000982
000982
000982
000983
000983
000983
000984
000984
000984
000985
000985
000985
000986
000986
000986
000987
000987
000987
000988
000988
000988
000991
000991
000991
000992
000992
000992
000993
000993
000993
000994
000994
000994
000995
000995
000995
000996
000996
000996
000997
000997
000997
000999
000999
000999
001000
001000
001000
001001
001001
001001
001004
001004
001004
001006
001006
001007
001007
001007
001010
001010
001010
001011
001011
001011
001012
001012
001012
001013
001013
001013
001015
001015
001015
001016
001016
001016
001017
001017
001017
001018
001018
001019
001019
001019
001020
001020
001020
001022
001022
001022
001023
001023
001023
001024
001024
001024
001025
001025
001025
001026
001026
001026
001027
001027
001027
001028
001028
001028
001030
001030
001030
001032
001032
001032
001033
001033
001033
001034
001034
001034
001035
001035
001035
001036
001036
001036
001037
001037
001037
001039
001039
001039
001040
001040
001040
001041
001041
001041
001042
001042
001042
001043
001043
001043
001044
001044
001044
001045
001045
001045
001046
001046
001046
001047
001047
001047
001049
001049
001049
001050
001050
001050
001051
001051
001053
001053
001053
001054
001054
001054
001055
001055
001055
001056
001056
001056
001057
001057
001057
001058
001058
001058
001060
001060
001060
001061
001061
001061
001062
001062
001062
001063
001063
001063
001064
001064
001064
001065
001065
001065
001066
001066
001066
001067
001067
001067
001068
001068
001068
001069
001069
001069
001070
001070
001070
001071
001071
001071
001073
001073
001073
001074
001074
001074
001075
001075
001075
001076
001076
001076
001079
001079
001079
001080
001080
001080
001081
001081
001081
001084
001084
001084
001087
001087
001087
001088
001088
001088
001089
001089
001089
001091
001091
001091
001092
001092
001092
001093
001093
001093
001094
001094
001094
001095
001095
001095
001096
001096
001096
001097
001097
001097
001098
001098
001098
001099
001099
001099
001100
001100
001100
001102
001102
001102
001103
001103
001103
001104
001104
001104
001105
001105
001105
001106
001106
001106
001107
001107
001107
001108
001108
001108
001109
001109
001109
001110
001110
001110
001111
001111
001111
001112
001112
001112
001114
001114
001114
001115
001115
001115
001116
001116
001116
001118
001118
001118
001119
001119
001119
001121
001121
001121
001122
001122
001122
001123
001123
001123
001124
001124
001124
001125
001125
001125
001126
001126
001126
001127
001127
001127
001128
001128
001128
001129
001129
001129
001131
001131
001131
001132
001132
001132
001133
001133
001133
001134
001134
001134
001135
001135
001135
001136
001136
001136
001137
001137
001137
001138
001138
001138
001139
001139
001139
001140
001140
001140
001141
001141
001141
001142
001142
001142
001143
001143
001143
001144
001144
001144
001145
001145
001145
001146
001146
001146
001147
001147
001147
001148
001148
001148
001149
001149
001149
001151
001151
001151
001153
001153
001153
001154
001154
001154
001156
001156
001156
001157
001157
001157
001158
001158
001158
001159
001159
001159
001160
001160
001160
001162
001162
001162
001163
001163
001163
001164
001164
001164
001165
001165
001166
001166
001166
001167
001167
001167
001173
001173
001173
001174
001174
001174
001175
001175
001175
001177
001177
001177
001180
001180
001180
001181
001181
001181
001183
001183
001183
001184
001184
001184
001185
001185
001185
001186
001186
001186
001187
001187
001187
001189
001189
001189
001190
001190
001190
001192
001192
001192
001195
001195
001195
001196
001196
001196
001198
001198
001198
001199
001199
001199
001200
001200
001200
001201
001201
001201
001204
001204
001204
001205
001205
001205
001206
001206
001206
001207
001207
001207
001208
001208
001208
001210
001210
001210
001213
001213
001213
001216
001216
001216
001217
001217
001217
001220
001220
001220
001221
001221
001221
001222
001222
001222
001223
001223
001223
001224
001224
001224
001227
001227
001227
001228
001228
001228
001229
001229
001229
001230
001230
001230
001231
001231
001231
001232
001232
001232
001233
001233
001233
001234
001234
001234
001235
001235
001235
001236
001236
001236
001237
001237
001237
001238
001238
001238
001239
001239
001239
001240
001240
001240
001241
001241
001241
001242
001242
001242
001243
001243
001243
001244
001244
001244
001245
001245
001245
001246
001246
001246
001247
001247
001247
001248
001248
001248
001251
001251
001251
001252
001252
001252
001253
001253
001253
001254
001254
001254
001255
001255
001255
001257
001257
001257
001258
001258
001258
001260
001260
001260
001261
001261
001261
001263
001263
001263
001265
001265
001265
001266
001266
001266
001267
001267
001267
001268
001268
001268
001269
001269
001269
001271
001271
001271
001272
001272
001272
001274
001274
001274
001276
001276
001276
001277
001277
001277
001280
001280
001280
001283
001283
001283
001284
001284
001284
001286
001286
001286
001287
001287
001287
001288
001288
001288
001289
001289
001289
001290
001290
001290
001291
001291
001291
001293
001293
001293
001294
001294
001294
001295
001295
001295
001299
001299
001299
001300
001300
001300
001301
001301
001301
001302
001302
001302
001303
001303
001303
001304
001304
001304
001306
001306
001306
001308
001308
001308
001309
001309
001309
001310
001310
001310
001311
001311
001311
001312
001312
001312
001314
001314
001314
001316
001316
001316
001317
001317
001317
001318
001318
001318
001319
001319
001319
001321
001321
001321
001322
001322
001322
001323
001323
001323
001324
001324
001324
001325
001325
001325
001326
001326
001326
001328
001328
001328
001329
001329
001329
001331
001331
001331
001333
001333
001333
001334
001334
001334
001335
001335
001335
001336
001336
001336
001337
001337
001337
001338
001338
001338
001339
001339
001339
001340
001340
001340
001341
001341
001341
001342
001342
001342
001344
001344
001344
001345
001345
001345
001346
001346
001346
001348
001348
001348
001350
001350
001350
001351
001351
001351
001353
001353
001353
001354
001354
001354
001355
001355
001355
001356
001356
001356
001357
001357
001357
001358
001358
001358
001360
001360
001360
001361
001361
001361
001362
001362
001362
001363
001363
001363
001364
001364
001364
001365
001365
001365
001367
001367
001367
001368
001368
001368
001370
001370
001370
001371
001371
001371
001372
001372
001372
001373
001373
001373
001374
001374
001374
001376
001376
001376
001378
001378
001378
001379
001379
001379
001382
001382
001382
001383
001383
001383
001386
001386
001386
001387
001387
001387
001388
001388
001388
001389
001389
001389
001390
001390
001390
001391
001391
001391
001392
001392
001392
001393
001393
001393
001394
001394
001394
001395
001395
001395
001397
001397
001397
001398
001398
001398
001399
001399
001399
001400
001400
001400
001402
001402
001402
001403
001403
001403
001404
001404
001404
001405
001405
001405
001407
001407
001407
001408
001408
001408
001409
001409
001409
001410
001410
001410
001411
001411
001411
001412
001412
001412
001413
001413
001413
001414
001414
001414
001415
001415
001415
001416
001416
001416
001417
001417
001417
001422
001422
001422
001423
001423
001423
001424
001424
001424
001427
001427
001427
001430
001430
001430
001431
001431
001431
001432
001432
001432
001434
001434
001434
001435
001435
001435
001439
001439
001439
001442
001442
001442
001444
001444
001444
001445
001445
001445
001446
001446
001446
001447
001447
001447
001449
001449
001449
001451
001451
001451
001452
001452
001452
001455
001455
001455
001456
001456
001456
001459
001459
001459
001460
001460
001460
001461
001461
001461
001462
001462
001462
001464
001464
001464
001465
001465
001465
001466
001466
001466
001468
001468
001468
001469
001469
001469
001470
001470
001470
001471
001471
001471
001472
001472
001472
001474
001474
001474
001475
001475
001475
001476
001476
001476
001477
001477
001477
001478
001478
001478
001480
001480
001480
001481
001481
001481
001482
001482
001482
001484
001484
001484
001487
001487
001487
001488
001488
001488
001489
001489
001489
001490
001490
001490
001491
001491
001491
001492
001492
001492
001493
001493
001493
001495
001495
001495
001496
001496
001496
001497
001497
001497
001499
001499
001499
001500
001500
001500
001501
001501
001501
001502
001502
001502
001503
001503
001503
001506
001506
001506
001507
001507
001507
001508
001508
001508
001509
001509
001509
001510
001510
001510
001511
001511
001511
001512
001512
001512
001513
001513
001513
001514
001514
001514
001515
001515
001515
001516
001516
001516
001517
001517
001517
001518
001518
001518
001519
001519
001519
001521
001521
001521
001524
001524
001524
001525
001525
001525
001526
001526
001526
001528
001528
001528
001529
001529
001529
001530
001530
001530
001532
001532
001532
001535
001535
001535
001536
001536
001536
001537
001537
001537
001540
001540
001540
001542
001542
001542
001543
001543
001543
001544
001544
001544
001545
001545
001545
001546
001546
001546
001547
001547
001547
001549
001549
001549
001550
001550
001550
001552
001552
001552
001553
001553
001553
001554
001554
001554
001555
001555
001555
001557
001557
001557
001558
001558
001558
001559
001559
001559
001560
001560
001560
001561
001561
001561
001563
001563
001563
001564
001564
001564
001565
001565
001565
001566
001566
001566
001568
001568
001568
001569
001569
001569
001571
001571
001571
001572
001572
001572
001573
001573
001573
001574
001574
001574
001575
001575
001575
001576
001576
001576
001578
001578
001578
001579
001579
001579
001581
001581
001581
001582
001582
001582
001584
001584
001584
001585
001585
001585
001586
001586
001586
001587
001587
001587
001588
001588
001588
001590
001590
001590
001593
001593
001593
001594
001594
001594
001595
001595
001595
001596
001596
001596
001597
001597
001597
001599
001599
001599
001600
001600
001601
001601
001601
001602
001602
001602
001605
001605
001605
001606
001606
001606
001607
001607
001607
001608
001608
001608
001609
001609
001609
001610
001610
001610
001611
001611
001611
001612
001612
001612
001613
001613
001613
001615
001615
001615
001616
001616
001616
001618
001618
001618
001619
001619
001619
001620
001620
001620
001621
001621
001621
001622
001622
001622
001623
001623
001623
001625
001625
001625
001626
001626
001626
001628
001628
001628
001629
001629
001629
001630
001630
001630
001631
001631
001631
001633
001633
001633
001635
001635
001635
001638
001638
001638
001639
001639
001639
001641
001641
001641
001643
001643
001643
001644
001644
001644
001645
001645
001645
001646
001646
001646
001649
001649
001649
001650
001650
001650
001651
001651
001651
001652
001652
001652
001654
001654
001654
001655
001655
001655
001656
001656
001656
001657
001657
001657
001658
001658
001658
001659
001659
001659
001660
001660
001660
001661
001661
001661
001662
001662
001662
001667
001667
001667
001668
001668
001668
001669
001669
001669
001670
001670
001670
001671
001671
001671
001673
001673
001673
001674
001674
001674
001677
001677
001677
001678
001678
001678
001679
001679
001679
001680
001680
001680
001681
001681
001681
001682
001682
001682
001683
001683
001683
001684
001684
001684
001685
001685
001685
001686
001686
001686
001687
001687
001687
001688
001688
001688
001689
001689
001689
001690
001690
001690
001693
001693
001693
001694
001694
001694
001696
001696
001696
001697
001697
001697
001698
001698
001698
001699
001699
001699
001700
001700
001700
001701
001701
001701
001702
001702
001702
001703
001703
001703
001704
001704
001706
001706
001706
001707
001707
001707
001708
001708
001708
001709
001709
001710
001710
001710
001712
001712
001712
001713
001713
001713
001714
001714
001714
001715
001715
001715
001716
001716
001716
001717
001717
001717
001719
001719
001719
001720
001720
001720
001722
001722
001722
001724
001724
001724
001726
001726
001726
001727
001727
001727
001728
001728
001728
001729
001729
001729
001730
001730
001730
001731
001731
001731
001732
001732
001732
001733
001733
001733
001734
001734
001734
001736
001736
001736
001737
001737
001737
001739
001739
001739
001740
001740
001740
001741
001741
001741
001743
001743
001743
001744
001744
001744
001745
001745
001745
001746
001746
001746
001748
001748
001748
001749
001749
001749
001750
001750
001750
001751
001751
001751
001753
001753
001753
001754
001754
001754
001756
001756
001756
001757
001757
001757
001758
001758
001758
001761
001761
001761
001762
001762
001762
001763
001763
001763
001764
001764
001764
001765
001765
001765
001766
001766
001766
001767
001767
001767
001769
001769
001769
001773
001773
001773
001774
001774
001774
001777
001777
001777
001779
001779
001779
001780
001780
001780
001784
001784
001784
001785
001785
001785
001786
001786
001786
001787
001787
001787
001788
001788
001788
001790
001790
001790
001791
001791
001791
001792
001792
001792
001793
001793
001793
001794
001794
001794
001795
001795
001795
001796
001796
001796
001797
001797
001797
001799
001799
001799
001800
001800
001800
001802
001802
001802
001803
001803
001803
001804
001804
001804
001805
001805
001805
001806
001806
001806
001807
001807
001807
001809
001809
001809
001810
001810
001810
001811
001811
001811
001812
001812
001812
001813
001813
001813
001814
001814
001814
001815
001815
001815
001817
001817
001817
001818
001818
001818
001819
001819
001819
001820
001820
001820
001822
001822
001822
001823
001823
001823
001824
001824
001824
001825
001825
001825
001826
001826
001826
001827
001827
001827
001828
001828
001828
001830
001830
001830
001831
001831
001831
001832
001832
001832
001833
001833
001833
001838
001838
001838
001839
001839
001839
001841
001841
001841
001842
001842
001842
001845
001845
001845
001847
001847
001847
001849
001849
001849
001850
001850
001850
001852
001852
001852
001853
001853
001853
001854
001854
001854
001855
001855
001855
001857
001857
001857
001858
001858
001858
001860
001860
001860
001862
001862
001862
001863
001863
001863
001864
001864
001864
001865
001865
001865
001866
001866
001866
001867
001867
001867
001868
001868
001868
001869
001869
001869
001870
001870
001870
001872
001872
001872
001873
001873
001873
001875
001875
001875
001876
001876
001876
001877
001877
001877
001878
001878
001878
001879
001879
001879
001881
001881
001881
001883
001883
001883
001884
001884
001884
001885
001885
001885
001886
001886
001886
001887
001887
001887
001889
001889
001889
001890
001890
001890
001891
001891
001891
001892
001892
001892
001893
001893
001893
001894
001894
001894
001895
001895
001895
001896
001896
001896
001898
001898
001898
001899
001899
001899
001900
001900
001900
001901
001901
001901
001902
001902
001902
001903
001903
001903
001904
001904
001904
001907
001907
001907
001908
001908
001908
001909
001909
001909
001910
001910
001910
001911
001911
001911
001912
001912
001912
001913
001913
001913
001914
001914
001914
001915
001915
001915
001916
001916
001916
001917
001917
001917
001920
001920
001920
001921
001921
001921
001922
001922
001922
001923
001923
001923
001924
001924
001924
001925
001925
001925
001927
001927
001927
001928
001928
001928
001929
001929
001929
001930
001930
001930
001932
001932
001932
001933
001933
001933
001934
001934
001934
001935
001935
001935
001936
001936
001936
001937
001937
001937
001938
001938
001938
001940
001940
001940
001941
001941
001941
001942
001942
001942
001943
001943
001943
001944
001944
001944
001946
001946
001946
001947
001947
001947
001948
001948
001948
001949
001949
001949
001950
001950
001950
001951
001951
001951
001953
001953
001953
001954
001954
001954
001955
001955
001955
001956
001956
001956
001957
001957
001957
001958
001958
001958
001959
001959
001959
001960
001960
001960
001962
001962
001962
001963
001963
001963
001964
001964
001964
001966
001966
001966
001967
001967
001967
001968
001968
001968
001970
001970
001970
001971
001971
001971
001972
001972
001972
001973
001973
001973
001974
001974
001974
001975
001975
001975
001977
001977
001977
001978
001978
001978
001979
001979
001979
001980
001980
001980
001982
001982
001982
001984
001984
001984
001985
001985
001985
001986
001986
001986
001987
001987
001987
001988
001988
001988
001989
001989
001989
001990
001990
001990
001991
001991
001991
001992
001992
001992
001993
001993
001993
001994
001994
001994
001996
001996
001996
001998
001998
001998
002001
002001
002001
002002
002002
002002
002003
002003
002003
002004
002004
002004
002005
002005
002005
002006
002006
002006
002007
002007
002007
002008
002008
002008
002010
002010
002010
002012
002012
002012
002013
002013
002013
002014
002014
002014
002015
002015
002015
002016
002016
002016
002017
002017
002017
002018
002018
002018
002020
002020
002020
002021
002021
002021
002022
002022
002023
002023
002023
002025
002025
002025
002026
002026
002026
002027
002027
002027
002028
002028
002028
002029
002029
002029
002030
002030
002030
002031
002031
002031
002032
002032
002032
002033
002033
002033
002034
002034
002034
002035
002035
002035
002036
002036
002036
002037
002037
002037
002038
002038
002038
002039
002039
002039
002040
002040
002040
002041
002041
002041
002042
002042
002042
002043
002043
002043
002044
002044
002044
002046
002046
002046
002048
002048
002048
002050
002050
002050
002051
002051
002051
002052
002052
002052
002053
002053
002053
002054
002054
002054
002056
002056
002056
002057
002057
002057
002060
002060
002060
002061
002061
002061
002062
002062
002062
002064
002064
002064
002065
002065
002065
002066
002066
002066
002067
002067
002067
002068
002068
002068
002071
002071
002071
002073
002073
002073
002075
002075
002075
002076
002076
002076
002077
002077
002077
002079
002079
002079
002080
002080
002080
002081
002081
002081
002082
002082
002082
002083
002083
002083
002084
002084
002084
002085
002085
002085
002086
002086
002086
002089
002089
002089
002090
002090
002090
002092
002092
002092
002094
002094
002094
002095
002095
002095
002096
002096
002096
002097
002097
002097
002098
002098
002098
002099
002099
002099
002100
002100
002101
002101
002101
002109
002109
002109
002110
002110
002110
002111
002111
002111
002112
002112
002112
002113
002113
002113
002114
002114
002114
002115
002115
002115
002116
002116
002116
002117
002117
002117
002118
002118
002118
002119
002119
002119
002121
002121
002121
002123
002123
002123
002124
002124
002124
002125
002125
002125
002126
002126
002126
002127
002127
002127
002128
002128
002128
002129
002129
002129
002131
002131
002131
002133
002133
002133
002135
002135
002135
002136
002136
002136
002138
002138
002138
002141
002141
002142
002142
002142
002143
002143
002143
002144
002144
002144
002145
002145
002145
002146
002146
002146
002148
002148
002148
002150
002150
002150
002151
002151
002151
002153
002153
002153
002154
002154
002154
002155
002155
002155
002156
002156
002156
002157
002157
002157
002158
002158
002158
002159
002159
002159
002161
002161
002161
002162
002162
002162
002164
002164
002164
002165
002165
002165
002166
002166
002166
002167
002167
002167
002169
002169
002169
002170
002170
002170
002172
002172
002172
002174
002174
002174
002175
002175
002175
002176
002176
002176
002177
002177
002177
002179
002179
002179
002180
002180
002180
002181
002181
002181
002182
002182
002182
002183
002183
002183
002184
002184
002184
002186
002186
002186
002187
002187
002187
002189
002189
002189
002190
002190
002190
002191
002191
002191
002193
002193
002193
002194
002194
002194
002195
002195
002195
002196
002196
002196
002197
002197
002197
002198
002198
002198
002199
002199
002199
002201
002201
002201
002202
002202
002202
002203
002203
002203
002204
002204
002204
002205
002205
002205
002206
002206
002206
002207
002207
002207
002208
002208
002208
002210
002210
002210
002211
002211
002211
002212
002212
002212
002213
002213
002213
002214
002214
002214
002215
002215
002215
002216
002216
002216
002217
002217
002217
002218
002218
002218
002219
002219
002219
002220
002220
002220
002221
002221
002221
002224
002224
002224
002225
002225
002225
002226
002226
002226
002227
002227
002227
002228
002228
002228
002229
002229
002229
002230
002230
002230
002231
002231
002231
002232
002232
002232
002233
002233
002233
002234
002234
002234
002238
002238
002238
002239
002239
002239
002241
002241
002243
002243
002243
002244
002244
002244
002248
002248
002248
002249
002249
002249
002251
002251
002251
002253
002253
002253
002254
002254
002254
002255
002255
002255
002256
002256
002256
002257
002257
002257
002258
002258
002258
002260
002260
002260
002261
002261
002261
002262
002262
002262
002264
002264
002264
002265
002265
002265
002266
002266
002266
002268
002268
002268
002269
002269
002269
002270
002270
002271
002271
002271
002274
002274
002274
002275
002275
002275
002276
002276
002276
002278
002278
002278
002279
002279
002279
002281
002281
002281
002282
002282
002282
002283
002283
002283
002284
002284
002284
002285
002285
002285
002286
002286
002286
002287
002287
002287
002288
002288
002288
002289
002289
002289
002290
002290
002290
002291
002291
002291
002293
002293
002293
002294
002294
002294
002295
002295
002295
002296
002296
002296
002297
002297
002297
002298
002298
002298
002299
002299
002299
002300
002300
002300
002303
002303
002303
002305
002305
002305
002306
002306
002306
002307
002307
002307
002308
002308
002308
002309
002309
002309
002310
002310
002310
002311
002311
002311
002314
002314
002314
002316
002316
002316
002319
002319
002319
002320
002320
002320
002321
002321
002321
002322
002322
002322
002324
002324
002324
002325
002325
002325
002327
002327
002327
002328
002328
002328
002329
002329
002329
002330
002330
002330
002331
002331
002331
002333
002333
002333
002335
002335
002335
002336
002336
002336
002337
002337
002337
002338
002338
002338
002339
002339
002339
002340
002340
002340
002341
002341
002341
002342
002342
002342
002343
002343
002343
002344
002344
002344
002347
002347
002347
002348
002348
002348
002349
002349
002349
002350
002350
002350
002351
002351
002351
002354
002354
002354
002355
002355
002355
002356
002356
002356
002358
002358
002358
002360
002360
002360
002362
002362
002362
002366
002366
002366
002367
002367
002367
002368
002368
002368
002369
002369
002369
002370
002370
002370
002371
002371
002371
002372
002372
002372
002373
002373
002373
002374
002374
002374
002375
002375
002375
002376
002376
002376
002377
002377
002377
002378
002378
002378
002379
002379
002379
002380
002380
002380
002381
002381
002381
002384
002384
002384
002387
002387
002387
002389
002389
002389
002390
002390
002390
002391
002391
002391
002392
002392
002392
002394
002394
002394
002395
002395
002395
002396
002396
002396
002398
002398
002398
002400
002400
002400
002402
002402
002402
002405
002405
002405
002406
002406
002406
002407
002407
002407
002408
002408
002408
002409
002409
002409
002410
002410
002410
002411
002411
002412
002412
002412
002413
002413
002413
002414
002414
002414
002415
002415
002415
002416
002416
002416
002417
002417
002417
002418
002418
002418
002419
002419
002419
002420
002420
002420
002421
002421
002421
002422
002422
002422
002423
002423
002423
002424
002424
002424
002425
002425
002425
002426
002426
002426
002427
002427
002427
002428
002428
002428
002429
002429
002429
002430
002430
002430
002431
002431
002431
002432
002432
002432
002433
002433
002433
002434
002434
002434
002435
002435
002435
002437
002437
002437
002438
002438
002438
002439
002439
002439
002440
002440
002440
002441
002441
002441
002442
002442
002442
002443
002443
002443
002444
002444
002444
002446
002446
002446
002447
002447
002447
002448
002448
002448
002449
002449
002449
002450
002450
002450
002452
002452
002452
002454
002454
002454
002455
002455
002455
002456
002456
002456
002457
002457
002457
002458
002458
002458
002461
002461
002461
002462
002462
002462
002463
002463
002463
002464
002464
002464
002465
002465
002465
002466
002466
002466
002467
002467
002467
002468
002468
002468
002469
002469
002469
002472
002472
002472
002474
002474
002474
002476
002476
002476
002478
002478
002478
002479
002479
002480
002480
002480
002482
002482
002482
002484
002484
002484
002485
002485
002485
002487
002487
002487
002488
002488
002488
002489
002489
002489
002490
002490
002490
002491
002491
002491
002493
002493
002493
002494
002494
002494
002496
002496
002496
002497
002497
002497
002498
002498
002498
002499
002499
002499
002500
002500
002500
002501
002501
002501
002503
002503
002503
002504
002504
002504
002505
002505
002505
002506
002506
002506
002507
002507
002507
002508
002508
002508
002509
002509
002509
002510
002510
002510
002511
002511
002511
002512
002512
002512
002515
002515
002515
002516
002516
002516
002518
002518
002518
002519
002519
002519
002520
002520
002520
002521
002521
002521
002523
002523
002523
002524
002524
002524
002525
002525
002525
002526
002526
002526
002527
002527
002527
002528
002528
002528
002529
002529
002529
002532
002532
002532
002533
002533
002533
002534
002534
002534
002535
002535
002535
002536
002536
002536
002538
002538
002538
002540
002540
002540
002541
002541
002541
002543
002543
002543
002546
002546
002546
002547
002547
002547
002548
002548
002548
002549
002549
002549
002551
002551
002551
002553
002553
002553
002554
002554
002554
002555
002555
002555
002556
002556
002556
002557
002557
002557
002559
002559
002559
002560
002560
002560
002561
002561
002562
002562
002562
002563
002563
002563
002564
002564
002564
002565
002565
002565
002567
002567
002567
002568
002568
002568
002569
002569
002569
002570
002570
002570
002575
002575
002575
002576
002576
002576
002577
002577
002577
002579
002579
002579
002580
002580
002580
002581
002581
002581
002585
002585
002585
002586
002586
002586
002588
002588
002588
002591
002591
002591
002592
002592
002592
002593
002593
002593
002594
002594
002594
002595
002595
002595
002596
002596
002596
002598
002598
002598
002599
002599
002599
002600
002600
002600
002601
002601
002601
002603
002603
002603
002604
002604
002604
002605
002605
002605
002607
002607
002607
002608
002608
002608
002610
002610
002610
002611
002611
002611
002612
002612
002612
002613
002613
002613
002614
002614
002614
002615
002615
002616
002616
002616
002617
002617
002617
002618
002618
002618
002619
002619
002619
002620
002620
002620
002622
002622
002622
002623
002623
002623
002624
002624
002624
002625
002625
002625
002628
002628
002628
002629
002629
002629
002630
002630
002630
002631
002631
002631
002632
002632
002632
002633
002633
002633
002634
002634
002634
002637
002637
002637
002638
002638
002638
002639
002639
002639
002640
002640
002640
002641
002641
002641
002642
002642
002642
002643
002643
002643
002644
002644
002644
002645
002645
002645
002648
002648
002648
002649
002649
002649
002650
002650
002650
002652
002652
002652
002653
002653
002653
002654
002654
002654
002655
002655
002655
002657
002657
002657
002659
002659
002659
002660
002660
002660
002663
002663
002663
002664
002664
002664
002666
002666
002666
002667
002667
002667
002669
002669
002669
002671
002671
002671
002672
002672
002672
002673
002673
002673
002674
002674
002674
002675
002675
002675
002676
002676
002676
002677
002677
002677
002678
002678
002678
002680
002680
002680
002682
002682
002682
002684
002684
002684
002687
002687
002687
002688
002688
002688
002689
002689
002689
002690
002690
002690
002691
002691
002691
002692
002692
002692
002693
002693
002693
002694
002694
002694
002695
002695
002695
002696
002696
002696
002697
002697
002697
002698
002698
002698
002699
002699
002699
002700
002700
002700
002702
002702
002702
002703
002703
002703
002704
002704
002704
002705
002705
002705
002706
002706
002706
002708
002708
002708
002709
002709
002709
002710
002710
002710
002711
002711
002711
002713
002713
002713
002714
002714
002714
002715
002715
002715
002716
002716
002716
002719
002719
002719
002720
002720
002720
002722
002722
002722
002723
002723
002723
002724
002724
002724
002726
002726
002726
002727
002727
002727
002729
002729
002729
002731
002731
002731
002732
002732
002732
002736
002736
002736
002737
002737
002737
002738
002738
002738
002739
002739
002739
002740
002740
002740
002742
002742
002742
002743
002743
002743
002744
002744
002744
002745
002745
002745
002746
002746
002746
002751
002751
002751
002752
002752
002752
002753
002753
002753
002756
002756
002756
002757
002757
002757
002758
002758
002758
002759
002759
002759
002760
002760
002760
002762
002762
002762
002763
002763
002763
002765
002765
002765
002767
002767
002767
002768
002768
002768
002773
002773
002773
002774
002774
002774
002775
002775
002775
002776
002776
002776
002777
002777
002777
002780
002780
002780
002782
002782
002782
002783
002783
002783
002785
002785
002785
002786
002786
002786
002787
002787
002787
002788
002788
002788
002790
002790
002790
002791
002791
002791
002792
002792
002792
002793
002793
002793
002794
002794
002794
002796
002796
002796
002801
002801
002801
002802
002802
002802
002803
002803
002803
002804
002804
002804
002805
002805
002805
002806
002806
002806
002807
002807
002807
002808
002808
002808
002809
002809
002809
002810
002810
002810
002812
002812
002812
002813
002813
002813
002814
002814
002814
002815
002815
002815
002816
002816
002816
002817
002817
002817
002819
002819
002819
002820
002820
002820
002821
002821
002821
002822
002822
002822
002823
002823
002823
002825
002825
002825
002826
002826
002826
002827
002827
002827
002828
002828
002828
002829
002829
002829
002830
002830
002830
002831
002831
002831
002832
002832
002832
002833
002833
002833
002834
002834
002834
002835
002835
002835
002836
002836
002836
002837
002837
002837
002838
002838
002838
002840
002840
002840
002841
002841
002841
002845
002845
002845
002846
002846
002846
002847
002847
002847
002849
002849
002849
002850
002850
002850
002851
002851
002851
002852
002852
002852
002853
002853
002853
002854
002854
002854
002855
002855
002855
002857
002857
002857
002859
002859
002859
002860
002860
002860
002861
002861
002861
002862
002862
002862
002863
002863
002863
002864
002864
002864
002865
002865
002865
002866
002866
002866
002871
002871
002871
002872
002872
002872
002873
002873
002873
002874
002874
002874
002875
002875
002875
002877
002877
002877
002878
002878
002878
002879
002879
002879
002880
002880
002880
002881
002881
002881
002882
002882
002882
002884
002884
002884
002885
002885
002885
002886
002886
002886
002887
002887
002887
002889
002889
002889
002890
002890
002890
002892
002892
002892
002893
002893
002893
002894
002894
002894
002895
002895
002895
002901
002901
002901
002902
002902
002903
002903
002903
002904
002904
002904
002905
002905
002905
002906
002906
002906
002907
002907
002907
002908
002908
002908
002909
002909
002909
002911
002911
002911
002912
002912
002912
002913
002913
002913
002914
002914
002914
002915
002915
002915
002916
002916
002916
002921
002921
002921
002924
002924
002924
002925
002925
002925
002926
002926
002926
002927
002927
002927
002930
002930
002930
002933
002933
002933
002934
002934
002934
002935
002935
002935
002936
002936
002936
002937
002937
002937
002938
002938
002938
002939
002939
002939
002940
002940
002940
002941
002941
002941
002942
002942
002942
002943
002943
002943
002944
002944
002944
002945
002945
002945
002946
002946
002946
002947
002947
002948
002948
002948
002949
002949
002949
002953
002953
002953
002955
002955
002955
002956
002956
002956
002957
002957
002957
002958
002958
002958
002959
002959
002959
002960
002960
002960
002961
002961
002961
002962
002962
002962
002963
002963
002963
002964
002964
002964
002965
002965
002965
002966
002966
002966
002967
002967
002967
002968
002968
002968
002970
002970
002970
002971
002971
002971
002972
002972
002972
002973
002973
002973
002975
002975
002975
002978
002978
002978
002979
002979
002979
002980
002980
002980
002981
002981
002981
002983
002983
002983
002984
002984
002984
002985
002985
002985
002986
002986
002986
002987
002987
002987
002988
002988
002988
002989
002989
002989
002990
002990
002990
002991
002991
002991
002992
002992
002992
002993
002993
002993
002994
002994
002994
002995
002995
002995
002996
002996
002996
002997
002997
002997
002999
002999
002999
003000
003000
003000
003001
003001
003001
003002
003002
003002
003003
003003
003003
003007
003007
003007
003008
003008
003008
003009
003009
003009
003010
003010
003010
003011
003011
003011
003012
003012
003012
003015
003015
003015
003016
003016
003016
003018
003018
003018
003019
003019
003019
003022
003022
003022
003023
003023
003023
003024
003024
003024
003025
003025
003025
003026
003026
003026
003028
003028
003028
003029
003029
003029
003030
003030
003030
003031
003031
003031
003032
003032
003032
003033
003033
003033
003034
003034
003034
003035
003035
003035
003037
003037
003037
003038
003038
003038
003040
003040
003040
003041
003041
003041
003042
003042
003042
003044
003044
003044
003045
003045
003045
003047
003047
003047
003048
003048
003048
003049
003049
003049
003050
003050
003050
003052
003052
003052
003054
003054
003054
003055
003055
003055
003056
003056
003056
003057
003057
003057
003058
003058
003058
003059
003059
003059
003060
003060
003060
003063
003063
003063
003064
003064
003064
003065
003065
003065
003067
003067
003067
003068
003068
003068
003071
003071
003071
003072
003072
003072
003073
003073
003073
003075
003075
003075
003076
003076
003076
003078
003078
003078
003079
003079
003079
003080
003080
003080
003081
003081
003081
003084
003084
003084
003085
003085
003085
003086
003086
003086
003087
003087
003087
003088
003088
003088
003089
003089
003089
003090
003090
003090
003091
003091
003091
003093
003093
003093
003094
003094
003094
003096
003096
003096
003097
003097
003097
003098
003098
003098
003100
003100
003100
003101
003101
003101
003102
003102
003102
003103
003103
003103
003107
003107
003107
003110
003110
003110
003112
003112
003112
003114
003114
003114
003115
003115
003115
003117
003117
003117
003120
003120
003120
003121
003121
003121
003122
003122
003122
003123
003123
003123
003124
003124
003124
003125
003125
003125
003126
003126
003126
003127
003127
003127
003128
003128
003128
003130
003130
003130
003131
003131
003131
003132
003132
003132
003133
003133
003133
003134
003134
003134
003135
003135
003135
003140
003140
003140
003141
003141
003141
003143
003143
003143
003144
003144
003144
003145
003145
003145
003146
003146
003146
003147
003147
003147
003148
003148
003148
003150
003150
003150
003152
003152
003152
003153
003153
003153
003155
003155
003155
003156
003156
003156
003157
003158
003158
003158
003159
003159
003159
003160
003160
003160
003161
003161
003161
003162
003162
003162
003163
003163
003163
003164
003164
003164
003165
003165
003165
003166
003166
003166
003168
003168
003168
003169
003169
003169
003170
003170
003170
003175
003175
003175
003176
003176
003176
003177
003177
003177
003178
003178
003178
003180
003180
003180
003182
003182
003182
003183
003183
003183
003184
003184
003184
003185
003185
003185
003186
003186
003186
003187
003187
003187
003188
003188
003188
003189
003189
003189
003192
003192
003192
003194
003194
003194
003197
003197
003197
003198
003198
003198
003200
003200
003200
003201
003201
003201
003203
003203
003203
003204
003204
003204
003205
003205
003205
003206
003206
003206
003207
003207
003207
003208
003208
003208
003209
003209
003209
003210
003210
003210
003211
003211
003211
003212
003212
003212
003213
003213
003213
003214
003214
003214
003215
003215
003215
003217
003217
003217
003218
003218
003218
003219
003219
003219
003220
003220
003221
003221
003221
003222
003222
003222
003223
003223
003223
003225
003225
003225
003228
003228
003228
003230
003230
003230
003231
003231
003231
003232
003232
003232
003234
003234
003234
003236
003236
003236
003237
003237
003237
003238
003238
003238
003239
003239
003239
003240
003240
003240
003241
003241
003241
003242
003242
003242
003243
003243
003243
003244
003244
003244
003246
003246
003246
003247
003247
003247
003248
003248
003248
003249
003249
003249
003251
003251
003251
003252
003252
003252
003253
003253
003253
003254
003254
003254
003256
003256
003256
003257
003257
003257
003259
003259
003259
003260
003260
003260
003261
003261
003261
003262
003262
003262
003263
003263
003263
003264
003264
003264
003265
003265
003265
003266
003266
003266
003269
003269
003269
003270
003270
003270
003271
003271
003272
003272
003272
003273
003273
003273
003274
003274
003274
003275
003275
003275
003276
003276
003276
003277
003277
003277
003279
003279
003279
003280
003280
003280
003281
003281
003281
003283
003283
003283
003284
003284
003284
003286
003286
003286
003287
003287
003287
003288
003288
003288
003289
003289
003289
003290
003290
003290
003291
003291
003291
003292
003292
003292
003294
003294
003294
003295
003295
003295
003296
003296
003296
003297
003297
003297
003298
003298
003298
003299
003299
003299
003302
003302
003302
003303
003303
003303
003304
003304
003304
003305
003305
003305
003306
003306
003306
003307
003307
003307
003308
003308
003308
003309
003309
003309
003310
003310
003310
003311
003311
003311
003313
003313
003313
003314
003314
003316
003316
003316
003318
003318
003318
003319
003319
003319
003320
003320
003320
003322
003322
003322
003323
003323
003323
003324
003324
003324
003325
003325
003325
003326
003326
003326
003327
003327
003327
003328
003328
003328
003329
003329
003329
003332
003332
003332
003333
003333
003333
003335
003335
003335
003336
003336
003336
003340
003340
003340
003341
003341
003341
003342
003342
003342
003343
003343
003343
003344
003344
003344
003345
003345
003345
003346
003346
003346
003347
003347
003347
003351
003351
003351
003352
003352
003352
003353
003353
003353
003354
003354
003354
003355
003355
003355
003356
003356
003356
003357
003357
003357
003358
003358
003358
003359
003359
003359
003361
003361
003361
003362
003362
003362
003364
003364
003364
003366
003366
003366
003367
003367
003367
003368
003368
003368
003369
003369
003369
003370
003370
003370
003371
003371
003372
003372
003372
003374
003374
003374
003375
003375
003375
003376
003376
003376
003377
003377
003377
003378
003378
003378
003380
003380
003381
003381
003381
003382
003382
003382
003383
003383
003383
003384
003384
003384
003385
003385
003387
003387
003387
003388
003388
003388
003389
003389
003389
003390
003390
003390
003392
003392
003392
003394
003394
003394
003395
003395
003395
003396
003396
003396
003397
003397
003397
003398
003398
003398
003399
003399
003399
003400
003400
003400
003401
003401
003402
003402
003402
003403
003403
003403
003404
003404
003404
003405
003405
003406
003406
003406
003407
003407
003407
003408
003408
003408
003409
003409
003409
003412
003412
003412
003413
003413
003413
003414
003414
003414
003415
003415
003415
003416
003416
003416
003417
003417
003417
003418
003418
003418
003419
003419
003419
003420
003420
003420
003421
003421
003421
003422
003422
003422
003425
003425
003425
003426
003426
003426
003427
003427
003427
003428
003428
003428
003429
003429
003429
003431
003431
003431
003435
003435
003435
003436
003436
003436
003438
003438
003438
003442
003442
003442
003443
003443
003443
003444
003444
003444
003445
003445
003445
003446
003446
003446
003447
003447
003447
003448
003448
003448
003449
003449
003449
003451
003451
003451
003452
003452
003452
003453
003453
003453
003454
003454
003454
003455
003455
003455
003456
003457
003457
003457
003458
003458
003460
003460
003460
003461
003461
003461
003462
003462
003462
003465
003465
003465
003468
003468
003468
003469
003469
003469
003471
003471
003471
003473
003473
003473
003474
003474
003474
003475
003475
003475
003477
003477
003477
003478
003478
003478
003479
003479
003479
003482
003482
003482
003484
003484
003484
003485
003485
003485
003487
003487
003487
003489
003489
003489
003490
003490
003490
003492
003492
003492
003493
003493
003493
003496
003496
003496
003497
003497
003497
003499
003499
003499
003500
003500
003500
003501
003501
003501
003502
003502
003502
003503
003503
003503
003504
003504
003504
003505
003505
003505
003506
003506
003506
003507
003507
003507
003508
003508
003508
003509
003509
003509
003510
003510
003510
003513
003513
003513
003515
003515
003515
003516
003516
003516
003518
003518
003518
003519
003519
003519
003520
003520
003520
003521
003521
003521
003523
003523
003523
003524
003524
003524
003525
003525
003525
003526
003526
003526
003527
003527
003527
003529
003529
003529
003530
003530
003530
003532
003532
003532
003533
003533
003533
003534
003534
003534
003535
003535
003535
003536
003536
003536
003538
003538
003538
003542
003542
003542
003543
003543
003543
003544
003544
003544
003545
003545
003545
003546
003546
003546
003548
003548
003548
003549
003549
003549
003550
003550
003550
003551
003551
003551
003552
003552
003552
003553
003553
003553
003554
003554
003554
003555
003555
003555
003556
003556
003556
003557
003557
003557
003558
003558
003558
003559
003559
003559
003560
003560
003560
003561
003561
003561
003562
003562
003562
003563
003563
003563
003564
003564
003564
003565
003565
003565
003567
003567
003567
003568
003568
003568
003569
003569
003569
003571
003571
003571
003572
003572
003573
003573
003573
003574
003574
003574
003576
003576
003576
003577
003577
003577
003578
003578
003578
003579
003579
003579
003580
003580
003580
003581
003581
003581
003585
003585
003585
003586
003586
003586
003587
003587
003587
003588
003588
003588
003590
003590
003590
003594
003594
003594
003595
003595
003595
003597
003597
003597
003598
003598
003598
003599
003599
003599
003600
003600
003600
003601
003601
003601
003604
003604
003604
003605
003605
003605
003606
003606
003606
003607
003607
003607
003609
003609
003609
003611
003611
003611
003612
003612
003612
003614
003614
003614
003616
003616
003616
003617
003617
003617
003619
003619
003619
003620
003620
003620
003622
003622
003622
003623
003623
003623
003624
003624
003624
003626
003626
003626
003627
003627
003627
003628
003628
003628
003629
003629
003629
003630
003630
003630
003631
003631
003631
003632
003632
003632
003633
003633
003633
003634
003634
003634
003635
003635
003635
003636
003636
003636
003637
003637
003637
003639
003639
003639
003640
003640
003640
003641
003641
003641
003642
003642
003642
003643
003643
003643
003644
003644
003644
003646
003646
003646
003647
003647
003647
003648
003648
003648
003650
003650
003650
003651
003651
003651
003652
003652
003652
003654
003654
003654
003655
003655
003655
003656
003656
003656
003658
003658
003658
003659
003659
003659
003660
003660
003660
003661
003661
003661
003665
003665
003665
003666
003666
003666
003668
003668
003668
003670
003670
003670
003671
003671
003671
003672
003672
003672
003673
003673
003673
003674
003674
003674
003675
003675
003675
003676
003676
003676
003679
003679
003679
003680
003680
003680
003681
003681
003681
003682
003682
003682
003683
003683
003683
003684
003684
003684
003686
003686
003686
003687
003687
003687
003688
003688
003688
003690
003690
003690
003691
003691
003691
003693
003693
003693
003695
003695
003695
003697
003697
003697
003698
003698
003698
003699
003699
003699
003700
003700
003700
003701
003701
003701
003702
003702
003702
003704
003704
003704
003705
003705
003705
003707
003707
003707
003709
003709
003709
003711
003711
003711
003713
003713
003713
003714
003714
003714
003715
003715
003715
003716
003716
003716
003717
003717
003717
003718
003718
003718
003719
003719
003719
003720
003720
003720
003724
003724
003724
003725
003725
003725
003726
003726
003726
003727
003727
003727
003728
003728
003728
003731
003731
003731
003732
003732
003732
003733
003733
003733
003734
003734
003734
003735
003735
003735
003737
003737
003737
003738
003738
003738
003739
003739
003739
003742
003742
003742
003743
003743
003743
003745
003745
003745
003746
003746
003746
003747
003747
003747
003748
003748
003748
003749
003749
003749
003750
003750
003750
003753
003753
003753
003754
003754
003754
003757
003757
003757
003758
003758
003758
003760
003760
003760
003766
003766
003766
003767
003767
003767
003768
003768
003768
003769
003769
003769
003770
003770
003770
003772
003772
003772
003774
003774
003775
003775
003775
003777
003777
003777
003778
003778
003778
003781
003781
003781
003786
003786
003786
003787
003787
003787
003788
003788
003788
003789
003789
003789
003791
003791
003791
003792
003792
003792
003793
003793
003793
003794
003794
003794
003795
003795
003795
003796
003796
003796
003797
003797
003797
003798
003798
003798
003799
003799
003799
003801
003801
003801
003802
003802
003802
003803
003803
003803
003804
003804
003804
003805
003805
003805
003806
003806
003806
003808
003808
003808
003810
003810
003810
003811
003811
003811
003813
003813
003813
003815
003815
003815
003816
003816
003816
003819
003819
003819
003820
003820
003820
003821
003821
003821
003822
003822
003822
003824
003824
003825
003825
003825
003826
003826
003826
003827
003827
003827
003828
003828
003828
003829
003829
003829
003830
003830
003830
003832
003832
003832
003834
003834
003834
003835
003835
003835
003836
003836
003836
003837
003837
003837
003838
003838
003838
003840
003840
003840
003841
003841
003841
003842
003842
003842
003843
003843
003843
003844
003844
003844
003845
003845
003845
003846
003846
003846
003847
003847
003847
003848
003848
003848
003850
003850
003850
003851
003851
003851
003852
003852
003852
003853
003853
003853
003854
003854
003854
003855
003855
003855
003856
003856
003856
003860
003860
003860
003861
003861
003861
003862
003862
003862
003863
003863
003863
003864
003864
003864
003865
003865
003865
003866
003866
003866
003867
003867
003867
003870
003870
003870
003871
003871
003871
003872
003872
003872
003874
003874
003874
003875
003875
003875
003876
003876
003876
003878
003878
003878
003880
003880
003880
003882
003882
003882
003883
003883
003883
003885
003885
003885
003887
003887
003887
003888
003888
003888
003889
003889
003889
003890
003890
003890
003891
003891
003891
003893
003893
003893
003894
003894
003894
003895
003895
003895
003896
003896
003896
003899
003899
003899
003901
003901
003901
003903
003903
003903
003904
003904
003904
003905
003905
003905
003906
003906
003906
003907
003907
003907
003908
003908
003908
003909
003909
003909
003911
003911
003911
003912
003912
003912
003913
003913
003913
003914
003914
003914
003915
003915
003915
003917
003917
003917
003918
003918
003918
003919
003919
003919
003920
003920
003920
003921
003921
003921
003922
003922
003922
003923
003923
003923
003924
003924
003924
003925
003925
003925
003927
003927
003927
003929
003929
003929
003931
003931
003931
003932
003932
003932
003933
003933
003933
003935
003935
003935
003936
003936
003936
003938
003938
003938
003939
003939
003939
003940
003940
003940
003943
003943
003943
003944
003944
003944
003945
003945
003945
003947
003947
003947
003949
003949
003949
003950
003950
003950
003951
003951
003951
003952
003952
003952
003953
003953
003953
003955
003955
003955
003957
003957
003957
003959
003959
003959
003960
003960
003960
003961
003961
003961
003963
003963
003963
003965
003965
003965
003966
003966
003966
003968
003968
003968
003969
003969
003969
003970
003970
003970
003971
003971
003971
003972
003972
003972
003974
003974
003974
003975
003975
003975
003976
003976
003976
003977
003977
003977
003978
003978
003978
003980
003980
003980
003981
003981
003981
003982
003982
003982
003984
003984
003985
003985
003985
003986
003986
003986
003988
003988
003988
003989
003989
003989
003990
003990
003990
003993
003993
003993
003994
003994
003994
003995
003995
003995
003996
003996
003996
003998
003998
003998
003999
003999
003999
004000
004000
004000
004001
004001
004001
004002
004002
004002
004003
004003
004003
004004
004004
004004
004005
004005
004005
004006
004006
004006
004010
004010
004010
004011
004011
004011
004013
004013
004013
004014
004014
004014
004016
004016
004016
004017
004017
004017
004018
004018
004018
004019
004019
004019
004020
004020
004020
004021
004021
004021
004022
004022
004022
004023
004023
004024
004024
004024
004025
004025
004025
004026
004026
004026
004027
004027
004027
004028
004028
004028
004029
004029
004029
004030
004030
004030
004031
004031
004031
004032
004032
004032
004034
004034
004034
004035
004035
004035
004036
004036
004036
004038
004038
004038
004039
004039
004039
004041
004041
004041
004042
004042
004042
004044
004044
004044
004045
004045
004045
004046
004046
004046
004047
004047
004047
004049
004049
004049
004051
004051
004051
004053
004053
004053
004055
004055
004055
004056
004056
004056
004057
004057
004057
004058
004058
004058
004059
004059
004059
004060
004060
004060
004061
004061
004061
004062
004062
004062
004064
004064
004064
004065
004065
004066
004066
004066
004069
004069
004069
004070
004070
004070
004071
004071
004071
004072
004072
004072
004074
004074
004074
004076
004076
004076
004077
004077
004077
004079
004079
004079
004080
004080
004080
004081
004081
004081
004084
004084
004084
004086
004086
004086
004087
004087
004087
004088
004088
004088
004089
004089
004089
004091
004091
004091
004092
004092
004092
004093
004093
004093
004094
004094
004094
004096
004096
004096
004097
004097
004097
004099
004099
004100
004100
004100
004101
004101
004101
004103
004103
004103
004104
004104
004104
004105
004105
004105
004106
004106
004106
004107
004107
004107
004108
004108
004108
004109
004109
004109
004111
004111
004111
004112
004112
004112
004113
004113
004113
004114
004114
004114
004116
004116
004116
004118
004118
004118
004119
004119
004119
004121
004121
004121
004123
004123
004123
004125
004125
004125
004126
004126
004126
004128
004128
004128
004131
004131
004131
004132
004132
004132
004135
004135
004135
004136
004136
004136
004137
004137
004137
004138
004138
004138
004139
004139
004139
004140
004140
004140
004141
004141
004141
004142
004142
004142
004143
004143
004143
004144
004144
004144
004145
004145
004145
004147
004147
004147
004148
004148
004148
004150
004150
004150
004151
004151
004151
004155
004155
004155
004156
004156
004156
004159
004159
004159
004160
004160
004160
004162
004162
004162
004165
004165
004165
004168
004168
004169
004169
004169
004171
004171
004171
004172
004172
004172
004174
004174
004174
004175
004175
004175
004178
004178
004178
004179
004179
004179
004181
004181
004181
004182
004182
004182
004184
004184
004184
004185
004185
004185
004186
004186
004186
004187
004187
004187
004188
004188
004188
004190
004190
004190
004191
004191
004191
004193
004193
004193
004194
004194
004194
004195
004195
004195
004196
004196
004196
004197
004197
004197
004198
004198
004198
004199
004199
004199
004200
004200
004200
004201
004201
004201
004202
004202
004202
004203
004203
004203
004204
004204
004204
004205
004205
004205
004207
004207
004207
004208
004208
004209
004209
004209
004210
004210
004210
004211
004211
004211
004212
004212
004212
004213
004213
004213
004214
004214
004214
004215
004215
004215
004216
004216
004216
004217
004217
004217
004218
004218
004218
004219
004219
004219
004220
004220
004220
004221
004221
004221
004224
004224
004224
004225
004225
004225
004226
004226
004226
004227
004227
004227
004228
004228
004228
004229
004229
004229
004230
004230
004230
004231
004231
004231
004232
004232
004232
004233
004233
004233
004234
004234
004234
004236
004236
004236
004237
004237
004237
004238
004238
004238
004239
004239
004241
004241
004241
004242
004242
004242
004243
004243
004243
004244
004244
004244
004245
004245
004245
004246
004246
004246
004247
004247
004247
004248
004248
004248
004249
004249
004249
004251
004251
004252
004252
004252
004253
004253
004253
004254
004254
004254
004255
004255
004255
004257
004257
004257
004258
004258
004258
004259
004259
004259
004261
004261
004261
004262
004262
004263
004263
004263
004267
004267
004267
004269
004269
004269
004271
004271
004271
004272
004272
004272
004274
004274
004274
004277
004277
004277
004278
004278
004278
004279
004279
004279
004280
004280
004280
004282
004282
004282
004283
004283
004283
004285
004285
004285
004286
004286
004286
004288
004288
004289
004289
004289
004291
004291
004291
004295
004295
004295
004296
004296
004296
004298
004298
004298
004300
004300
004300
004301
004301
004301
004302
004302
004302
004305
004305
004305
004306
004306
004306
004309
004309
004309
004310
004310
004310
004312
004312
004312
004314
004314
004314
004315
004315
004316
004316
004316
004321
004321
004321
004323
004323
004323
004324
004324
004324
004325
004325
004326
004326
004326
004327
004327
004327
004328
004328
004328
004333
004333
004333
004334
004334
004334
004335
004335
004335
004337
004337
004337
004339
004339
004339
004340
004340
004340
004341
004341
004341
004342
004342
004342
004343
004343
004343
004347
004347
004347
004348
004348
004348
004349
004349
004349
004351
004351
004351
004352
004352
004352
004353
004353
004353
004355
004355
004355
004356
004356
004356
004357
004357
004357
004359
004359
004359
004360
004360
004360
004362
004362
004362
004365
004365
004365
004367
004367
004367
004369
004369
004369
004370
004370
004370
004372
004372
004372
004373
004373
004373
004374
004374
004374
004375
004375
004375
004376
004376
004376
004378
004378
004378
004379
004379
004379
004380
004380
004380
004381
004381
004381
004382
004382
004382
004383
004383
004383
004384
004384
004384
004385
004385
004385
004386
004386
004386
004389
004389
004389
004391
004391
004391
004392
004392
004392
004393
004393
004393
004395
004395
004395
004396
004396
004396
004397
004397
004397
004400
004400
004400
004401
004401
004401
004402
004402
004402
004403
004403
004403
004404
004404
004404
004405
004405
004405
004406
004406
004406
004407
004407
004407
004408
004408
004408
004409
004409
004409
004410
004410
004410
004413
004413
004413
004415
004415
004415
004416
004416
004416
004417
004417
004417
004418
004418
004418
004419
004419
004419
004421
004421
004421
004422
004422
004422
004423
004423
004423
004425
004425
004425
004426
004426
004426
004429
004429
004429
004430
004430
004430
004431
004431
004431
004433
004433
004433
004434
004434
004434
004435
004435
004435
004436
004436
004436
004440
004440
004440
004441
004441
004441
004442
004442
004442
004445
004445
004445
004448
004448
004448
004451
004451
004451
004452
004452
004452
004453
004453
004453
004454
004454
004454
004456
004456
004456
004457
004457
004457
004459
004459
004459
004460
004460
004460
004461
004461
004461
004463
004463
004463
004464
004464
004464
004466
004466
004466
004467
004467
004467
004468
004468
004468
004470
004470
004470
004471
004471
004471
004475
004475
004475
004476
004476
004476
004478
004478
004478
004479
004479
004479
004480
004480
004480
004481
004481
004481
004482
004482
004482
004483
004483
004483
004484
004484
004484
004485
004485
004485
004487
004487
004487
004491
004491
004491
004492
004492
004492
004493
004493
004493
004496
004496
004496
004497
004497
004497
004498
004498
004498
004500
004500
004500
004501
004501
004501
004502
004502
004502
004503
004503
004503
004505
004505
004505
004506
004506
004506
004507
004507
004507
004508
004508
004508
004509
004509
004509
004510
004510
004510
004511
004511
004511
004512
004512
004512
004514
004514
004514
004515
004515
004515
004516
004516
004516
004519
004519
004519
004520
004520
004520
004522
004522
004522
004523
004523
004523
004524
004524
004524
004525
004525
004525
004526
004526
004526
004527
004527
004527
004528
004528
004528
004529
004529
004529
004530
004530
004530
004531
004531
004531
004532
004532
004532
004533
004533
004533
004534
004534
004534
004535
004535
004535
004536
004536
004536
004537
004537
004537
004538
004538
004538
004539
004539
004539
004541
004541
004541
004542
004542
004542
004543
004543
004543
004546
004546
004546
004547
004547
004547
004548
004548
004548
004549
004549
004549
004550
004550
004550
004554
004554
004554
004558
004558
004558
004559
004559
004559
004563
004563
004563
004564
004564
004564
004565
004565
004565
004566
004566
004566
004567
004567
004567
004569
004569
004569
004571
004571
004571
004572
004572
004572
004575
004575
004575
004576
004576
004576
004577
004577
004577
004578
004578
004578
004579
004579
004579
004580
004580
004580
004583
004583
004583
004584
004584
004584
004585
004585
004585
004587
004587
004587
004588
004588
004588
004589
004589
004589
004591
004591
004591
004592
004592
004592
004593
004593
004593
004594
004594
004594
004595
004595
004595
004596
004596
004596
004597
004597
004597
004598
004598
004598
004599
004599
004599
004600
004600
004600
004603
004603
004603
004604
004604
004604
004606
004606
004606
004607
004607
004607
004608
004608
004608
004609
004609
004609
004610
004610
004610
004611
004611
004611
004612
004612
004612
004613
004613
004613
004614
004614
004614
004617
004617
004617
004618
004618
004618
004620
004620
004620
004622
004622
004622
004623
004623
004623
004624
004624
004624
004625
004625
004625
004626
004626
004626
004627
004627
004627
004628
004628
004628
004629
004629
004629
004630
004630
004630
004632
004632
004632
004634
004634
004634
004635
004635
004635
004636
004636
004636
004637
004637
004637
004638
004638
004638
004639
004639
004639
004640
004640
004640
004641
004641
004641
004642
004642
004642
004643
004643
004643
004644
004644
004644
004646
004646
004646
004647
004647
004647
004648
004648
004648
004649
004649
004649
004650
004650
004650
004651
004651
004651
004653
004653
004653
004655
004655
004655
004656
004656
004656
004658
004658
004658
004659
004659
004659
004660
004660
004660
004662
004662
004662
004663
004663
004663
004664
004664
004664
004665
004665
004665
004666
004666
004666
004667
004667
004667
004669
004669
004669
004670
004670
004670
004671
004671
004671
004673
004673
004673
004675
004675
004675
004676
004676
004676
004678
004678
004678
004683
004683
004683
004685
004685
004685
004686
004686
004686
004687
004687
004687
004689
004689
004689
004690
004690
004690
004692
004692
004692
004694
004694
004694
004696
004696
004696
004697
004697
004697
004699
004699
004699
004700
004700
004700
004701
004701
004701
004703
004703
004703
004704
004704
004704
004705
004705
004705
004706
004706
004706
004709
004709
004709
004710
004710
004710
004711
004711
004711
004712
004712
004712
004713
004713
004713
004714
004714
004714
004715
004715
004715
004716
004716
004716
004717
004717
004717
004718
004718
004718
004721
004721
004721
004722
004722
004722
004723
004723
004723
004725
004725
004725
004726
004726
004726
004728
004728
004728
004729
004729
004729
004730
004730
004730
004732
004732
004732
004735
004735
004735
004737
004737
004737
004738
004738
004739
004739
004739
004741
004741
004741
004743
004743
004743
004744
004744
004744
004746
004746
004746
004747
004747
004747
004748
004748
004748
004751
004751
004751
004752
004752
004752
004753
004753
004753
004755
004755
004755
004756
004756
004756
004757
004757
004757
004758
004758
004758
004760
004760
004760
004761
004761
004761
004762
004762
004762
004763
004763
004763
004764
004764
004764
004765
004765
004765
004766
004766
004766
004767
004767
004767
004768
004768
004768
004769
004769
004769
004770
004770
004770
004771
004771
004771
004772
004772
004772
004774
004774
004774
004775
004775
004775
004777
004777
004777
004780
004780
004780
004781
004781
004781
004782
004782
004782
004783
004783
004783
004785
004785
004785
004787
004787
004787
004788
004788
004788
004789
004789
004789
004791
004791
004791
004794
004794
004794
004795
004795
004795
004796
004796
004796
004797
004797
004797
004798
004798
004798
004799
004799
004799
004800
004800
004800
004802
004802
004802
004803
004803
004803
004804
004804
004804
004805
004805
004805
004806
004806
004806
004810
004810
004810
004812
004812
004812
004813
004813
004813
004814
004814
004814
004815
004815
004815
004816
004816
004816
004820
004820
004820
004821
004821
004821
004824
004824
004824
004825
004825
004825
004826
004826
004826
004827
004827
004827
004828
004828
004828
004829
004829
004829
004830
004830
004830
004831
004831
004831
004832
004832
004832
004833
004833
004833
004834
004834
004834
004835
004835
004835
004836
004836
004836
004837
004837
004838
004838
004838
004839
004839
004839
004840
004840
004840
004842
004842
004842
004843
004843
004843
004846
004846
004846
004847
004847
004847
004848
004848
004848
004849
004849
004849
004850
004850
004850
004855
004855
004855
004857
004857
004857
004859
004859
004859
004860
004860
004860
004862
004862
004862
004866
004866
004866
004868
004868
004868
004869
004869
004869
004871
004871
004871
004872
004872
004872
004874
004874
004874
004875
004875
004875
004876
004876
004876
004878
004878
004878
004879
004879
004879
004880
004880
004880
004883
004883
004883
004884
004884
004884
004885
004885
004885
004886
004886
004886
004888
004888
004888
004889
004889
004889
004890
004890
004890
004891
004891
004891
004892
004892
004892
004893
004893
004893
004894
004894
004894
004895
004895
004895
004896
004896
004896
004897
004897
004897
004898
004898
004898
004900
004900
004900
004901
004901
004901
004902
004902
004902
004903
004903
004903
004905
004905
004905
004907
004907
004907
004908
004908
004908
004909
004909
004909
004914
004914
004914
004915
004915
004915
004916
004916
004916
004917
004917
004917
004918
004918
004918
004919
004919
004919
004920
004920
004920
004921
004921
004921
004922
004922
004922
004923
004923
004923
004925
004925
004925
004926
004926
004926
004927
004927
004927
004928
004928
004928
004929
004929
004929
004932
004932
004932
004933
004933
004933
004935
004935
004935
004936
004936
004936
004937
004937
004937
004938
004938
004938
004939
004939
004939
004941
004941
004941
004942
004942
004942
004943
004943
004943
004944
004944
004944
004946
004946
004946
004948
004948
004948
004949
004949
004949
004950
004950
004950
004951
004951
004951
004953
004953
004953
004954
004954
004954
004955
004955
004955
004956
004956
004956
004958
004958
004958
004959
004959
004959
004961
004961
004961
004963
004963
004963
004967
004967
004967
004969
004969
004969
004970
004970
004970
004971
004971
004971
004976
004976
004976
004978
004978
004978
004979
004979
004979
004980
004980
004980
004981
004981
004981
004982
004982
004982
004984
004984
004984
004985
004985
004985
004987
004987
004987
004989
004989
004990
004990
004990
004992
004992
004992
004993
004993
004993
004994
004994
004994
004995
004995
004995
004998
004998
004998
004999
004999
004999
005000
005000
005000
005001
005001
005001
005002
005002
005002
005003
005003
005003
005004
005004
005004
005005
005005
005005
005006
005006
005006
005007
005007
005007
005010
005010
005010
005011
005011
005011
005013
005013
005013
005014
005014
005014
005015
005015
005015
005016
005016
005016
005017
005017
005017
005018
005018
005018
005019
005019
005019
005020
005020
005020
005022
005022
005022
005023
005023
005023
005025
005025
005025
005027
005027
005027
005028
005028
005028
005029
005029
005029
005030
005030
005030
005032
005032
005032
005034
005034
005034
005035
005035
005035
005036
005036
005036
005038
005038
005042
005042
005042
005043
005043
005043
005044
005044
005044
005047
005047
005047
005049
005049
005053
005053
005053
005055
005055
005055
005056
005056
005056
005057
005057
005057
005058
005058
005058
005059
005059
005059
005060
005060
005060
005062
005062
005062
005063
005063
005063
005065
005065
005065
005066
005066
005066
005067
005067
005067
005068
005068
005068
005071
005071
005071
005072
005072
005072
005073
005073
005073
005075
005075
005075
005076
005076
005076
005078
005078
005078
005079
005079
005079
005080
005080
005080
005081
005081
005081
005082
005082
005082
005083
005083
005083
005085
005085
005085
005086
005086
005086
005088
005088
005088
005089
005089
005089
005090
005090
005090
005091
005091
005091
005093
005093
005093
005094
005094
005094
005098
005098
005099
005099
005099
005100
005100
005100
005101
005101
005101
005102
005102
005102
005103
005103
005103
005104
005104
005104
005105
005105
005105
005107
005107
005107
005108
005108
005108
005110
005110
005110
005111
005111
005111
005112
005112
005112
005113
005113
005113
005114
005114
005114
005115
005115
005115
005116
005116
005116
005118
005118
005118
005122
005122
005122
005123
005123
005123
005124
005125
005125
005125
005126
005126
005126
005127
005127
005127
005128
005128
005128
005129
005129
005129
005130
005130
005130
005131
005131
005131
005132
005132
005132
005133
005133
005133
005134
005134
005134
005135
005135
005135
005136
005136
005136
005137
005137
005137
005138
005138
005138
005140
005140
005140
005143
005143
005143
005145
005145
005145
005146
005146
005146
005148
005148
005148
005149
005149
005149
005153
005153
005153
005154
005154
005154
005155
005155
005155
005157
005157
005157
005158
005158
005158
005159
005159
005159
005160
005160
005160
005161
005161
005161
005162
005162
005162
005164
005164
005164
005165
005165
005165
005167
005167
005167
005168
005168
005168
005170
005170
005170
005171
005171
005171
005172
005172
005172
005174
005174
005174
005177
005177
005177
005179
005179
005179
005182
005182
005182
005183
005183
005183
005185
005185
005185
005187
005187
005187
005190
005190
005190
005191
005191
005191
005192
005192
005192
005193
005193
005193
005194
005194
005194
005196
005196
005196
005198
005198
005198
005200
005200
005200
005201
005201
005201
005203
005203
005203
005204
005204
005204
005205
005205
005205
005206
005206
005206
005207
005207
005207
005208
005208
005208
005209
005209
005209
005210
005210
005210
005211
005211
005211
005215
005215
005215
005216
005216
005216
005219
005219
005219
005220
005220
005220
005222
005222
005222
005223
005223
005223
005224
005224
005224
005225
005225
005225
005227
005227
005227
005228
005228
005228
005231
005231
005231
005233
005233
005233
005234
005234
005234
005236
005236
005236
005237
005237
005237
005238
005238
005238
005239
005239
005239
005240
005240
005240
005241
005241
005241
005242
005242
005242
005243
005243
005243
005244
005244
005244
005245
005245
005245
005246
005246
005246
005247
005247
005247
005249
005249
005249
005251
005251
005251
005252
005252
005252
005253
005253
005253
005255
005255
005255
005257
005257
005257
005258
005258
005258
005259
005259
005259
005260
005260
005260
005261
005261
005261
005262
005262
005262
005263
005263
005263
005265
005265
005265
005268
005268
005268
005269
005269
005269
005270
005270
005270
005271
005271
005271
005272
005272
005272
005273
005273
005273
005276
005276
005276
005279
005279
005279
005280
005280
005280
005281
005281
005281
005282
005282
005282
005284
005284
005284
005285
005285
005285
005286
005286
005286
005287
005287
005287
005288
005288
005288
005290
005290
005290
005291
005291
005291
005292
005292
005292
005293
005293
005293
005294
005294
005294
005295
005295
005295
005297
005297
005297
005299
005299
005299
005301
005301
005301
005302
005302
005302
005303
005303
005303
005304
005304
005304
005305
005305
005305
005306
005306
005306
005307
005307
005307
005311
005311
005311
005313
005313
005313
005314
005314
005314
005315
005315
005315
005316
005316
005316
005318
005318
005318
005319
005319
005319
005320
005320
005320
005322
005322
005322
005323
005323
005323
005325
005325
005325
005326
005326
005326
005327
005327
005327
005329
005329
005329
005330
005330
005330
005331
005331
005331
005332
005332
005332
005333
005333
005333
005334
005334
005334
005335
005335
005335
005337
005337
005337
005338
005338
005338
005339
005339
005339
005340
005340
005340
005342
005342
005342
005343
005343
005343
005345
005345
005345
005346
005346
005346
005348
005348
005348
005349
005349
005349
005350
005350
005350
005353
005353
005353
005354
005354
005354
005355
005355
005355
005357
005357
005357
005360
005360
005360
005362
005362
005362
005363
005363
005363
005365
005365
005365
005366
005366
005366
005367
005367
005367
005368
005368
005368
005369
005369
005369
005370
005370
005370
005371
005371
005371
005372
005372
005372
005373
005373
005373
005374
005374
005374
005377
005377
005377
005378
005378
005378
005379
005379
005379
005380
005380
005380
005381
005381
005381
005382
005382
005382
005383
005383
005383
005385
005385
005385
005386
005386
005386
005387
005387
005387
005388
005388
005388
005389
005389
005389
005390
005390
005390
005391
005391
005391
005392
005392
005392
005394
005394
005394
005395
005395
005395
005398
005398
005398
005400
005400
005400
005401
005401
005401
005402
005402
005402
005403
005403
005403
005405
005405
005405
005406
005406
005406
005408
005408
005408
005409
005409
005409
005410
005410
005410
005411
005411
005411
005412
005412
005412
005414
005414
005414
005416
005416
005416
005417
005417
005417
005418
005418
005418
005420
005420
005420
005421
005421
005421
005422
005422
005422
005423
005423
005423
005424
005424
005424
005426
005426
005426
005427
005427
005427
005428
005428
005428
005429
005429
005429
005430
005430
005430
005431
005431
005431
005432
005432
005432
005434
005434
005434
005435
005435
005435
005436
005436
005436
005437
005437
005437
005438
005438
005438
005440
005440
005440
005442
005442
005442
005443
005443
005443
005444
005444
005444
005446
005446
005446
005447
005447
005447
005448
005448
005448
005449
005449
005449
005450
005450
005450
005451
005451
005451
005452
005452
005452
005453
005453
005453
005455
005455
005455
005456
005456
005456
005459
005459
005459
005460
005460
005460
005461
005461
005461
005463
005463
005463
005464
005464
005464
005466
005466
005466
005470
005470
005470
005473
005473
005473
005475
005475
005475
005476
005476
005476
005478
005478
005478
005479
005479
005479
005480
005480
005480
005482
005482
005482
005483
005483
005483
005484
005484
005484
005488
005488
005488
005489
005489
005489
005490
005490
005490
005491
005491
005491
005493
005493
005493
005494
005494
005494
005495
005495
005495
005496
005496
005496
005497
005497
005497
005499
005499
005499
005500
005500
005500
005501
005501
005501
005502
005502
005502
005503
005503
005503
005505
005505
005505
005507
005507
005507
005508
005508
005508
005510
005510
005510
005511
005511
005511
005512
005512
005512
005513
005513
005513
005514
005514
005514
005515
005515
005515
005516
005516
005516
005517
005517
005517
005518
005518
005518
005520
005520
005520
005521
005521
005521
005524
005524
005524
005525
005525
005525
005526
005526
005526
005527
005527
005527
005528
005528
005528
005530
005530
005530
005532
005532
005532
005533
005533
005533
005534
005534
005534
005535
005535
005535
005536
005536
005536
005539
005539
005539
005541
005541
005541
005542
005542
005542
005544
005544
005544
005545
005545
005545
005546
005546
005546
005547
005547
005547
005548
005548
005548
005551
005551
005551
005552
005552
005552
005553
005553
005553
005554
005554
005554
005556
005556
005556
005557
005557
005557
005558
005558
005558
005559
005559
005559
005560
005560
005560
005562
005562
005562
005563
005563
005563
005564
005564
005564
005565
005565
005565
005566
005566
005566
005567
005567
005567
005569
005569
005569
005570
005570
005570
005572
005572
005572
005575
005575
005575
005576
005576
005576
005580
005580
005580
005581
005581
005581
005582
005582
005582
005584
005584
005584
005585
005585
005585
005586
005586
005586
005587
005587
005587
005588
005588
005588
005590
005590
005590
005591
005591
005591
005592
005592
005592
005593
005593
005593
005594
005594
005594
005595
005595
005595
005598
005598
005598
005599
005599
005599
005600
005600
005600
005601
005601
005601
005602
005602
005602
005603
005603
005603
005604
005604
005604
005606
005606
005606
005608
005608
005608
005611
005611
005611
005613
005613
005613
005614
005614
005614
005615
005615
005615
005616
005616
005616
005618
005618
005618
005619
005619
005619
005620
005620
005620
005622
005622
005622
005623
005623
005623
005624
005624
005624
005626
005626
005626
005630
005630
005630
005631
005631
005631
005633
005633
005633
005635
005635
005635
005637
005637
005637
005640
005640
005640
005641
005641
005641
005642
005642
005642
005643
005643
005643
005644
005644
005644
005646
005646
005646
005649
005649
005649
005650
005650
005650
005651
005651
005651
005653
005653
005653
005655
005655
005655
005656
005656
005656
005657
005657
005657
005658
005658
005658
005660
005660
005660
005661
005661
005661
005662
005662
005662
005664
005664
005664
005665
005665
005665
005666
005666
005666
005667
005667
005667
005670
005670
005670
005673
005673
005673
005677
005677
005677
005678
005678
005678
005679
005679
005679
005680
005680
005680
005682
005682
005682
005683
005683
005683
005684
005684
005684
005685
005685
005685
005686
005686
005686
005687
005687
005687
005688
005688
005688
005689
005689
005689
005690
005690
005690
005691
005691
005691
005692
005692
005692
005693
005693
005693
005695
005695
005695
005696
005696
005696
005699
005699
005699
005700
005700
005700
005701
005701
005701
005703
005703
005703
005705
005705
005705
005706
005706
005706
005707
005707
005707
005708
005708
005708
005709
005709
005709
005710
005710
005710
005711
005711
005711
005713
005713
005713
005715
005715
005715
005716
005716
005716
005717
005717
005717
005718
005718
005718
005719
005719
005719
005720
005720
005720
005721
005721
005721
005723
005723
005723
005724
005724
005724
005727
005727
005727
005730
005730
005730
005731
005731
005731
005732
005732
005732
005733
005733
005733
005734
005734
005734
005735
005735
005735
005736
005736
005736
005737
005737
005737
005738
005738
005738
005739
005739
005739
005743
005743
005743
005745
005745
005745
005748
005748
005748
005750
005750
005750
005752
005752
005752
005753
005753
005753
005754
005754
005754
005755
005755
005755
005757
005757
005757
005758
005758
005758
005760
005760
005760
005762
005762
005762
005763
005763
005763
005764
005764
005764
005765
005765
005765
005766
005766
005766
005767
005767
005767
005768
005768
005768
005769
005769
005769
005773
005773
005773
005774
005774
005774
005775
005775
005775
005776
005776
005776
005777
005777
005777
005778
005778
005778
005779
005779
005779
005780
005780
005780
005781
005781
005781
005782
005782
005782
005783
005783
005783
005784
005784
005784
005785
005785
005785
005786
005786
005786
005788
005788
005788
005789
005789
005789
005791
005791
005791
005792
005792
005792
005794
005794
005794
005795
005795
005795
005796
005796
005796
005798
005798
005798
005800
005800
005800
005801
005801
005801
005804
005804
005804
005806
005806
005806
005807
005807
005807
005808
005808
005808
005810
005810
005810
005811
005811
005811
005812
005812
005812
005814
005814
005814
005815
005815
005815
005817
005817
005817
005819
005819
005819
005820
005820
005820
005822
005822
005822
005823
005823
005823
005824
005824
005824
005825
005825
005825
005827
005827
005827
005828
005828
005828
005829
005829
005829
005830
005830
005830
005832
005832
005832
005834
005834
005834
005835
005835
005835
005837
005837
005837
005838
005838
005838
005839
005839
005839
005840
005840
005840
005841
005841
005841
005842
005842
005842
005843
005843
005843
005844
005844
005844
005845
005845
005845
005847
005847
005847
005848
005848
005848
005849
005849
005849
005852
005852
005852
005853
005853
005853
005855
005855
005855
005856
005856
005856
005857
005857
005857
005858
005858
005858
005860
005860
005860
005861
005861
005861
005863
005863
005863
005865
005865
005865
005866
005866
005866
005867
005867
005867
005868
005868
005868
005870
005870
005870
005872
005872
005872
005875
005875
005875
005877
005877
005877
005878
005878
005878
005879
005879
005879
005880
005880
005880
005881
005881
005881
005882
005882
005882
005883
005883
005883
005884
005884
005884
005885
005885
005885
005886
005886
005886
005887
005887
005887
005888
005888
005888
005890
005890
005890
005892
005892
005892
005893
005893
005893
005894
005894
005894
005896
005896
005896
005897
005897
005897
005898
005898
005898
005899
005899
005899
005900
005900
005900
005902
005902
005902
005903
005903
005903
005905
005905
005905
005906
005906
005906
005907
005907
005907
005908
005908
005908
005909
005909
005909
005910
005910
005910
005911
005911
005911
005912
005912
005912
005913
005913
005913
005914
005914
005914
005915
005915
005915
005916
005916
005916
005917
005917
005917
005918
005918
005918
005919
005919
005919
005921
005921
005921
005923
005923
005923
005924
005924
005924
005925
005925
005925
005926
005926
005926
005927
005927
005927
005929
005929
005929
005930
005930
005930
005931
005931
005931
005934
005934
005934
005936
005936
005936
005938
005938
005938
005939
005939
005939
005940
005940
005940
005941
005941
005941
005943
005943
005943
005944
005944
005944
005945
005945
005945
005947
005947
005947
005948
005948
005948
005949
005949
005949
005950
005950
005950
005952
005952
005952
005953
005953
005953
005954
005954
005954
005956
005956
005956
005957
005957
005957
005958
005958
005958
005959
005959
005959
005962
005962
005962
005963
005963
005963
005964
005964
005964
005965
005965
005965
005966
005966
005966
005967
005967
005967
005970
005970
005970
005971
005971
005971
005972
005972
005972
005975
005975
005975
005976
005976
005976
005977
005977
005977
005979
005979
005979
005980
005980
005980
005982
005982
005982
005984
005984
005984
005985
005985
005985
005986
005986
005986
005988
005988
005988
005989
005989
005989
005990
005990
005990
005991
005991
005991
005992
005992
005992
005993
005993
005993
005994
005994
005994
005995
005995
005995
005996
005996
005996
005997
005997
005997
005998
005998
005998
006000
006000
006000
006001
006001
006001
006002
006002
006002
006003
006003
006003
006004
006004
006004
006008
006008
006008
006009
006009
006009
006010
006010
006010
006011
006011
006011
006013
006013
006013
006015
006015
006015
006018
006018
006018
006019
006019
006019
006020
006020
006020
006021
006021
006021
006023
006023
006023
006025
006025
006025
006026
006026
006026
006027
006027
006027
006028
006028
006028
006029
006029
006029
006030
006030
006030
006032
006032
006032
006035
006035
006035
006037
006037
006037
006038
006038
006038
006039
006039
006039
006040
006040
006040
006042
006042
006042
006043
006043
006043
006044
006044
006044
006046
006046
006046
006047
006047
006047
006048
006048
006048
006049
006049
006049
006050
006050
006050
006052
006052
006052
006054
006054
006054
006055
006055
006055
006056
006056
006056
006057
006057
006057
006059
006059
006059
006060
006060
006060
006062
006062
006062
006063
006063
006063
006066
006066
006066
006067
006067
006067
006069
006069
006069
006070
006070
006070
006071
006071
006071
006073
006073
006073
006074
006074
006074
006075
006075
006075
006076
006076
006076
006077
006077
006077
006078
006078
006078
006080
006080
006080
006081
006081
006081
006082
006082
006082
006083
006083
006083
006084
006084
006084
006085
006085
006085
006087
006087
006087
006088
006088
006088
006090
006090
006090
006092
006092
006092
006093
006093
006093
006094
006094
006094
006096
006096
006096
006097
006097
006097
006099
006099
006099
006100
006100
006100
006102
006102
006102
006103
006103
006103
006104
006104
006104
006105
006105
006105
006107
006107
006107
006108
006108
006108
006110
006110
006110
006111
006111
006111
006112
006112
006112
006113
006113
006113
006114
006114
006115
006115
006115
006119
006119
006119
006120
006120
006120
006122
006122
006122
006124
006124
006124
006125
006125
006125
006126
006126
006126
006127
006127
006127
006128
006128
006128
006129
006129
006129
006130
006130
006130
006131
006131
006131
006134
006134
006134
006135
006135
006135
006136
006136
006136
006138
006138
006138
006139
006139
006139
006140
006140
006140
006141
006141
006141
006143
006143
006143
006144
006144
006144
006146
006146
006146
006147
006147
006147
006148
006148
006148
006151
006151
006151
006153
006153
006153
006154
006154
006154
006155
006155
006155
006156
006156
006156
006157
006157
006157
006158
006158
006158
006159
006159
006159
006160
006160
006160
006161
006161
006161
006162
006162
006162
006164
006164
006164
006165
006165
006165
006166
006166
006166
006167
006167
006167
006168
006168
006168
006171
006171
006171
006173
006173
006173
006174
006174
006174
006175
006175
006175
006176
006176
006176
006178
006178
006178
006179
006179
006179
006180
006180
006180
006182
006182
006182
006183
006183
006183
006184
006184
006184
006187
006187
006187
006188
006188
006188
006189
006189
006189
006190
006190
006190
006191
006191
006191
006193
006193
006193
006194
006194
006194
006196
006196
006196
006197
006197
006197
006198
006198
006198
006200
006200
006200
006201
006201
006201
006202
006202
006202
006206
006206
006206
006207
006207
006207
006208
006208
006208
006209
006209
006209
006211
006211
006211
006216
006216
006216
006217
006217
006217
006218
006218
006218
006219
006219
006219
006220
006220
006220
006223
006223
006223
006224
006224
006224
006227
006227
006227
006228
006228
006228
006229
006229
006229
006231
006231
006231
006232
006232
006232
006234
006234
006234
006237
006237
006237
006238
006238
006238
006239
006239
006239
006240
006240
006240
006242
006242
006242
006243
006243
006243
006244
006244
006244
006247
006247
006247
006248
006248
006248
006250
006250
006250
006252
006252
006252
006253
006253
006253
006254
006254
006254
006255
006255
006255
006256
006256
006256
006259
006259
006259
006261
006261
006261
006262
006262
006262
006264
006264
006264
006265
006265
006265
006266
006266
006266
006268
006268
006268
006269
006269
006269
006270
006270
006270
006271
006271
006271
006273
006273
006273
006274
006274
006274
006275
006275
006275
006277
006277
006277
006280
006280
006280
006282
006282
006282
006283
006283
006283
006284
006284
006284
006285
006285
006285
006287
006287
006287
006289
006289
006289
006291
006291
006291
006292
006292
006292
006293
006293
006293
006296
006296
006296
006298
006298
006298
006300
006300
006300
006301
006301
006301
006302
006302
006302
006303
006303
006303
006305
006305
006305
006307
006307
006307
006308
006308
006308
006309
006309
006309
006310
006310
006310
006311
006311
006311
006315
006315
006315
006317
006317
006317
006318
006318
006318
006319
006319
006319
006320
006320
006320
006321
006321
006321
006322
006322
006322
006323
006323
006323
006324
006324
006324
006325
006325
006325
006326
006326
006326
006327
006327
006327
006328
006328
006328
006333
006333
006333
006334
006334
006334
006335
006335
006335
006336
006336
006336
006338
006338
006338
006339
006339
006339
006340
006340
006340
006341
006341
006341
006342
006342
006342
006344
006344
006344
006345
006345
006345
006346
006346
006346
006347
006347
006347
006348
006348
006348
006349
006349
006349
006350
006350
006350
006352
006352
006352
006354
006354
006354
006355
006355
006355
006356
006356
006356
006358
006358
006358
006359
006359
006359
006360
006360
006360
006361
006361
006361
006362
006362
006362
006363
006363
006363
006364
006364
006364
006365
006365
006365
006366
006366
006366
006367
006367
006367
006368
006368
006368
006369
006369
006369
006370
006370
006373
006373
006373
006374
006374
006374
006375
006375
006375
006376
006376
006376
006377
006377
006377
006379
006379
006379
006380
006380
006380
006381
006381
006381
006382
006382
006382
006384
006384
006384
006386
006386
006386
006387
006387
006387
006388
006388
006388
006391
006391
006391
006392
006392
006392
006395
006395
006395
006396
006396
006396
006397
006397
006397
006398
006398
006398
006399
006399
006399
006400
006400
006400
006402
006402
006402
006403
006403
006403
006404
006404
006404
006405
006405
006405
006406
006406
006406
006407
006407
006407
006408
006408
006408
006409
006409
006409
006410
006410
006410
006412
006412
006412
006413
006413
006413
006414
006414
006414
006415
006415
006415
006416
006416
006416
006417
006417
006417
006418
006418
006418
006419
006419
006419
006421
006421
006421
006422
006422
006422
006423
006423
006423
006424
006424
006424
006425
006425
006425
006427
006427
006427
006428
006428
006428
006429
006429
006429
006430
006430
006430
006431
006431
006431
006434
006434
006434
006436
006436
006436
006437
006437
006437
006438
006438
006438
006439
006439
006439
006440
006440
006440
006441
006441
006441
006443
006443
006443
006444
006444
006444
006445
006445
006445
006447
006447
006447
006448
006448
006448
006449
006449
006449
006450
006450
006450
006451
006451
006451
006452
006452
006452
006453
006453
006453
006455
006455
006455
006456
006456
006456
006458
006458
006458
006460
006460
006460
006461
006461
006461
006462
006462
006462
006464
006464
006464
006465
006465
006465
006466
006466
006466
006468
006468
006468
006469
006469
006469
006470
006470
006470
006471
006471
006471
006472
006472
006472
006474
006474
006474
006475
006475
006475
006476
006476
006476
006478
006478
006478
006479
006479
006479
006480
006480
006480
006482
006482
006482
006483
006483
006483
006484
006484
006484
006485
006485
006485
006486
006486
006486
006487
006487
006487
006488
006488
006488
006489
006489
006489
006490
006490
006490
006491
006491
006491
006492
006492
006492
006496
006496
006496
006497
006497
006497
006498
006498
006498
006499
006499
006499
006500
006500
006500
006502
006502
006502
006503
006503
006503
006505
006505
006505
006506
006506
006506
006507
006507
006507
006508
006508
006508
006509
006509
006509
006510
006510
006510
006511
006511
006511
006513
006513
006513
006515
006515
006515
006517
006517
006517
006519
006519
006519
006520
006520
006520
006522
006522
006522
006524
006524
006524
006527
006527
006527
006528
006528
006528
006529
006529
006529
006530
006530
006530
006532
006532
006532
006534
006534
006534
006535
006535
006535
006536
006536
006536
006537
006537
006537
006539
006539
006539
006541
006541
006541
006543
006543
006543
006545
006545
006545
006547
006547
006547
006548
006548
006548
006550
006550
006550
006551
006551
006551
006552
006552
006552
006553
006553
006553
006554
006554
006554
006555
006555
006555
006557
006557
006557
006558
006558
006558
006559
006559
006559
006560
006560
006560
006562
006562
006562
006563
006563
006563
006564
006564
006564
006565
006565
006565
006569
006569
006569
006571
006571
006571
006572
006572
006572
006578
006578
006578
006579
006579
006579
006581
006581
006581
006582
006582
006582
006583
006583
006583
006584
006584
006584
006585
006585
006585
006586
006586
006586
006587
006587
006587
006590
006590
006590
006591
006591
006591
006592
006592
006592
006593
006593
006593
006594
006594
006594
006596
006596
006596
006597
006597
006597
006598
006598
006598
006599
006599
006599
006600
006600
006600
006601
006601
006601
006602
006602
006602
006603
006603
006603
006604
006604
006604
006605
006605
006605
006606
006606
006606
006607
006607
006607
006608
006608
006608
006609
006609
006609
006611
006611
006611
006612
006612
006612
006613
006613
006613
006614
006614
006614
006615
006615
006615
006616
006616
006616
006617
006617
006617
006618
006618
006618
006619
006619
006619
006621
006621
006621
006622
006622
006622
006623
006623
006623
006624
006624
006624
006625
006625
006625
006628
006628
006628
006629
006629
006629
006632
006632
006632
006633
006633
006633
006635
006635
006635
006636
006636
006636
006638
006638
006638
006639
006639
006639
006641
006641
006641
006642
006642
006642
006643
006643
006643
006645
006645
006645
006646
006646
006646
006647
006647
006647
006649
006649
006649
006650
006650
006650
006651
006651
006651
006653
006653
006653
006654
006654
006654
006655
006655
006655
006656
006656
006656
006657
006657
006657
006659
006659
006659
006660
006660
006660
006661
006661
006661
006663
006663
006663
006664
006664
006664
006665
006665
006665
006666
006666
006666
006667
006667
006667
006668
006668
006668
006669
006669
006669
006670
006670
006670
006671
006671
006671
006672
006672
006672
006673
006673
006673
006675
006675
006675
006676
006676
006676
006677
006677
006677
006678
006678
006678
006679
006679
006679
006680
006680
006680
006681
006681
006681
006682
006682
006682
006683
006683
006683
006684
006684
006684
006685
006685
006685
006688
006688
006688
006689
006689
006689
006691
006691
006691
006695
006695
006695
006696
006696
006696
006697
006697
006697
006698
006698
006698
006700
006700
006700
006702
006702
006702
006704
006704
006704
006706
006706
006706
006707
006707
006707
006710
006710
006710
006711
006711
006711
006713
006713
006713
006714
006714
006714
006715
006715
006715
006716
006716
006716
006717
006717
006717
006719
006719
006719
006720
006720
006720
006721
006721
006721
006722
006722
006722
006725
006725
006725
006727
006727
006727
006729
006729
006729
006730
006730
006730
006731
006731
006731
006732
006732
006732
006734
006734
006734
006736
006736
006736
006737
006737
006737
006738
006738
006738
006740
006740
006740
006742
006742
006742
006743
006743
006743
006744
006744
006744
006746
006746
006746
006748
006748
006748
006749
006749
006749
006750
006750
006750
006751
006751
006751
006752
006752
006752
006753
006753
006753
006754
006754
006754
006757
006757
006757
006761
006761
006761
006763
006763
006763
006764
006764
006764
006767
006767
006767
006768
006768
006768
006769
006769
006769
006770
006770
006770
006771
006771
006771
006773
006773
006773
006775
006775
006775
006778
006778
006778
006779
006779
006779
006780
006780
006780
006782
006782
006782
006783
006783
006783
006785
006785
006785
006786
006786
006786
006787
006787
006787
006788
006788
006788
006789
006789
006789
006790
006790
006790
006791
006791
006791
006792
006792
006792
006793
006793
006793
006794
006794
006794
006795
006795
006795
006796
006796
006796
006798
006798
006798
006799
006799
006799
006800
006800
006800
006801
006801
006801
006802
006802
006802
006803
006803
006803
006804
006804
006804
006805
006805
006805
006808
006808
006808
006809
006809
006809
006810
006810
006810
006812
006812
006812
006813
006813
006815
006815
006815
006816
006816
006816
006817
006817
006817
006820
006820
006820
006821
006821
006821
006822
006822
006822
006823
006823
006823
006824
006824
006824
006825
006825
006825
006826
006826
006826
006827
006827
006827
006829
006829
006829
006830
006830
006830
006831
006831
006831
006832
006832
006832
006833
006833
006833
006835
006835
006835
006837
006837
006837
006838
006838
006838
006841
006841
006841
006842
006842
006842
006843
006843
006843
006845
006845
006845
006847
006847
006847
006849
006849
006849
006850
006850
006850
006851
006851
006851
006854
006854
006854
006855
006855
006855
006856
006856
006856
006857
006857
006857
006858
006858
006858
006859
006859
006859
006861
006861
006861
006862
006862
006862
006863
006863
006863
006864
006864
006864
006865
006865
006865
006867
006867
006867
006868
006868
006868
006869
006869
006869
006870
006870
006870
006873
006873
006873
006874
006874
006874
006875
006875
006875
006879
006879
006879
006880
006880
006880
006881
006881
006881
006882
006882
006882
006884
006884
006884
006885
006885
006885
006886
006886
006886
006889
006889
006889
006890
006890
006890
006891
006891
006891
006892
006892
006892
006893
006893
006893
006894
006894
006894
006895
006895
006895
006896
006896
006896
006897
006897
006897
006898
006898
006898
006899
006899
006899
006900
006900
006900
006901
006901
006901
006902
006902
006902
006903
006903
006903
006904
006904
006904
006905
006905
006905
006906
006906
006906
006907
006907
006907
006908
006908
006908
006909
006909
006909
006910
006910
006910
006911
006911
006911
006913
006913
006913
006914
006914
006914
006915
006915
006915
006916
006916
006916
006917
006917
006917
006918
006918
006918
006919
006919
006919
006920
006920
006920
006921
006921
006921
006922
006922
006922
006923
006923
006923
006924
006924
006924
006925
006925
006925
006926
006926
006926
006927
006927
006927
006928
006928
006928
006929
006929
006929
006930
006930
006930
006931
006931
006931
006932
006932
006932
006933
006933
006933
006934
006934
006934
006935
006935
006935
006936
006936
006936
006939
006939
006939
006940
006940
006940
006941
006941
006941
006942
006942
006942
006943
006943
006943
006945
006945
006945
006946
006946
006946
006947
006947
006947
006948
006948
006948
006951
006951
006951
006952
006952
006952
006954
006954
006954
006955
006955
006955
006956
006956
006956
006957
006957
006957
006958
006958
006958
006959
006959
006959
006960
006960
006960
006962
006962
006962
006963
006963
006963
006964
006964
006964
006965
006965
006965
006966
006966
006966
006968
006968
006968
006969
006969
006969
006970
006970
006970
006971
006971
006971
006973
006973
006973
006976
006976
006976
006977
006977
006977
006978
006978
006978
006981
006981
006981
006983
006983
006983
006984
006984
006984
006985
006985
006985
006989
006989
006989
006991
006991
006991
006993
006993
006993
006994
006994
006994
006995
006995
006995
006996
006996
006996
006997
006997
006997
006998
006998
006998
006999
006999
006999
007002
007002
007002
007003
007003
007003
007004
007004
007004
007005
007005
007005
007006
007006
007006
007008
007008
007008
007009
007009
007009
007010
007010
007010
007011
007011
007012
007012
007012
007013
007013
007013
007015
007015
007015
007016
007016
007016
007018
007018
007018
007019
007019
007019
007021
007021
007021
007022
007022
007022
007023
007023
007023
007024
007024
007024
007026
007026
007026
007028
007028
007028
007029
007029
007029
007030
007030
007030
007031
007031
007031
007032
007032
007032
007033
007033
007033
007035
007035
007035
007036
007036
007036
007038
007038
007038
007039
007039
007039
007040
007040
007040
007042
007042
007042
007043
007043
007043
007045
007045
007045
007046
007046
007046
007047
007047
007047
007048
007048
007048
007051
007051
007051
007052
007052
007052
007053
007053
007053
007054
007054
007054
007056
007056
007056
007057
007057
007057
007059
007059
007059
007060
007060
007060
007061
007061
007061
007064
007064
007064
007065
007065
007065
007066
007066
007066
007067
007067
007067
007068
007068
007068
007069
007069
007069
007070
007070
007070
007071
007071
007071
007072
007072
007072
007073
007073
007073
007074
007074
007074
007076
007076
007076
007077
007077
007077
007078
007078
007078
007079
007079
007079
007080
007080
007080
007081
007081
007081
007082
007082
007082
007084
007084
007084
007086
007086
007086
007087
007087
007087
007088
007088
007088
007090
007090
007090
007091
007091
007091
007092
007092
007092
007094
007094
007094
007096
007096
007096
007098
007098
007098
007099
007099
007099
007100
007100
007100
007103
007103
007103
007104
007104
007104
007105
007105
007105
007106
007106
007106
007108
007108
007108
007109
007109
007109
007110
007110
007110
007111
007111
007111
007112
007112
007112
007113
007113
007113
007115
007115
007115
007116
007116
007116
007117
007117
007118
007118
007118
007119
007119
007119
007122
007122
007122
007123
007123
007123
007127
007127
007127
007128
007128
007128
007129
007129
007129
007130
007130
007130
007132
007132
007132
007133
007133
007133
007135
007135
007135
007137
007137
007137
007138
007138
007138
007139
007139
007139
007140
007140
007140
007141
007141
007141
007142
007142
007142
007143
007143
007143
007144
007144
007144
007145
007145
007145
007146
007146
007146
007147
007147
007147
007148
007148
007148
007150
007150
007150
007151
007151
007151
007152
007152
007152
007153
007153
007153
007154
007154
007154
007155
007155
007155
007156
007156
007156
007158
007158
007158
007159
007159
007159
007160
007160
007160
007161
007161
007161
007162
007162
007162
007163
007163
007163
007164
007164
007164
007166
007166
007166
007167
007167
007167
007168
007168
007168
007170
007170
007170
007172
007172
007172
007173
007173
007173
007174
007174
007174
007175
007175
007175
007177
007177
007177
007179
007179
007179
007180
007180
007180
007181
007181
007181
007182
007182
007182
007183
007183
007183
007184
007184
007184
007185
007185
007185
007186
007186
007186
007188
007188
007188
007190
007190
007190
007192
007192
007192
007194
007194
007194
007195
007195
007195
007196
007196
007196
007197
007197
007197
007198
007198
007198
007200
007200
007200
007201
007201
007202
007202
007202
007203
007203
007203
007204
007204
007204
007205
007205
007205
007206
007206
007206
007207
007207
007207
007208
007208
007208
007210
007210
007210
007211
007211
007211
007212
007212
007212
007213
007213
007213
007214
007214
007214
007215
007215
007215
007217
007217
007217
007218
007218
007218
007219
007219
007219
007220
007220
007220
007221
007221
007221
007223
007223
007223
007224
007224
007224
007225
007225
007226
007226
007226
007227
007227
007227
007228
007228
007228
007229
007229
007229
007230
007230
007230
007231
007231
007231
007233
007233
007233
007234
007234
007234
007235
007235
007235
007236
007236
007236
007237
007237
007237
007238
007238
007238
007239
007239
007239
007241
007241
007241
007242
007242
007242
007243
007243
007243
007244
007244
007244
007247
007247
007247
007248
007248
007248
007249
007249
007249
007250
007250
007250
007252
007252
007252
007253
007253
007253
007254
007254
007254
007256
007256
007256
007257
007257
007257
007258
007258
007258
007259
007259
007259
007260
007260
007260
007261
007261
007261
007262
007262
007262
007265
007265
007265
007266
007266
007266
007267
007267
007267
007268
007268
007268
007269
007269
007269
007270
007270
007270
007271
007271
007271
007272
007272
007272
007273
007273
007273
007274
007274
007274
007275
007275
007275
007278
007278
007278
007279
007279
007279
007282
007282
007282
007284
007284
007284
007285
007285
007285
007287
007287
007287
007288
007288
007288
007289
007289
007289
007292
007292
007292
007293
007293
007293
007294
007294
007294
007295
007295
007295
007296
007296
007296
007299
007299
007299
007300
007300
007300
007302
007302
007302
007303
007303
007303
007304
007304
007304
007305
007305
007305
007306
007306
007306
007307
007307
007307
007308
007308
007308
007309
007309
007309
007310
007310
007310
007312
007312
007312
007313
007313
007313
007315
007315
007315
007316
007316
007316
007319
007319
007319
007321
007321
007321
007323
007323
007323
007326
007326
007326
007327
007327
007327
007328
007328
007328
007329
007329
007329
007330
007330
007330
007331
007331
007331
007332
007332
007332
007333
007333
007333
007334
007334
007334
007335
007335
007335
007336
007336
007336
007337
007337
007337
007338
007338
007338
007340
007340
007340
007341
007341
007341
007342
007342
007342
007343
007343
007343
007344
007344
007344
007345
007345
007345
007346
007346
007346
007347
007347
007347
007349
007349
007349
007350
007350
007350
007351
007351
007351
007356
007356
007356
007357
007357
007357
007358
007358
007358
007360
007360
007360
007361
007361
007361
007364
007364
007364
007366
007366
007366
007367
007367
007367
007368
007368
007368
007370
007370
007370
007371
007371
007371
007372
007372
007372
007373
007373
007373
007374
007374
007374
007375
007375
007375
007377
007377
007377
007378
007378
007378
007379
007379
007379
007380
007380
007380
007381
007381
007381
007382
007382
007382
007383
007383
007383
007385
007385
007385
007386
007386
007386
007387
007387
007387
007388
007388
007388
007389
007389
007389
007390
007390
007390
007391
007391
007391
007392
007392
007392
007393
007393
007393
007394
007394
007394
007395
007395
007395
007396
007396
007396
007397
007397
007397
007398
007398
007398
007400
007400
007400
007401
007401
007401
007402
007402
007402
007403
007403
007403
007404
007404
007404
007406
007406
007406
007407
007407
007407
007408
007408
007408
007410
007410
007410
007412
007412
007412
007413
007413
007413
007414
007414
007414
007415
007415
007415
007416
007416
007416
007417
007417
007417
007420
007420
007420
007422
007422
007422
007424
007424
007424
007425
007425
007425
007426
007426
007426
007427
007427
007427
007430
007430
007430
007431
007431
007431
007433
007433
007433
007434
007434
007434
007435
007435
007435
007437
007437
007437
007441
007441
007441
007442
007442
007442
007443
007443
007443
007446
007446
007446
007447
007447
007447
007448
007448
007448
007449
007449
007449
007453
007453
007453
007455
007455
007455
007457
007457
007457
007460
007460
007460
007461
007461
007461
007462
007462
007462
007463
007463
007463
007464
007464
007464
007465
007465
007465
007466
007466
007466
007467
007467
007467
007468
007468
007468
007469
007469
007469
007470
007470
007470
007471
007471
007471
007474
007474
007474
007476
007476
007476
007477
007477
007477
007478
007478
007478
007479
007479
007479
007482
007482
007482
007483
007483
007483
007484
007484
007484
007485
007485
007485
007486
007486
007486
007487
007487
007487
007488
007488
007488
007489
007489
007489
007490
007490
007490
007491
007491
007491
007493
007493
007493
007494
007494
007494
007495
007495
007495
007497
007497
007497
007498
007498
007498
007499
007499
007499
007500
007500
007500
007501
007501
007501
007502
007502
007502
007504
007504
007504
007505
007505
007505
007506
007506
007506
007507
007507
007507
007508
007508
007508
007509
007509
007509
007510
007510
007510
007512
007512
007512
007515
007515
007515
007517
007517
007517
007518
007518
007518
007519
007519
007519
007520
007520
007520
007521
007521
007521
007524
007524
007524
007525
007525
007525
007526
007526
007526
007527
007527
007527
007529
007529
007529
007530
007530
007530
007531
007531
007531
007532
007532
007532
007533
007533
007533
007534
007534
007534
007537
007537
007537
007538
007538
007538
007539
007539
007539
007541
007541
007541
007542
007542
007542
007545
007545
007545
007546
007546
007546
007547
007547
007547
007548
007548
007548
007552
007552
007552
007553
007553
007553
007555
007555
007555
007557
007557
007557
007560
007560
007560
007562
007562
007562
007563
007563
007563
007564
007564
007564
007565
007565
007565
007569
007569
007569
007570
007570
007570
007571
007571
007571
007574
007574
007574
007575
007575
007575
007576
007576
007576
007578
007578
007578
007579
007579
007579
007580
007580
007580
007582
007582
007582
007583
007583
007583
007584
007584
007584
007586
007586
007586
007588
007588
007588
007590
007590
007590
007591
007591
007591
007592
007592
007592
007594
007594
007594
007595
007595
007595
007596
007596
007596
007600
007600
007600
007601
007601
007601
007602
007602
007602
007603
007603
007603
007604
007604
007604
007605
007605
007605
007606
007606
007606
007608
007608
007608
007609
007609
007609
007611
007611
007611
007613
007613
007613
007614
007614
007614
007615
007615
007615
007616
007616
007616
007618
007618
007618
007619
007619
007619
007620
007620
007620
007621
007621
007621
007622
007622
007622
007623
007623
007623
007631
007631
007631
007632
007632
007632
007633
007633
007633
007634
007634
007634
007636
007636
007636
007637
007637
007637
007638
007638
007638
007639
007639
007639
007640
007640
007640
007642
007642
007642
007643
007643
007643
007646
007646
007646
007647
007647
007647
007648
007648
007648
007649
007649
007649
007650
007650
007650
007651
007651
007651
007652
007652
007652
007653
007653
007653
007656
007656
007656
007657
007657
007657
007658
007658
007658
007662
007662
007662
007663
007663
007663
007664
007664
007664
007665
007665
007665
007668
007668
007668
007669
007669
007669
007670
007670
007670
007671
007671
007671
007672
007672
007672
007673
007673
007673
007674
007674
007674
007677
007677
007677
007680
007680
007680
007681
007681
007681
007682
007682
007682
007683
007683
007683
007684
007684
007684
007685
007685
007685
007686
007686
007686
007687
007687
007687
007688
007688
007688
007690
007690
007690
007694
007694
007694
007696
007696
007696
007697
007697
007697
007698
007698
007698
007699
007699
007699
007700
007700
007700
007701
007701
007701
007702
007702
007702
007703
007703
007703
007704
007704
007704
007705
007705
007705
007710
007710
007710
007711
007711
007711
007712
007712
007712
007713
007713
007713
007714
007714
007714
007716
007716
007716
007717
007717
007717
007718
007718
007718
007719
007719
007719
007720
007720
007720
007721
007721
007721
007722
007722
007722
007723
007723
007723
007724
007724
007724
007725
007725
007725
007726
007726
007726
007727
007727
007727
007728
007728
007728
007729
007729
007729
007731
007731
007731
007733
007733
007733
007734
007734
007734
007735
007735
007735
007736
007736
007736
007737
007737
007737
007738
007738
007738
007739
007739
007739
007740
007740
007741
007741
007741
007743
007743
007743
007744
007744
007744
007746
007746
007746
007748
007748
007748
007749
007749
007749
007752
007752
007752
007753
007753
007753
007754
007754
007754
007755
007755
007755
007757
007757
007757
007760
007760
007760
007762
007762
007762
007763
007763
007763
007764
007764
007764
007765
007765
007765
007766
007766
007766
007768
007768
007768
007769
007769
007769
007771
007771
007771
007773
007773
007773
007775
007775
007775
007778
007778
007778
007780
007780
007780
007782
007782
007782
007783
007783
007783
007784
007784
007784
007785
007785
007785
007786
007786
007786
007787
007787
007787
007788
007788
007788
007789
007789
007789
007790
007790
007790
007792
007792
007792
007793
007793
007793
007794
007794
007794
007795
007795
007795
007796
007796
007796
007797
007797
007797
007798
007798
007798
007800
007800
007800
007801
007801
007801
007802
007802
007802
007803
007803
007803
007804
007804
007804
007805
007805
007805
007807
007807
007807
007809
007809
007809
007810
007810
007810
007813
007813
007813
007814
007814
007814
007815
007815
007815
007816
007816
007816
007817
007817
007817
007819
007819
007819
007823
007823
007823
007825
007825
007825
007826
007826
007826
007827
007827
007827
007829
007829
007829
007830
007830
007830
007831
007831
007831
007832
007832
007832
007833
007833
007833
007834
007834
007834
007835
007835
007835
007836
007836
007836
007837
007837
007837
007838
007838
007838
007839
007839
007839
007840
007840
007840
007841
007841
007841
007842
007842
007842
007843
007843
007843
007844
007844
007844
007845
007845
007845
007846
007846
007846
007848
007848
007848
007851
007851
007851
007852
007852
007852
007853
007853
007853
007854
007854
007854
007855
007855
007855
007856
007856
007856
007857
007857
007857
007858
007858
007858
007859
007859
007859
007860
007860
007860
007861
007861
007861
007863
007863
007863
007866
007866
007866
007868
007868
007868
007869
007869
007869
007870
007870
007870
007871
007871
007871
007873
007873
007873
007874
007874
007874
007875
007875
007875
007876
007876
007876
007877
007877
007877
007879
007879
007879
007880
007880
007880
007881
007881
007881
007882
007882
007882
007883
007883
007883
007885
007885
007885
007891
007891
007891
007892
007892
007892
007894
007894
007894
007895
007895
007895
007897
007897
007897
007899
007899
007899
007900
007900
007900
007901
007901
007901
007902
007902
007902
007903
007903
007903
007904
007904
007904
007905
007905
007905
007907
007907
007907
007908
007908
007908
007909
007909
007909
007910
007910
007910
007911
007911
007911
007913
007913
007913
007914
007914
007914
007915
007915
007915
007916
007916
007916
007917
007917
007917
007919
007919
007919
007920
007920
007920
007921
007921
007921
007922
007922
007922
007923
007923
007923
007925
007925
007925
007926
007926
007926
007928
007928
007928
007929
007929
007929
007930
007930
007930
007931
007931
007931
007934
007934
007934
007935
007935
007935
007936
007936
007936
007937
007937
007937
007938
007938
007938
007942
007942
007942
007943
007943
007943
007944
007944
007944
007945
007945
007945
007947
007947
007947
007948
007948
007948
007950
007950
007950
007951
007951
007951
007952
007952
007952
007953
007953
007953
007954
007954
007954
007955
007955
007955
007957
007957
007957
007958
007958
007958
007959
007959
007959
007961
007961
007961
007962
007962
007962
007963
007963
007963
007964
007964
007964
007965
007965
007965
007966
007966
007966
007967
007967
007967
007968
007968
007968
007969
007969
007969
007972
007972
007972
007973
007973
007973
007974
007974
007974
007976
007976
007976
007977
007977
007977
007978
007978
007978
007979
007979
007979
007980
007980
007980
007981
007981
007981
007982
007982
007982
007983
007983
007983
007984
007984
007984
007985
007985
007985
007986
007986
007986
007987
007987
007987
007988
007988
007988
007989
007989
007989
007990
007990
007990
007991
007991
007991
007992
007992
007993
007993
007993
007994
007994
007994
007996
007996
007996
007997
007997
007997
007998
007998
007998
008000
008000
008000
008001
008001
008001
008003
008003
008003
008005
008005
008005
008007
008007
008007
008008
008008
008008
008010
008010
008010
008011
008011
008011
008012
008012
008012
008013
008013
008013
008015
008015
008015
008017
008017
008017
008018
008018
008018
008019
008019
008019
008020
008020
008020
008021
008021
008021
008022
008022
008022
008023
008023
008023
008024
008024
008024
008026
008026
008026
008027
008027
008027
008028
008028
008028
008030
008030
008030
008031
008031
008031
008033
008033
008033
008034
008034
008034
008035
008035
008035
008036
008036
008036
008037
008037
008037
008038
008038
008038
008040
008040
008040
008041
008041
008041
008042
008042
008042
008043
008043
008043
008044
008044
008044
008045
008045
008045
008046
008046
008046
008047
008047
008047
008048
008048
008048
008049
008049
008049
008050
008050
008050
008051
008051
008051
008054
008054
008054
008056
008056
008056
008058
008058
008058
008059
008059
008059
008061
008061
008061
008062
008062
008062
008063
008063
008063
008064
008064
008064
008065
008065
008065
008067
008067
008067
008070
008070
008070
008071
008071
008071
008072
008072
008072
008073
008073
008073
008074
008074
008074
008075
008075
008075
008076
008076
008076
008078
008078
008078
008079
008079
008079
008080
008080
008080
008081
008081
008081
008085
008085
008085
008086
008086
008086
008089
008089
008089
008090
008090
008090
008091
008091
008091
008093
008093
008093
008094
008094
008094
008095
008095
008095
008096
008096
008096
008097
008097
008097
008098
008098
008098
008099
008099
008099
008101
008101
008101
008102
008102
008102
008103
008103
008103
008104
008104
008104
008106
008106
008106
008108
008108
008108
008109
008109
008109
008110
008110
008110
008112
008112
008112
008113
008113
008113
008115
008115
008115
008116
008116
008116
008118
008118
008119
008119
008119
008120
008120
008120
008122
008122
008122
008123
008123
008123
008124
008124
008124
008125
008125
008125
008126
008126
008126
008127
008127
008127
008128
008128
008128
008129
008129
008129
008130
008130
008130
008132
008132
008132
008133
008133
008133
008134
008134
008134
008135
008135
008135
008136
008136
008136
008137
008137
008137
008138
008138
008138
008140
008140
008140
008142
008142
008142
008143
008143
008143
008145
008145
008145
008146
008146
008146
008149
008149
008149
008150
008150
008150
008151
008151
008151
008153
008153
008153
008154
008154
008154
008155
008155
008155
008156
008156
008156
008158
008158
008158
008160
008160
008160
008161
008161
008161
008163
008163
008163
008164
008164
008164
008165
008165
008165
008167
008167
008167
008169
008169
008169
008171
008171
008171
008172
008172
008172
008175
008175
008175
008176
008176
008176
008178
008178
008178
008180
008180
008180
008181
008181
008181
008182
008182
008182
008184
008184
008184
008185
008185
008185
008186
008186
008186
008188
008188
008188
008189
008189
008189
008190
008190
008190
008193
008193
008193
008195
008195
008195
008197
008197
008197
008198
008198
008198
008200
008200
008200
008201
008201
008201
008202
008202
008202
008203
008203
008203
008204
008204
008204
008206
008206
008206
008209
008209
008209
008210
008210
008210
008212
008212
008212
008213
008213
008213
008214
008214
008214
008215
008215
008215
008217
008217
008217
008218
008218
008218
008219
008219
008219
008220
008220
008221
008221
008221
008222
008222
008222
008223
008223
008223
008224
008224
008224
008225
008225
008225
008226
008226
008226
008228
008228
008228
008229
008229
008229
008230
008230
008230
008231
008231
008231
008233
008233
008233
008234
008234
008234
008236
008236
008236
008237
008237
008237
008239
008239
008239
008240
008240
008240
008241
008241
008241
008242
008242
008242
008243
008243
008243
008245
008245
008245
008246
008246
008246
008247
008247
008247
008248
008248
008248
008249
008249
008249
008250
008250
008250
008251
008251
008251
008252
008252
008252
008253
008253
008253
008255
008255
008255
008257
008257
008257
008258
008258
008258
008259
008259
008259
008260
008260
008260
008261
008261
008261
008263
008263
008263
008264
008264
008264
008265
008265
008265
008267
008267
008267
008268
008268
008268
008269
008269
008269
008270
008270
008270
008271
008271
008271
008272
008272
008272
008273
008273
008273
008274
008274
008274
008277
008277
008277
008278
008278
008278
008279
008279
008279
008280
008280
008280
008285
008285
008285
008286
008286
008286
008288
008288
008288
008289
008289
008289
008290
008290
008290
008293
008293
008293
008294
008294
008294
008295
008295
008295
008297
008297
008297
008299
008299
008299
008300
008300
008300
008301
008301
008301
008302
008302
008302
008303
008303
008303
008305
008305
008305
008306
008306
008306
008307
008307
008307
008308
008308
008308
008309
008309
008309
008311
008311
008311
008313
008313
008313
008314
008314
008314
008316
008316
008316
008318
008318
008318
008319
008319
008319
008321
008321
008321
008322
008322
008323
008323
008323
008324
008324
008324
008325
008325
008325
008326
008326
008326
008327
008327
008327
008328
008328
008328
008330
008330
008330
008332
008332
008332
008334
008334
008334
008335
008335
008335
008336
008336
008336
008337
008337
008337
008341
008341
008341
008342
008342
008342
008344
008344
008344
008345
008345
008345
008347
008347
008347
008348
008348
008348
008350
008350
008350
008351
008351
008351
008353
008353
008353
008355
008355
008355
008356
008356
008356
008359
008359
008359
008361
008361
008361
008364
008364
008364
008365
008365
008365
008366
008366
008366
008368
008368
008368
008369
008369
008369
008370
008370
008370
008372
008372
008372
008373
008373
008373
008374
008374
008374
008375
008375
008375
008376
008376
008376
008377
008377
008377
008379
008379
008379
008380
008380
008380
008384
008384
008384
008385
008385
008385
008386
008386
008386
008387
008387
008387
008389
008389
008389
008390
008390
008390
008392
008392
008392
008393
008393
008393
008394
008394
008394
008396
008396
008396
008397
008397
008397
008398
008400
008400
008400
008402
008402
008402
008403
008403
008403
008404
008404
008404
008406
008406
008406
008407
008407
008407
008408
008408
008408
008409
008409
008409
008410
008410
008410
008411
008411
008411
008412
008412
008412
008413
008413
008413
008414
008414
008414
008415
008415
008415
008416
008416
008416
008418
008418
008418
008419
008419
008419
008420
008420
008420
008421
008421
008421
008422
008422
008422
008423
008423
008423
008426
008426
008426
008427
008427
008427
008428
008428
008428
008430
008430
008430
008432
008432
008432
008434
008434
008434
008435
008435
008435
008436
008436
008436
008437
008437
008437
008438
008438
008438
008439
008439
008439
008441
008441
008441
008442
008442
008442
008444
008444
008444
008445
008445
008445
008446
008446
008446
008447
008447
008447
008448
008448
008448
008450
008450
008452
008452
008452
008453
008453
008453
008455
008455
008455
008456
008456
008456
008459
008459
008459
008460
008460
008460
008462
008462
008462
008465
008465
008465
008466
008466
008466
008467
008467
008467
008468
008468
008468
008471
008471
008471
008472
008472
008472
008473
008473
008473
008476
008476
008476
008477
008477
008477
008478
008478
008478
008479
008479
008479
008480
008480
008480
008482
008482
008482
008483
008483
008483
008485
008485
008488
008488
008488
008491
008491
008491
008492
008492
008492
008494
008494
008494
008495
008495
008495
008497
008497
008497
008499
008499
008499
008501
008501
008501
008503
008503
008503
008507
008507
008507
008508
008508
008508
008509
008509
008509
008510
008510
008510
008513
008513
008513
008514
008514
008514
008515
008515
008515
008516
008516
008516
008519
008519
008519
008520
008520
008520
008521
008521
008521
008522
008522
008522
008523
008523
008523
008524
008524
008524
008525
008525
008525
008527
008527
008527
008529
008529
008529
008530
008530
008530
008531
008531
008531
008532
008532
008532
008533
008533
008534
008534
008534
008535
008535
008535
008536
008536
008536
008537
008537
008537
008538
008538
008538
008541
008541
008541
008544
008544
008544
008545
008545
008545
008546
008546
008546
008547
008547
008547
008548
008548
008548
008549
008549
008549
008550
008550
008550
008551
008551
008551
008552
008552
008552
008553
008553
008553
008555
008555
008555
008557
008557
008557
008558
008558
008558
008561
008561
008561
008562
008562
008562
008563
008563
008563
008566
008566
008566
008568
008568
008568
008570
008570
008570
008571
008571
008571
008572
008572
008572
008573
008573
008573
008574
008574
008574
008575
008575
008575
008577
008577
008577
008579
008579
008579
008580
008580
008580
008581
008581
008581
008582
008582
008582
008584
008584
008584
008585
008585
008585
008586
008586
008586
008587
008587
008587
008589
008589
008589
008590
008590
008590
008591
008591
008591
008593
008593
008593
008596
008596
008596
008599
008599
008599
008600
008600
008600
008601
008601
008601
008602
008602
008602
008604
008604
008604
008605
008605
008605
008606
008606
008606
008607
008607
008607
008608
008608
008608
008609
008609
008609
008611
008611
008611
008612
008612
008612
008613
008613
008613
008615
008615
008615
008616
008616
008616
008618
008618
008618
008619
008619
008619
008621
008621
008621
008622
008622
008622
008623
008623
008623
008624
008624
008624
008625
008625
008625
008626
008626
008626
008627
008627
008627
008628
008628
008628
008629
008629
008629
008631
008631
008631
008634
008634
008634
008637
008637
008637
008638
008638
008638
008639
008639
008639
008640
008640
008640
008641
008641
008641
008642
008642
008642
008643
008643
008643
008644
008644
008644
008645
008645
008645
008647
008647
008647
008648
008648
008648
008650
008650
008650
008651
008651
008651
008652
008652
008652
008654
008654
008654
008655
008655
008655
008656
008656
008656
008658
008658
008658
008659
008659
008659
008660
008660
008660
008661
008661
008661
008662
008662
008662
008663
008663
008663
008665
008665
008665
008666
008666
008666
008667
008667
008667
008669
008669
008669
008670
008670
008670
008671
008671
008671
008672
008672
008672
008673
008673
008673
008674
008674
008674
008675
008675
008675
008677
008677
008677
008678
008678
008678
008679
008679
008679
008680
008680
008680
008681
008681
008681
008682
008682
008682
008684
008684
008684
008685
008685
008685
008686
008686
008686
008687
008687
008687
008688
008688
008688
008689
008689
008689
008690
008690
008690
008693
008693
008693
008695
008695
008695
008698
008698
008698
008699
008699
008699
008703
008703
008703
008706
008706
008706
008709
008709
008709
008710
008710
008710
008711
008711
008711
008712
008712
008712
008713
008713
008713
008714
008714
008714
008715
008715
008715
008716
008716
008716
008717
008717
008717
008719
008719
008721
008721
008721
008722
008722
008722
008723
008723
008723
008726
008726
008726
008727
008727
008727
008728
008728
008728
008731
008731
008731
008732
008732
008732
008733
008733
008733
008735
008735
008735
008736
008736
008736
008737
008737
008737
008738
008738
008738
008741
008741
008741
008742
008742
008742
008743
008743
008743
008744
008744
008744
008745
008745
008745
008746
008746
008746
008747
008747
008747
008750
008750
008750
008751
008751
008751
008753
008753
008753
008754
008754
008754
008756
008756
008756
008757
008757
008757
008760
008760
008760
008762
008762
008762
008763
008763
008763
008764
008764
008764
008765
008765
008765
008766
008766
008766
008767
008767
008767
008769
008769
008769
008770
008770
008770
008771
008771
008771
008772
008772
008772
008773
008773
008773
008776
008776
008776
008777
008777
008777
008778
008778
008778
008779
008779
008779
008780
008780
008780
008781
008781
008781
008783
008783
008783
008784
008784
008784
008785
008785
008785
008786
008786
008786
008787
008787
008787
008788
008788
008788
008789
008789
008789
008790
008790
008790
008791
008791
008791
008792
008792
008792
008793
008793
008793
008794
008794
008794
008795
008795
008795
008796
008796
008796
008798
008798
008798
008799
008799
008799
008800
008800
008800
008802
008802
008802
008804
008804
008804
008805
008805
008805
008806
008806
008806
008808
008808
008808
008809
008809
008809
008810
008810
008810
008811
008811
008811
008812
008812
008812
008813
008813
008813
008814
008814
008814
008815
008815
008815
008816
008816
008816
008819
008819
008819
008820
008820
008820
008823
008823
008823
008825
008825
008825
008826
008826
008826
008827
008827
008827
008829
008829
008829
008830
008830
008830
008831
008831
008831
008832
008832
008832
008833
008833
008833
008836
008836
008836
008839
008839
008839
008841
008841
008841
008842
008842
008842
008844
008844
008844
008845
008845
008845
008846
008846
008846
008847
008847
008847
008848
008848
008848
008849
008849
008849
008852
008852
008852
008854
008854
008854
008855
008855
008855
008856
008856
008856
008857
008857
008857
008858
008858
008858
008860
008860
008860
008863
008863
008863
008865
008865
008865
008866
008866
008866
008867
008867
008867
008868
008868
008868
008869
008869
008869
008870
008870
008870
008872
008872
008872
008873
008873
008873
008874
008874
008874
008875
008875
008875
008876
008876
008876
008878
008878
008878
008879
008879
008879
008880
008880
008880
008881
008881
008881
008882
008882
008882
008883
008883
008883
008884
008884
008884
008885
008885
008885
008886
008886
008886
008889
008889
008889
008890
008890
008890
008892
008892
008892
008893
008893
008893
008894
008894
008894
008896
008896
008896
008897
008897
008897
008898
008898
008898
008899
008899
008899
008901
008901
008901
008903
008903
008903
008908
008908
008908
008909
008909
008909
008911
008911
008911
008912
008912
008912
008913
008913
008913
008914
008914
008914
008916
008916
008916
008917
008917
008917
008918
008918
008918
008919
008919
008919
008920
008920
008920
008921
008921
008921
008922
008922
008922
008924
008924
008924
008925
008925
008925
008926
008926
008926
008928
008928
008928
008929
008929
008929
008930
008930
008930
008931
008931
008931
008932
008932
008932
008933
008933
008933
008935
008935
008935
008937
008937
008937
008938
008938
008938
008940
008940
008940
008941
008941
008941
008942
008942
008942
008945
008945
008945
008946
008946
008946
008947
008947
008947
008949
008949
008949
008950
008950
008950
008951
008951
008951
008952
008952
008952
008954
008954
008954
008956
008956
008956
008957
008957
008957
008958
008958
008958
008960
008960
008960
008961
008961
008961
008962
008962
008962
008963
008963
008963
008964
008964
008964
008965
008965
008965
008968
008968
008968
008969
008969
008969
008972
008972
008972
008974
008974
008974
008975
008975
008975
008976
008976
008976
008977
008977
008977
008978
008978
008978
008979
008979
008979
008980
008980
008980
008981
008981
008981
008983
008983
008983
008985
008985
008985
008986
008986
008986
008987
008987
008987
008988
008988
008988
008989
008989
008989
008990
008990
008990
008990
008991
008991
008991
008992
008992
008992
008993
008993
008993
008994
008994
008994
008996
008996
008996
008997
008997
008997
008999
008999
008999
009000
009000
009000
009003
009003
009003
009004
009004
009004
009005
009005
009005
009006
009006
009006
009007
009007
009007
009009
009009
009009
009010
009010
009010
009012
009012
009012
009013
009013
009013
009014
009014
009014
009015
009015
009015
009016
009016
009016
009017
009017
009017
009018
009018
009018
009019
009019
009019
009020
009020
009020
009021
009021
009021
009023
009023
009023
009025
009025
009025
009026
009026
009026
009027
009027
009027
009028
009028
009028
009029
009029
009029
009030
009030
009030
009032
009032
009032
009033
009033
009033
009034
009034
009034
009035
009035
009035
009036
009036
009036
009037
009037
009037
009038
009038
009038
009039
009039
009039
009040
009040
009040
009042
009042
009044
009044
009044
009045
009045
009045
009046
009046
009046
009047
009047
009047
009048
009048
009048
009050
009050
009050
009053
009053
009053
009054
009054
009054
009056
009056
009056
009060
009060
009060
009061
009061
009061
009062
009062
009062
009063
009063
009063
009064
009064
009064
009065
009065
009065
009066
009066
009066
009067
009067
009067
009069
009069
009069
009070
009070
009070
009071
009071
009071
009073
009073
009073
009074
009074
009074
009076
009076
009076
009079
009079
009079
009080
009080
009080
009081
009081
009081
009082
009082
009082
009083
009083
009083
009085
009085
009085
009086
009086
009086
009087
009087
009087
009089
009089
009089
009090
009090
009090
009091
009091
009091
009092
009092
009092
009093
009093
009093
009095
009095
009095
009097
009097
009097
009099
009099
009099
009100
009100
009100
009101
009101
009101
009104
009104
009104
009105
009105
009105
009106
009106
009106
009107
009107
009107
009108
009108
009108
009109
009109
009109
009110
009110
009110
009111
009111
009111
009112
009112
009112
009114
009114
009114
009115
009115
009115
009116
009116
009116
009117
009117
009117
009118
009118
009118
009119
009119
009119
009120
009120
009120
009121
009121
009121
009122
009122
009122
009124
009124
009124
009126
009126
009126
009127
009127
009127
009128
009128
009128
009129
009129
009129
009130
009130
009130
009131
009131
009131
009132
009132
009132
009133
009133
009134
009134
009134
009138
009138
009138
009139
009139
009139
009141
009141
009141
009142
009142
009142
009143
009143
009143
009144
009144
009144
009145
009145
009145
009146
009146
009146
009147
009147
009147
009149
009149
009149
009151
009151
009151
009152
009152
009152
009153
009153
009153
009154
009154
009154
009155
009155
009155
009156
009156
009156
009157
009157
009157
009158
009158
009158
009160
009160
009160
009162
009162
009162
009163
009163
009163
009164
009164
009164
009166
009166
009166
009167
009167
009167
009168
009168
009168
009169
009169
009169
009170
009170
009170
009172
009172
009172
009173
009173
009173
009174
009174
009174
009175
009175
009175
009176
009176
009176
009177
009177
009177
009178
009178
009178
009179
009179
009179
009180
009180
009180
009182
009182
009182
009183
009183
009183
009185
009185
009185
009188
009188
009188
009189
009189
009189
009190
009190
009190
009191
009191
009191
009192
009192
009192
009193
009193
009193
009194
009194
009194
009195
009195
009195
009196
009196
009196
009197
009197
009197
009198
009198
009198
009200
009200
009200
009201
009201
009201
009202
009202
009202
009203
009203
009203
009204
009204
009204
009205
009205
009205
009206
009206
009206
009208
009208
009208
009210
009210
009210
009211
009211
009211
009213
009213
009213
009214
009214
009214
009215
009215
009215
009218
009218
009218
009219
009219
009219
009221
009221
009221
009222
009222
009222
009223
009223
009223
009224
009224
009224
009226
009226
009226
009227
009227
009227
009228
009228
009228
009229
009229
009229
009231
009231
009231
009232
009232
009232
009234
009234
009234
009235
009235
009235
009236
009236
009236
009237
009237
009237
009239
009239
009239
009240
009240
009240
009241
009241
009241
009242
009242
009242
009243
009243
009243
009245
009245
009245
009246
009246
009246
009247
009247
009247
009248
009248
009248
009249
009249
009249
009250
009250
009250
009253
009253
009253
009254
009254
009254
009255
009255
009255
009257
009257
009257
009258
009258
009258
009259
009259
009259
009260
009260
009260
009261
009261
009261
009262
009262
009262
009263
009263
009263
009264
009264
009264
009266
009266
009266
009267
009267
009267
009268
009268
009268
009269
009269
009269
009271
009271
009271
009272
009272
009272
009274
009274
009274
009275
009275
009275
009276
009276
009276
009277
009277
009277
009278
009278
009278
009279
009279
009279
009280
009280
009280
009281
009281
009281
009282
009282
009282
009284
009284
009284
009285
009285
009285
009286
009286
009286
009288
009288
009288
009290
009290
009290
009292
009292
009292
009293
009293
009293
009294
009294
009294
009295
009295
009295
009296
009296
009296
009299
009299
009299
009300
009300
009300
009301
009301
009301
009304
009304
009304
009305
009305
009305
009306
009306
009306
009307
009307
009307
009308
009308
009308
009309
009309
009309
009310
009310
009310
009311
009311
009311
009312
009312
009312
009313
009313
009313
009315
009315
009315
009317
009317
009317
009318
009318
009318
009319
009319
009319
009320
009320
009320
009321
009321
009321
009322
009322
009322
009323
009323
009323
009324
009324
009324
009325
009325
009325
009326
009326
009326
009327
009327
009327
009328
009328
009328
009329
009329
009330
009330
009330
009333
009333
009333
009334
009334
009334
009335
009335
009335
009336
009336
009336
009337
009337
009337
009339
009339
009339
009340
009340
009340
009342
009342
009342
009343
009343
009343
009344
009344
009344
009345
009345
009345
009346
009346
009346
009347
009347
009347
009348
009348
009348
009350
009350
009350
009353
009353
009353
009356
009356
009356
009358
009358
009358
009360
009360
009360
009361
009361
009361
009362
009362
009362
009364
009364
009364
009365
009365
009365
009367
009367
009367
009368
009368
009368
009369
009369
009369
009371
009371
009371
009372
009372
009372
009374
009374
009374
009375
009375
009375
009376
009376
009376
009378
009378
009378
009379
009379
009379
009381
009381
009381
009382
009382
009382
009384
009384
009384
009386
009386
009386
009387
009387
009387
009389
009389
009389
009390
009390
009390
009392
009392
009392
009393
009393
009393
009394
009394
009394
009395
009395
009395
009396
009396
009396
009397
009397
009397
009398
009398
009398
009403
009403
009403
009404
009404
009404
009406
009406
009406
009407
009407
009407
009408
009408
009408
009409
009409
009409
009411
009411
009411
009412
009412
009412
009413
009413
009413
009414
009414
009414
009415
009415
009415
009416
009416
009416
009417
009417
009417
009418
009418
009418
009419
009419
009419
009420
009420
009420
009422
009422
009422
009423
009423
009423
009424
009424
009424
009426
009426
009426
009427
009427
009427
009428
009428
009428
009429
009429
009429
009430
009430
009430
009431
009431
009431
009434
009434
009434
009435
009435
009435
009436
009436
009436
009438
009438
009438
009439
009439
009439
009442
009442
009442
009444
009444
009444
009446
009446
009446
009447
009447
009447
009448
009448
009448
009451
009451
009451
009452
009452
009452
009453
009453
009453
009454
009454
009454
009456
009456
009456
009457
009457
009457
009458
009458
009458
009460
009460
009460
009461
009461
009461
009463
009463
009463
009464
009464
009464
009465
009465
009465
009466
009466
009466
009467
009467
009467
009468
009468
009468
009469
009469
009469
009470
009470
009470
009471
009471
009471
009472
009472
009472
009473
009473
009473
009474
009474
009474
009475
009475
009475
009476
009476
009476
009480
009480
009480
009481
009481
009481
009482
009482
009482
009483
009483
009483
009486
009486
009486
009487
009487
009487
009489
009489
009489
009490
009490
009490
009491
009491
009491
009492
009492
009492
009494
009494
009494
009495
009495
009495
009496
009496
009496
009497
009497
009497
009498
009498
009498
009499
009499
009499
009501
009501
009501
009502
009502
009502
009503
009503
009503
009504
009504
009504
009505
009505
009505
009506
009506
009506
009507
009507
009507
009508
009508
009508
009509
009509
009509
009510
009510
009510
009512
009512
009512
009513
009513
009513
009514
009514
009514
009515
009515
009515
009518
009518
009518
009522
009522
009522
009523
009523
009523
009524
009524
009524
009525
009525
009525
009526
009526
009526
009527
009527
009527
009529
009529
009529
009530
009530
009530
009531
009531
009531
009532
009532
009532
009533
009533
009533
009534
009534
009534
009536
009536
009536
009538
009538
009538
009540
009540
009540
009542
009542
009542
009544
009544
009544
009545
009545
009545
009546
009546
009546
009547
009547
009547
009548
009548
009548
009549
009549
009549
009550
009550
009550
009551
009551
009551
009552
009552
009552
009553
009553
009553
009555
009555
009555
009557
009557
009557
009558
009558
009558
009559
009559
009559
009560
009560
009560
009563
009563
009564
009564
009564
009567
009567
009567
009568
009568
009568
009569
009569
009569
009570
009570
009570
009571
009571
009571
009572
009572
009572
009573
009573
009573
009574
009574
009574
009575
009575
009575
009576
009576
009576
009578
009578
009578
009580
009580
009580
009581
009581
009581
009582
009582
009582
009583
009583
009583
009585
009585
009585
009586
009586
009586
009588
009588
009588
009589
009589
009589
009590
009590
009590
009592
009592
009592
009593
009593
009593
009594
009594
009594
009595
009595
009595
009596
009596
009596
009597
009597
009598
009598
009598
009599
009599
009599
009601
009601
009601
009602
009602
009602
009603
009603
009603
009604
009604
009604
009605
009605
009605
009607
009607
009607
009610
009610
009610
009611
009611
009611
009612
009612
009612
009615
009615
009615
009616
009616
009616
009617
009617
009617
009619
009619
009619
009620
009620
009620
009622
009622
009622
009624
009624
009624
009627
009627
009627
009628
009628
009628
009629
009629
009629
009630
009630
009630
009631
009631
009631
009632
009632
009632
009634
009634
009634
009635
009635
009635
009636
009636
009636
009637
009637
009637
009638
009638
009638
009639
009639
009639
009640
009640
009640
009641
009641
009641
009644
009644
009644
009647
009647
009647
009648
009649
009649
009649
009650
009650
009650
009651
009651
009651
009652
009652
009652
009655
009655
009655
009656
009656
009656
009657
009657
009657
009658
009658
009658
009659
009659
009659
009660
009660
009660
009661
009661
009661
009662
009662
009662
009663
009663
009663
009665
009665
009665
009667
009667
009667
009669
009669
009669
009670
009670
009670
009672
009672
009672
009674
009674
009674
009675
009675
009676
009676
009676
009677
009677
009677
009678
009678
009678
009680
009680
009680
009681
009681
009681
009682
009682
009682
009683
009683
009683
009684
009684
009684
009685
009685
009685
009686
009686
009686
009687
009687
009687
009688
009688
009688
009690
009690
009690
009691
009691
009691
009692
009692
009692
009693
009693
009693
009694
009694
009694
009695
009695
009695
009696
009696
009696
009697
009697
009697
009698
009698
009698
009699
009699
009699
009700
009700
009700
009701
009701
009701
009702
009702
009702
009704
009704
009704
009705
009705
009705
009706
009706
009706
009708
009708
009708
009711
009711
009711
009713
009713
009713
009715
009715
009715
009718
009718
009718
009719
009719
009719
009721
009721
009721
009723
009723
009723
009725
009725
009725
009728
009728
009728
009731
009731
009731
009732
009732
009732
009733
009733
009733
009734
009734
009734
009735
009735
009735
009736
009736
009736
009737
009737
009737
009738
009738
009738
009739
009739
009739
009740
009740
009740
009741
009741
009741
009742
009742
009742
009743
009743
009743
009744
009744
009744
009745
009745
009745
009746
009746
009746
009747
009747
009747
009748
009748
009748
009752
009752
009752
009753
009753
009753
009754
009754
009754
009755
009755
009755
009756
009756
009756
009759
009759
009759
009760
009760
009760
009764
009764
009764
009765
009765
009765
009766
009766
009766
009767
009767
009767
009769
009769
009769
009772
009772
009772
009774
009774
009774
009775
009775
009775
009778
009778
009778
009779
009779
009779
009780
009780
009780
009781
009781
009781
009782
009782
009782
009783
009783
009783
009784
009784
009784
009785
009785
009785
009786
009786
009786
009787
009787
009787
009788
009788
009788
009789
009789
009789
009791
009791
009791
009792
009792
009792
009795
009795
009795
009796
009796
009796
009797
009797
009797
009798
009798
009798
009799
009799
009799
009800
009800
009800
009802
009802
009802
009803
009803
009803
009804
009804
009804
009805
009805
009805
009806
009806
009806
009807
009807
009807
009808
009808
009808
009809
009809
009809
009810
009810
009810
009812
009812
009812
009813
009813
009813
009814
009814
009815
009815
009815
009818
009818
009818
009819
009819
009819
009820
009820
009820
009821
009821
009821
009823
009823
009823
009824
009824
009824
009825
009825
009825
009826
009826
009826
009827
009827
009827
009828
009828
009828
009829
009829
009829
009830
009830
009830
009832
009832
009832
009833
009833
009833
009834
009834
009834
009835
009835
009835
009836
009836
009836
009837
009837
009837
009838
009838
009838
009839
009839
009839
009840
009840
009840
009842
009842
009842
009845
009845
009845
009847
009847
009847
009848
009848
009848
009850
009850
009850
009851
009851
009851
009853
009853
009853
009854
009854
009854
009855
009855
009855
009856
009856
009856
009857
009857
009857
009858
009858
009858
009859
009859
009859
009860
009860
009860
009861
009861
009861
009862
009862
009862
009864
009864
009864
009865
009865
009865
009866
009866
009866
009868
009868
009868
009869
009869
009869
009870
009870
009870
009872
009872
009872
009873
009873
009873
009874
009874
009874
009875
009875
009875
009876
009876
009876
009878
009878
009878
009879
009879
009879
009882
009882
009882
009883
009883
009883
009884
009884
009884
009885
009885
009885
009886
009886
009886
009887
009887
009887
009888
009888
009888
009889
009889
009889
009891
009891
009891
009892
009892
009892
009893
009893
009893
009895
009895
009895
009897
009897
009897
009898
009898
009898
009899
009899
009899
009900
009900
009900
009902
009902
009902
009904
009904
009904
009906
009906
009906
009907
009907
009907
009909
009909
009909
009911
009911
009911
009912
009912
009912
009914
009914
009914
009915
009915
009915
009916
009916
009916
009918
009918
009918
009920
009920
009920
009921
009921
009921
009922
009922
009922
009923
009923
009923
009925
009925
009925
009927
009927
009927
009929
009929
009929
009931
009931
009931
009932
009932
009932
009934
009934
009934
009935
009935
009935
009936
009936
009936
009937
009937
009937
009938
009938
009938
009940
009940
009940
009943
009943
009943
009944
009944
009944
009947
009947
009947
009948
009948
009948
009950
009950
009950
009951
009951
009951
009952
009952
009952
009953
009953
009953
009956
009956
009956
009957
009957
009957
009959
009959
009959
009962
009962
009962
009963
009963
009963
009964
009964
009964
009965
009965
009965
009966
009966
009966
009967
009967
009967
009969
009969
009969
009970
009970
009970
009971
009971
009971
009973
009973
009973
009974
009974
009974
009975
009975
009975
009976
009976
009976
009978
009978
009978
009980
009980
009980
009981
009981
009981
009982
009982
009982
009983
009983
009983
009984
009984
009984
009985
009985
009985
009987
009987
009987
009988
009988
009988
009989
009989
009989
009990
009990
009990
009993
009993
009993
009994
009994
009994
009995
009995
009995
009997
009997
009997
009998
009998
009998
009999
009999
009999
010001
010001
010001
010002
010002
010002
010004
010004
010004
010005
010005
010005
010006
010006
010006
010008
010008
010008
010009
010009
010009
010010
010010
010010
010011
010011
010011
010012
010012
010012
010013
010013
010013
010014
010014
010014
010015
010015
010015
010017
010017
010019
010019
010019
010020
010020
010020
010021
010021
010021
010022
010022
010022
010024
010024
010024
010025
010025
010025
010027
010027
010027
010030
010030
010030
010031
010031
010031
010033
010033
010033
010034
010034
010034
010035
010035
010035
010036
010036
010036
010038
010038
010038
010040
010040
010040
010041
010041
010041
010042
010042
010042
010044
010044
010044
010047
010047
010047
010048
010048
010048
010049
010049
010049
010050
010050
010050
010051
010051
010051
010053
010053
010053
010055
010055
010055
010056
010056
010056
010058
010058
010058
010059
010059
010059
010060
010060
010060
010061
010061
010061
010062
010062
010062
010063
010063
010063
010064
010064
010064
010065
010065
010065
010066
010066
010066
010067
010067
010067
010069
010069
010069
010073
010073
010073
010075
010075
010075
010077
010077
010077
010078
010078
010078
010079
010079
010079
010081
010081
010081
010085
010085
010085
010086
010086
010086
010087
010087
010087
010089
010089
010089
010090
010090
010090
010091
010091
010091
010092
010092
010092
010094
010094
010094
010095
010095
010095
010098
010098
010098
010099
010099
010099
010100
010100
010100
010101
010101
010101
010102
010102
010102
010103
010103
010103
010104
010104
010104
010105
010105
010105
010107
010107
010107
010108
010108
010108
010109
010109
010109
010111
010111
010111
010112
010112
010112
010113
010113
010113
010115
010115
010115
010117
010117
010117
010119
010119
010119
010120
010120
010120
010121
010121
010121
010122
010122
010122
010123
010123
010123
010124
010124
010124
010125
010125
010125
010127
010127
010127
010128
010128
010129
010129
010129
010132
010132
010132
010133
010133
010133
010134
010134
010134
010136
010136
010136
010137
010137
010137
010138
010138
010138
010139
010139
010139
010140
010140
010140
010144
010144
010144
010146
010146
010147
010147
010147
010149
010149
010149
010151
010151
010151
010152
010152
010152
010153
010153
010153
010154
010154
010154
010155
010155
010155
010156
010156
010156
010158
010158
010158
010159
010159
010159
010163
010163
010163
010166
010166
010166
010168
010168
010168
010169
010169
010169
010171
010171
010171
010172
010172
010172
010173
010173
010173
010175
010175
010175
010176
010176
010176
010177
010177
010177
010178
010178
010178
010179
010179
010179
010180
010180
010180
010181
010181
010181
010184
010184
010184
010185
010185
010185
010186
010186
010186
010187
010187
010187
010188
010188
010188
010190
010190
010190
010191
010191
010191
010197
010197
010197
010198
010198
010198
010200
010200
010200
010201
010201
010201
010202
010202
010202
010203
010203
010203
010204
010204
010204
010205
010205
010205
010206
010206
010206
010207
010207
010207
010208
010208
010208
010209
010209
010209
010210
010210
010210
010211
010211
010211
010212
010212
010212
010215
010215
010215
010216
010216
010216
010217
010217
010217
010218
010218
010218
010220
010220
010220
010221
010221
010221
010222
010222
010222
010224
010224
010224
010225
010225
010225
010227
010227
010227
010228
010228
010228
010229
010229
010229
010230
010230
010230
010231
010231
010231
010232
010232
010232
010235
010235
010235
010237
010237
010237
010239
010239
010239
010240
010240
010240
010241
010241
010241
010242
010242
010242
010243
010243
010243
010244
010244
010244
010246
010246
010246
010247
010247
010247
010249
010249
010249
010250
010250
010250
010251
010251
010251
010252
010252
010252
010253
010253
010253
010255
010255
010255
010256
010256
010256
010257
010257
010257
010258
010258
010258
010259
010259
010259
010260
010260
010260
010261
010261
010261
010262
010262
010262
010263
010263
010263
010264
010264
010264
010265
010265
010265
010266
010266
010266
010268
010268
010268
010269
010269
010269
010271
010271
010271
010272
010272
010272
010273
010273
010273
010274
010274
010274
010276
010276
010276
010277
010277
010277
010278
010278
010278
010279
010279
010279
010281
010281
010281
010283
010283
010283
010284
010284
010284
010285
010285
010285
010287
010287
010287
010289
010289
010289
010290
010290
010290
010291
010291
010291
010292
010292
010292
010293
010293
010293
010294
010294
010294
010295
010295
010295
010296
010296
010296
010297
010297
010297
010299
010299
010299
010300
010300
010300
010301
010301
010301
010302
010302
010303
010303
010303
010304
010304
010304
010306
010306
010306
010307
010307
010307
010309
010309
010309
010310
010310
010310
010311
010311
010311
010312
010312
010312
010313
010313
010313
010314
010314
010314
010316
010316
010316
010318
010318
010318
010319
010319
010319
010320
010320
010320
010321
010321
010321
010322
010322
010322
010323
010323
010323
010324
010324
010324
010325
010325
010325
010326
010326
010326
010328
010328
010328
010330
010330
010330
010332
010332
010332
010333
010333
010333
010335
010335
010335
010336
010336
010336
010337
010337
010337
010338
010338
010338
010339
010339
010339
010340
010340
010340
010341
010341
010341
010344
010344
010344
010345
010345
010345
010346
010346
010346
010347
010347
010347
010348
010348
010348
010349
010349
010350
010350
010350
010351
010351
010351
010352
010352
010352
010353
010353
010353
010354
010354
010354
010355
010355
010355
010357
010357
010357
010358
010358
010358
010359
010359
010359
010361
010361
010361
010362
010362
010362
010363
010363
010363
010365
010365
010365
010366
010366
010366
010367
010367
010367
010368
010368
010368
010369
010369
010369
010370
010370
010370
010371
010371
010371
010372
010372
010372
010373
010373
010373
010374
010374
010374
010375
010375
010375
010376
010376
010376
010377
010377
010377
010379
010379
010379
010380
010380
010380
010382
010382
010382
010383
010383
010383
010386
010386
010386
010387
010387
010387
010389
010389
010389
010391
010391
010391
010393
010393
010393
010394
010394
010394
010395
010395
010395
010396
010396
010396
010397
010397
010397
010398
010398
010398
010399
010399
010399
010400
010400
010400
010402
010402
010402
010403
010403
010403
010406
010406
010406
010407
010407
010407
010408
010408
010408
010410
010410
010410
010411
010411
010411
010412
010412
010412
010413
010413
010413
010414
010414
010414
010415
010415
010415
010416
010416
010416
010417
010417
010417
010418
010418
010418
010419
010419
010419
010420
010420
010420
010422
010422
010422
010423
010423
010423
010424
010424
010424
010425
010425
010425
010426
010426
010426
010427
010427
010427
010428
010428
010428
010430
010430
010430
010431
010431
010431
010433
010433
010433
010434
010434
010434
010435
010435
010435
010437
010437
010437
010438
010438
010438
010440
010440
010440
010442
010442
010442
010444
010444
010444
010446
010446
010446
010448
010448
010448
010449
010449
010449
010450
010450
010450
010451
010451
010451
010453
010453
010453
010454
010454
010454
010455
010455
010455
010457
010457
010457
010459
010459
010459
010460
010460
010460
010461
010461
010461
010462
010462
010462
010463
010463
010463
010465
010465
010465
010466
010466
010466
010467
010467
010467
010468
010468
010468
010469
010469
010470
010470
010470
010471
010471
010471
010472
010472
010472
010475
010475
010475
010476
010476
010476
010477
010477
010477
010478
010478
010478
010480
010480
010480
010482
010482
010482
010483
010483
010483
010484
010484
010484
010485
010485
010485
010486
010486
010486
010488
010489
010489
010489
010490
010490
010490
010491
010491
010491
010493
010493
010493
010494
010494
010494
010497
010497
010497
010498
010498
010498
010500
010500
010500
010501
010501
010501
010502
010502
010502
010503
010503
010503
010504
010504
010504
010505
010505
010505
010506
010506
010506
010507
010507
010507
010508
010508
010508
010510
010510
010510
010511
010511
010511
010513
010513
010513
010514
010514
010514
010515
010515
010515
010519
010519
010519
010521
010521
010521
010523
010523
010523
010524
010524
010524
010527
010527
010527
010528
010528
010528
010530
010530
010530
010531
010531
010531
010532
010532
010532
010533
010533
010533
010535
010535
010535
010536
010536
010536
010537
010537
010537
010538
010538
010538
010539
010539
010539
010540
010540
010540
010542
010542
010542
010544
010544
010544
010548
010548
010548
010550
010550
010550
010554
010554
010554
010555
010555
010555
010556
010556
010556
010559
010559
010559
010560
010560
010560
010561
010561
010561
010564
010564
010564
010566
010566
010566
010567
010567
010567
010568
010568
010568
010569
010569
010569
010570
010570
010570
010571
010571
010571
010572
010572
010572
010573
010573
010573
010574
010574
010574
010575
010575
010575
010577
010577
010577
010578
010578
010578
010581
010581
010581
010582
010582
010582
010583
010583
010583
010584
010584
010584
010585
010585
010585
010589
010589
010589
010590
010590
010590
010591
010591
010591
010592
010592
010592
010593
010593
010593
010594
010594
010594
010595
010595
010595
010596
010596
010596
010597
010597
010597
010599
010599
010599
010602
010602
010602
010604
010604
010604
010605
010605
010605
010606
010606
010606
010607
010607
010607
010608
010608
010608
010609
010609
010609
010610
010610
010610
010611
010611
010611
010612
010612
010612
010613
010613
010613
010614
010614
010614
010615
010615
010615
010619
010619
010619
010620
010620
010620
010621
010621
010621
010622
010622
010622
010623
010623
010623
010624
010624
010624
010625
010625
010625
010626
010626
010626
010627
010627
010627
010628
010628
010628
010629
010629
010629
010630
010630
010630
010631
010631
010631
010632
010632
010632
010633
010633
010633
010636
010636
010636
010640
010640
010640
010643
010643
010643
010644
010644
010644
010645
010645
010645
010646
010646
010646
010649
010649
010649
010652
010652
010652
010653
010653
010653
010654
010654
010654
010655
010655
010655
010656
010656
010656
010657
010657
010657
010659
010659
010659
010661
010661
010661
010662
010662
010662
010663
010663
010663
010664
010664
010664
010666
010666
010666
010667
010667
010667
010668
010668
010668
010669
010669
010669
010670
010670
010670
010672
010672
010672
010673
010673
010673
010674
010674
010674
010675
010675
010675
010676
010676
010676
010677
010677
010677
010678
010678
010678
010679
010679
010679
010680
010680
010680
010681
010681
010681
010682
010682
010682
010683
010683
010683
010684
010684
010686
010686
010686
010687
010687
010687
010688
010688
010688
010689
010689
010689
010690
010690
010690
010691
010691
010691
010692
010692
010692
010693
010693
010693
010694
010694
010694
010696
010696
010696
010697
010697
010697
010700
010700
010700
010701
010701
010701
010702
010702
010702
010705
010705
010705
010707
010707
010707
010708
010708
010708
010710
010710
010710
010712
010712
010712
010716
010716
010716
010717
010717
010717
010718
010718
010718
010719
010719
010719
010721
010721
010721
010722
010722
010722
010723
010723
010723
010724
010724
010724
010725
010725
010725
010726
010726
010726
010727
010727
010727
010728
010728
010728
010730
010730
010730
010732
010732
010732
010733
010733
010733
010734
010734
010734
010735
010735
010735
010738
010738
010738
010740
010740
010740
010741
010741
010741
010742
010742
010742
010744
010744
010744
010746
010746
010746
010747
010747
010747
010748
010748
010748
010749
010749
010749
010750
010750
010750
010751
010751
010751
010757
010757
010757
010758
010758
010758
010760
010760
010760
010761
010761
010761
010762
010762
010762
010763
010763
010763
010764
010764
010764
010765
010765
010765
010766
010766
010766
010767
010767
010767
010769
010769
010769
010770
010770
010770
010771
010771
010771
010772
010772
010772
010774
010774
010774
010775
010775
010775
010776
010776
010776
010777
010777
010777
010778
010778
010778
010779
010779
010779
010780
010780
010780
010781
010781
010781
010782
010782
010782
010783
010783
010783
010786
010786
010786
010787
010787
010787
010788
010788
010788
010789
010789
010789
010790
010790
010790
010791
010791
010791
010794
010794
010794
010796
010796
010796
010798
010798
010798
010799
010799
010799
010800
010800
010800
010801
010801
010801
010802
010802
010802
010803
010803
010803
010804
010804
010804
010805
010805
010805
010806
010806
010806
010807
010807
010807
010808
010808
010808
010812
010812
010812
010813
010813
010813
010814
010814
010814
010815
010815
010815
010818
010818
010818
010820
010820
010820
010821
010821
010821
010822
010822
010822
010824
010824
010824
010825
010825
010825
010826
010826
010826
010829
010829
010829
010830
010830
010830
010831
010831
010831
010832
010832
010832
010833
010833
010833
010834
010834
010834
010836
010836
010836
010837
010837
010837
010839
010839
010839
010840
010840
010840
010842
010842
010842
010844
010844
010844
010845
010845
010845
010846
010846
010846
010847
010847
010847
010848
010848
010848
010849
010849
010849
010851
010851
010851
010853
010853
010853
010854
010854
010854
010856
010856
010856
010857
010857
010857
010858
010858
010858
010859
010859
010859
010860
010860
010860
010864
010864
010864
010865
010865
010865
010866
010866
010866
010867
010867
010867
010868
010868
010868
010869
010869
010869
010870
010870
010870
010871
010871
010871
010872
010872
010872
010873
010873
010873
010875
010875
010875
010876
010876
010876
010877
010877
010877
010879
010879
010879
010880
010880
010880
010881
010881
010881
010882
010882
010882
010883
010883
010883
010884
010884
010884
010885
010885
010885
010886
010886
010886
010887
010887
010887
010888
010888
010888
010889
010889
010889
010890
010890
010890
010892
010892
010892
010893
010893
010893
010894
010894
010894
010896
010896
010896
010899
010899
010899
010900
010900
010900
010903
010903
010903
010904
010904
010904
010906
010906
010906
010907
010907
010907
010910
010910
010910
010911
010911
010911
010912
010912
010912
010913
010913
010913
010914
010914
010914
010916
010916
010916
010918
010918
010918
010920
010920
010920
010922
010922
010922
010923
010923
010923
010924
010924
010924
010925
010925
010925
010926
010926
010926
010929
010929
010929
010931
010931
010931
010932
010932
010932
010933
010933
010933
010935
010935
010935
010937
010937
010937
010939
010939
010939
010941
010941
010941
010942
010942
010942
010943
010943
010943
010944
010944
010944
010947
010947
010947
010948
010948
010948
010949
010949
010949
010950
010950
010950
010951
010951
010951
010952
010952
010952
010953
010953
010953
010954
010954
010954
010955
010955
010955
010957
010957
010957
010958
010958
010958
010961
010961
010961
010963
010963
010963
010965
010965
010965
010966
010966
010966
010968
010968
010968
010969
010969
010969
010970
010970
010970
010971
010971
010971
010972
010972
010972
010973
010973
010973
010974
010974
010974
010975
010975
010975
010977
010977
010977
010980
010980
010980
010982
010982
010982
010983
010983
010983
010984
010984
010984
010986
010986
010986
010987
010987
010987
010988
010988
010988
010989
010989
010989
010990
010990
010990
010991
010991
010991
010992
010992
010992
010993
010993
010993
010994
010994
010994
010998
010998
010998
010999
010999
010999
011000
011000
011000
011001
011001
011001
011002
011002
011002
011003
011003
011003
011005
011005
011005
011006
011006
011006
011007
011007
011007
011009
011009
011009
011010
011010
011010
011012
011012
011012
011013
011013
011013
011015
011015
011015
011016
011016
011016
011017
011017
011017
011019
011019
011019
011020
011020
011020
011023
011023
011023
011024
011024
011024
011025
011025
011025
011027
011027
011027
011029
011029
011029
011033
011033
011033
011034
011034
011034
011038
011038
011038
011039
011039
011039
011040
011040
011041
011041
011041
011042
011042
011042
011043
011043
011043
011044
011044
011044
011045
011045
011045
011047
011047
011047
011048
011048
011048
011049
011049
011049
011050
011050
011050
011051
011051
011051
011052
011052
011052
011053
011053
011053
011054
011054
011054
011056
011056
011056
011057
011057
011057
011060
011060
011060
011061
011061
011061
011062
011062
011062
011063
011063
011063
011064
011064
011064
011065
011065
011065
011066
011066
011066
011067
011067
011067
011068
011068
011068
011069
011069
011069
011070
011070
011070
011071
011071
011071
011072
011072
011072
011076
011076
011076
011077
011077
011077
011078
011078
011078
011079
011079
011079
011080
011080
011080
011081
011081
011081
011082
011082
011082
011083
011083
011083
011085
011085
011085
011086
011086
011086
011087
011087
011087
011088
011088
011088
011090
011090
011090
011092
011092
011092
011093
011093
011093
011094
011094
011094
011096
011096
011096
011097
011097
011097
011098
011098
011098
011099
011099
011099
011100
011100
011100
011102
011102
011102
011103
011103
011103
011104
011104
011104
011105
011105
011105
011106
011106
011106
011107
011107
011107
011108
011108
011108
011109
011109
011109
011110
011110
011110
011111
011111
011111
011112
011112
011112
011113
011113
011113
011114
011114
011114
011115
011115
011115
011116
011116
011116
011117
011117
011117
011120
011120
011120
011121
011121
011121
011122
011122
011122
011123
011123
011123
011124
011124
011124
011125
011125
011125
011129
011129
011129
011130
011130
011130
011131
011131
011131
011134
011134
011134
011135
011135
011135
011137
011137
011137
011138
011138
011138
011139
011139
011139
011141
011141
011141
011142
011142
011142
011143
011143
011143
011145
011145
011145
011147
011147
011147
011148
011148
011148
011149
011149
011149
011150
011150
011150
011151
011151
011151
011152
011152
011152
011153
011153
011153
011154
011154
011154
011155
011155
011155
011156
011156
011156
011157
011157
011157
011159
011159
011159
011160
011160
011160
011161
011161
011161
011163
011163
011163
011164
011164
011164
011165
011165
011165
011166
011166
011166
011168
011168
011168
011169
011169
011169
011170
011170
011170
011172
011172
011172
011173
011173
011173
011174
011174
011174
011175
011175
011175
011176
011176
011176
011177
011177
011177
011178
011178
011178
011179
011179
011179
011180
011180
011180
011183
011183
011183
011186
011186
011186
011187
011187
011187
011188
011188
011188
011190
011190
011190
011191
011191
011191
011193
011193
011193
011194
011194
011194
011195
011195
011195
011196
011196
011196
011197
011197
011197
011198
011198
011198
011200
011200
011200
011202
011202
011202
011203
011203
011203
011204
011204
011204
011205
011205
011205
011206
011206
011208
011208
011208
011209
011209
011209
011212
011212
011212
011214
011214
011214
011217
011217
011217
011218
011218
011218
011219
011219
011219
011221
011221
011221
011225
011225
011225
011227
011227
011227
011228
011228
011228
011229
011229
011229
011230
011230
011230
011231
011231
011231
011232
011232
011232
011233
011233
011233
011235
011235
011235
011236
011236
011236
011237
011237
011237
011238
011238
011238
011240
011240
011240
011241
011241
011241
011243
011243
011243
011244
011244
011244
011245
011245
011245
011246
011246
011246
011247
011247
011247
011248
011248
011248
011250
011250
011250
011251
011251
011251
011253
011253
011253
011254
011254
011254
011256
011256
011256
011259
011259
011259
011260
011260
011260
011262
011262
011262
011263
011263
011263
011264
011264
011264
011265
011265
011265
011266
011266
011266
011267
011267
011267
011268
011268
011268
011269
011269
011269
011272
011272
011272
011273
011273
011273
011274
011274
011274
011275
011275
011275
011276
011276
011276
011277
011277
011277
011278
011278
011278
011279
011279
011279
011281
011281
011281
011282
011282
011282
011283
011283
011283
011285
011285
011285
011286
011286
011286
011287
011287
011287
011288
011288
011288
011290
011290
011290
011291
011291
011291
011292
011292
011292
011293
011293
011293
011294
011294
011294
011298
011298
011298
011299
011299
011299
011300
011300
011300
011302
011302
011302
011304
011304
011304
011305
011305
011305
011306
011306
011306
011309
011309
011309
011311
011311
011311
011312
011312
011312
011313
011313
011313
011314
011314
011314
011315
011315
011315
011316
011316
011316
011318
011318
011318
011319
011319
011319
011320
011320
011320
011321
011321
011321
011322
011322
011322
011324
011324
011324
011325
011325
011325
011326
011326
011326
011327
011327
011327
011328
011328
011328
011329
011329
011329
011330
011330
011330
011331
011331
011331
011333
011333
011333
011335
011335
011335
011336
011336
011336
011337
011337
011337
011338
011338
011338
011341
011341
011341
011344
011344
011344
011346
011346
011346
011347
011347
011347
011348
011348
011348
011349
011349
011349
011350
011350
011350
011353
011353
011353
011354
011354
011354
011355
011355
011355
011357
011357
011357
011360
011360
011360
011361
011361
011361
011362
011362
011362
011364
011364
011364
011366
011366
011366
011367
011367
011367
011369
011369
011369
011370
011370
011371
011371
011371
011373
011373
011373
011376
011376
011376
011377
011377
011377
011380
011380
011380
011381
011381
011381
011383
011383
011383
011386
011386
011386
011388
011388
011388
011389
011389
011389
011391
011391
011391
011392
011392
011392
011393
011393
011393
011394
011394
011394
011395
011395
011395
011399
011399
011399
011400
011400
011400
011403
011403
011403
011404
011404
011404
011405
011405
011405
011407
011407
011407
011408
011408
011408
011409
011409
011409
011410
011410
011410
011411
011411
011411
011413
011413
011413
011414
011414
011414
011415
011415
011415
011416
011416
011416
011417
011417
011417
011418
011418
011418
011421
011421
011421
011422
011422
011422
011423
011423
011423
011424
011424
011424
011425
011425
011425
011426
011426
011426
011427
011427
011427
011428
011428
011428
011429
011429
011429
011432
011432
011432
011433
011433
011433
011434
011434
011437
011437
011437
011439
011439
011439
011440
011440
011440
011443
011443
011443
011444
011444
011444
011446
011446
011446
011448
011448
011448
011449
011449
011449
011450
011450
011450
011451
011451
011451
011452
011452
011452
011453
011453
011453
011454
011454
011454
011455
011455
011455
011456
011456
011456
011457
011457
011457
011459
011459
011459
011460
011460
011460
011461
011461
011461
011462
011462
011462
011464
011464
011464
011466
011466
011466
011467
011467
011467
011468
011468
011468
011470
011470
011470
011472
011472
011472
011473
011473
011473
011474
011474
011474
011475
011475
011475
011476
011476
011476
011478
011478
011478
011479
011479
011479
011480
011480
011480
011481
011481
011481
011482
011482
011482
011483
011483
011483
011485
011485
011485
011486
011486
011486
011487
011487
011487
011488
011488
011488
011489
011489
011489
011490
011490
011490
011492
011492
011492
011494
011494
011494
011495
011495
011495
011497
011497
011497
011498
011498
011498
011499
011499
011499
011500
011500
011500
011501
011501
011501
011502
011502
011502
011503
011503
011503
011505
011505
011505
011506
011506
011506
011507
011507
011507
011508
011508
011508
011509
011509
011509
011510
011510
011510
011513
011513
011513
011514
011514
011514
011515
011515
011515
011516
011516
011516
011518
011518
011518
011519
011519
011519
011520
011520
011520
011521
011521
011521
011522
011522
011522
011523
011523
011523
011524
011524
011524
011525
011525
011525
011527
011527
011527
011528
011528
011528
011529
011529
011529
011530
011530
011530
011531
011531
011531
011533
011533
011533
011535
011535
011535
011537
011537
011537
011538
011538
011538
011539
011539
011539
011540
011540
011540
011541
011541
011541
011542
011542
011542
011544
011544
011544
011546
011546
011546
011548
011548
011548
011549
011549
011549
011551
011551
011551
011552
011552
011552
011553
011553
011553
011554
011554
011554
011556
011556
011556
011557
011557
011557
011559
011559
011559
011560
011560
011560
011562
011562
011562
011563
011563
011563
011564
011564
011564
011565
011565
011565
011570
011570
011570
011571
011571
011571
011572
011572
011572
011574
011574
011574
011575
011575
011575
011578
011578
011578
011580
011580
011580
011581
011581
011581
011582
011582
011582
011584
011584
011584
011585
011585
011585
011586
011586
011586
011587
011587
011587
011588
011588
011588
011591
011591
011591
011593
011593
011593
011596
011596
011596
011597
011597
011597
011598
011598
011598
011599
011599
011599
011600
011600
011600
011601
011601
011601
011602
011602
011602
011603
011603
011603
011604
011604
011604
011605
011605
011605
011606
011606
011606
011610
011610
011610
011612
011612
011612
011613
011613
011613
011614
011614
011614
011616
011616
011616
011617
011617
011617
011618
011618
011618
011619
011619
011619
011620
011620
011620
011621
011621
011621
011623
011623
011623
011624
011624
011624
011625
011625
011625
011626
011626
011626
011627
011627
011627
011628
011628
011628
011631
011631
011631
011633
011633
011633
011634
011634
011634
011635
011635
011635
011637
011637
011637
011638
011638
011638
011639
011639
011639
011642
011642
011642
011644
011644
011644
011647
011647
011647
011648
011648
011648
011649
011649
011649
011650
011650
011650
011651
011651
011651
011654
011654
011654
011655
011655
011655
011656
011656
011656
011657
011657
011657
011658
011658
011658
011659
011659
011659
011660
011660
011660
011661
011661
011661
011662
011662
011662
011663
011663
011663
011664
011664
011664
011665
011665
011665
011666
011666
011666
011669
011669
011669
011671
011671
011671
011672
011672
011672
011674
011674
011674
011675
011675
011675
011676
011676
011676
011678
011678
011678
011679
011679
011679
011680
011680
011680
011681
011681
011681
011685
011685
011685
011686
011686
011686
011689
011689
011689
011691
011691
011691
011692
011692
011692
011693
011693
011693
011695
011695
011695
011696
011696
011696
011697
011697
011697
011699
011699
011699
011700
011700
011702
011702
011702
011704
011704
011704
011705
011705
011705
011706
011706
011706
011707
011707
011707
011708
011708
011708
011709
011709
011709
011710
011710
011710
011711
011711
011711
011713
011713
011713
011714
011714
011714
011715
011715
011715
011718
011718
011718
011719
011719
011719
011720
011720
011720
011721
011721
011721
011722
011722
011722
011723
011723
011723
011724
011724
011724
011725
011725
011725
011726
011726
011726
011727
011727
011727
011728
011728
011728
011729
011729
011729
011730
011730
011730
011733
011733
011733
011734
011734
011734
011735
011735
011735
011736
011736
011736
011737
011737
011737
011739
011739
011739
011741
011741
011741
011742
011742
011742
011744
011744
011744
011745
011745
011745
011747
011747
011747
011748
011748
011748
011749
011749
011749
011750
011750
011750
011752
011752
011752
011756
011756
011756
011758
011758
011758
011759
011759
011759
011760
011760
011760
011761
011761
011761
011762
011762
011762
011763
011763
011763
011765
011765
011765
011766
011766
011766
011769
011769
011769
011770
011770
011770
011771
011771
011771
011772
011772
011772
011773
011773
011773
011774
011774
011774
011775
011775
011775
011776
011776
011776
011778
011778
011778
011779
011779
011779
011780
011780
011780
011781
011781
011781
011783
011783
011783
011784
011784
011784
011786
011786
011786
011787
011787
011787
011788
011788
011788
011790
011790
011790
011791
011791
011791
011792
011792
011792
011794
011794
011794
011799
011799
011799
011800
011800
011800
011801
011801
011801
011803
011803
011803
011804
011804
011804
011807
011807
011807
011808
011808
011808
011814
011814
011814
011815
011815
011815
011816
011816
011816
011817
011817
011819
011819
011819
011820
011820
011820
011822
011822
011822
011824
011824
011824
011826
011826
011826
011828
011828
011828
011829
011829
011829
011830
011830
011830
011831
011831
011831
011832
011832
011832
011835
011835
011836
011836
011836
011837
011837
011837
011838
011838
011838
011839
011839
011839
011840
011840
011840
011842
011842
011842
011844
011844
011844
011845
011845
011845
011846
011846
011846
011847
011847
011847
011848
011848
011848
011849
011849
011849
011850
011850
011850
011851
011851
011851
011852
011852
011852
011853
011853
011853
011855
011855
011855
011856
011856
011856
011857
011857
011857
011858
011858
011858
011860
011860
011860
011862
011862
011862
011865
011865
011865
011866
011866
011866
011867
011867
011867
011868
011868
011868
011869
011869
011869
011870
011870
011870
011871
011871
011871
011872
011872
011872
011874
011874
011874
011875
011875
011875
011876
011876
011876
011877
011877
011877
011878
011878
011878
011879
011879
011879
011880
011880
011880
011881
011881
011881
011882
011882
011882
011883
011883
011883
011884
011884
011884
011885
011885
011885
011886
011886
011886
011887
011887
011887
011888
011888
011888
011889
011889
011889
011891
011891
011891
011893
011893
011893
011896
011896
011896
011898
011898
011898
011899
011899
011899
011900
011900
011900
011901
011901
011901
011902
011902
011902
011903
011903
011903
011908
011908
011908
011909
011909
011909
011912
011912
011912
011913
011913
011913
011914
011914
011914
011915
011915
011915
011916
011916
011916
011917
011917
011917
011919
011919
011919
011920
011920
011920
011921
011921
011921
011922
011922
011922
011923
011923
011923
011924
011924
011924
011925
011925
011925
011927
011927
011927
011928
011928
011928
011929
011929
011929
011930
011930
011930
011931
011931
011931
011932
011932
011932
011933
011933
011933
011936
011936
011938
011938
011938
011939
011939
011939
011941
011941
011941
011942
011942
011942
011943
011943
011943
011944
011944
011944
011945
011945
011945
011946
011946
011946
011947
011947
011947
011948
011948
011948
011949
011949
011949
011950
011950
011950
011951
011951
011951
011952
011952
011952
011953
011953
011953
011954
011954
011954
011955
011955
011955
011957
011957
011957
011959
011959
011959
011960
011960
011960
011961
011961
011961
011963
011963
011963
011964
011964
011964
011966
011966
011966
011967
011967
011967
011968
011968
011968
011970
011970
011970
011971
011971
011971
011973
011973
011973
011974
011974
011974
011975
011975
011975
011976
011976
011976
011977
011977
011979
011979
011979
011980
011980
011980
011982
011982
011982
011983
011983
011983
011984
011984
011984
011986
011986
011986
011987
011987
011987
011989
011989
011989
011990
011990
011990
011992
011992
011992
011995
011995
011995
011998
011998
011998
012000
012000
012000
012002
012002
012002
012003
012003
012003
012004
012004
012004
012006
012006
012006
012007
012007
012007
012008
012008
012008
012009
012009
012009
012010
012010
012010
012011
012011
012011
012012
012012
012012
012013
012013
012013
012014
012014
012014
012015
012015
012015
012016
012016
012016
012017
012017
012017
012018
012018
012018
012019
012019
012019
012022
012022
012022
012024
012024
012024
012026
012026
012026
012027
012027
012027
012028
012028
012028
012029
012029
012029
012030
012030
012030
012031
012031
012031
012034
012034
012034
012035
012035
012035
012036
012036
012036
012037
012037
012037
012038
012038
012038
012039
012039
012039
012040
012040
012040
012042
012042
012042
012043
012043
012043
012045
012045
012045
012047
012047
012047
012048
012048
012048
012050
012050
012050
012052
012052
012052
012054
012054
012054
012055
012055
012055
012056
012056
012056
012057
012057
012057
012058
012058
012058
012061
012061
012061
012062
012062
012062
012063
012063
012063
012064
012064
012064
012066
012067
012067
012067
012068
012068
012068
012070
012070
012070
012072
012072
012072
012073
012073
012073
012074
012074
012074
012076
012076
012076
012077
012077
012077
012078
012078
012078
012079
012079
012079
012080
012080
012080
012081
012081
012081
012082
012082
012082
012083
012083
012083
012085
012085
012085
012086
012086
012086
012088
012088
012088
012090
012090
012090
012091
012091
012091
012092
012092
012092
012093
012093
012093
012095
012095
012095
012096
012096
012096
012097
012097
012097
012101
012101
012101
012102
012102
012102
012104
012104
012104
012105
012105
012105
012106
012106
012106
012107
012107
012107
012108
012108
012108
012109
012109
012109
012110
012110
012110
012111
012111
012111
012112
012112
012112
012113
012113
012113
012114
012114
012114
012115
012115
012115
012116
012116
012116
012119
012119
012119
012120
012120
012120
012121
012121
012121
012122
012122
012122
012123
012123
012123
012124
012124
012124
012125
012125
012125
012126
012126
012126
012128
012128
012128
012129
012129
012129
012130
012130
012130
012131
012131
012131
012133
012133
012133
012134
012134
012134
012137
012137
012137
012138
012138
012138
012139
012139
012139
012140
012140
012140
012141
012141
012141
012142
012142
012142
012144
012144
012144
012146
012146
012146
012147
012147
012147
012148
012148
012148
012150
012150
012150
012151
012151
012151
012152
012152
012152
012154
012154
012154
012155
012155
012155
012156
012156
012156
012157
012157
012157
012159
012159
012159
012161
012161
012161
012162
012162
012162
012164
012164
012164
012166
012166
012166
012169
012169
012169
012170
012170
012172
012172
012172
012173
012173
012173
012174
012174
012174
012175
012175
012175
012176
012176
012176
012177
012177
012177
012178
012178
012178
012180
012180
012180
012181
012181
012181
012182
012182
012182
012184
012184
012184
012185
012185
012185
012191
012191
012191
012192
012192
012192
012194
012194
012194
012196
012196
012196
012197
012197
012197
012198
012198
012198
012199
012199
012199
012201
012201
012201
012202
012202
012202
012203
012203
012203
012204
012204
012204
012206
012206
012206
012207
012207
012207
012208
012208
012208
012209
012209
012209
012210
012210
012210
012212
012212
012212
012213
012213
012213
012214
012214
012214
012216
012216
012216
012217
012217
012217
012218
012218
012218
012221
012221
012221
012223
012223
012223
012226
012226
012227
012227
012227
012228
012228
012228
012229
012229
012229
012231
012231
012231
012232
012232
012232
012233
012233
012233
012234
012234
012234
012236
012236
012236
012237
012237
012237
012239
012239
012239
012241
012241
012241
012242
012242
012242
012243
012243
012243
012246
012246
012246
012247
012247
012247
012248
012248
012248
012249
012249
012249
012251
012251
012251
012252
012252
012252
012253
012253
012253
012254
012254
012254
012255
012255
012255
012256
012256
012256
012257
012257
012257
012258
012258
012258
012259
012259
012259
012260
012260
012260
012261
012261
012261
012262
012262
012262
012266
012266
012266
012271
012271
012271
012272
012272
012272
012273
012273
012273
012274
012274
012274
012275
012275
012275
012276
012276
012276
012279
012279
012279
012283
012283
012283
012284
012284
012284
012285
012285
012285
012286
012286
012286
012287
012287
012287
012288
012288
012288
012289
012289
012289
012291
012291
012291
012292
012292
012292
012293
012293
012293
012294
012294
012294
012297
012297
012297
012298
012298
012298
012301
012301
012301
012303
012303
012303
012304
012304
012304
012305
012305
012305
012307
012307
012307
012311
012311
012311
012312
012312
012312
012313
012313
012313
012314
012314
012314
012315
012315
012315
012316
012316
012316
012317
012317
012317
012318
012318
012322
012322
012322
012323
012323
012323
012325
012325
012325
012327
012327
012327
012329
012329
012329
012331
012331
012331
012333
012333
012333
012334
012334
012334
012335
012335
012335
012336
012336
012336
012338
012338
012338
012341
012341
012341
012344
012344
012344
012345
012345
012345
012346
012346
012346
012348
012348
012348
012349
012349
012349
012350
012350
012350
012351
012351
012351
012352
012352
012352
012353
012353
012353
012354
012354
012354
012357
012357
012357
012358
012358
012358
012359
012359
012359
012360
012360
012360
012363
012363
012363
012366
012366
012366
012367
012367
012367
012368
012368
012368
012369
012369
012369
012370
012370
012370
012372
012372
012372
012373
012373
012373
012374
012374
012374
012375
012375
012375
012377
012377
012377
012379
012379
012379
012380
012380
012380
012381
012381
012381
012382
012382
012382
012383
012383
012383
012386
012386
012386
012389
012389
012389
012390
012390
012390
012391
012391
012391
012392
012392
012392
012394
012394
012394
012395
012395
012395
012396
012396
012396
012401
012401
012401
012402
012402
012402
012403
012403
012403
012404
012404
012404
012405
012405
012405
012406
012406
012406
012407
012407
012407
012408
012408
012408
012409
012409
012409
012411
012411
012411
012412
012412
012412
012413
012413
012413
012415
012415
012415
012416
012416
012416
012417
012417
012417
012418
012418
012418
012419
012419
012419
012421
012421
012421
012422
012422
012422
012424
012424
012424
012425
012425
012425
012426
012426
012426
012427
012427
012427
012428
012428
012428
012430
012430
012430
012431
012431
012431
012432
012432
012432
012433
012433
012433
012435
012435
012435
012436
012436
012438
012438
012438
012439
012439
012439
012440
012440
012440
012442
012442
012442
012443
012443
012443
012444
012444
012446
012446
012446
012448
012448
012448
012449
012449
012449
012450
012450
012450
012451
012451
012451
012452
012452
012452
012453
012453
012453
012455
012455
012455
012456
012456
012456
012457
012457
012457
012458
012458
012458
012460
012460
012460
012461
012461
012461
012462
012462
012462
012463
012463
012463
012466
012466
012466
012467
012467
012467
012468
012468
012468
012469
012469
012469
012470
012470
012470
012472
012472
012472
012473
012473
012473
012475
012475
012475
012476
012476
012476
012480
012480
012480
012481
012481
012481
012482
012482
012482
012483
012483
012483
012485
012485
012485
012486
012486
012486
012487
012487
012487
012489
012489
012489
012493
012493
012493
012494
012494
012494
012496
012496
012496
012497
012497
012497
012499
012499
012499
012500
012500
012500
012501
012501
012501
012502
012502
012502
012503
012503
012503
012504
012504
012504
012505
012505
012505
012507
012507
012507
012509
012509
012509
012510
012510
012510
012511
012511
012511
012512
012512
012512
012513
012513
012513
012514
012514
012514
012516
012516
012516
012517
012517
012517
012519
012519
012519
012520
012520
012520
012522
012522
012522
012525
012525
012525
012526
012526
012526
012528
012528
012528
012531
012531
012531
012532
012532
012532
012533
012533
012533
012535
012535
012535
012536
012536
012536
012537
012537
012537
012538
012538
012538
012539
012539
012539
012540
012540
012540
012542
012542
012542
012544
012544
012544
012545
012545
012545
012546
012546
012546
012547
012547
012547
012548
012548
012548
012549
012549
012549
012550
012550
012550
012551
012551
012552
012552
012552
012553
012553
012553
012556
012556
012556
012557
012557
012557
012560
012560
012560
012562
012562
012562
012563
012563
012563
012564
012564
012564
012565
012565
012565
012566
012566
012566
012569
012569
012569
012570
012570
012570
012571
012571
012571
012572
012572
012572
012573
012573
012573
012574
012574
012574
012576
012576
012576
012580
012580
012580
012582
012582
012582
012583
012583
012583
012585
012585
012585
012586
012586
012586
012588
012588
012588
012589
012589
012589
012590
012590
012590
012591
012591
012591
012592
012592
012592
012593
012593
012593
012594
012594
012594
012596
012596
012596
012597
012597
012597
012598
012598
012598
012599
012599
012599
012600
012600
012600
012603
012603
012603
012604
012604
012604
012605
012605
012605
012606
012606
012606
012607
012607
012607
012608
012608
012608
012609
012609
012609
012610
012610
012610
012612
012612
012612
012613
012613
012613
012614
012614
012614
012617
012617
012617
012618
012618
012618
012619
012619
012619
012620
012620
012620
012621
012621
012621
012623
012623
012623
012624
012624
012624
012626
012626
012626
012627
012627
012627
012628
012628
012628
012629
012629
012629
012631
012631
012631
012634
012634
012634
012635
012635
012635
012636
012636
012636
012637
012637
012637
012638
012638
012638
012641
012641
012641
012642
012642
012642
012643
012643
012643
012646
012646
012646
012647
012647
012647
012649
012649
012649
012650
012650
012650
012651
012651
012651
012652
012652
012652
012653
012653
012653
012654
012654
012654
012656
012656
012656
012658
012658
012658
012659
012659
012659
012660
012660
012660
012661
012661
012661
012662
012662
012662
012663
012663
012663
012666
012666
012666
012667
012667
012667
012669
012669
012669
012671
012671
012671
012672
012672
012672
012676
012676
012676
012677
012677
012677
012680
012680
012680
012681
012681
012681
012682
012682
012682
012683
012683
012683
012684
012684
012684
012685
012685
012685
012687
012687
012687
012688
012688
012688
012690
012690
012690
012692
012692
012692
012693
012693
012693
012694
012694
012694
012695
012695
012695
012699
012699
012699
012700
012700
012700
012701
012701
012701
012702
012702
012702
012703
012703
012703
012704
012704
012704
012705
012705
012705
012708
012708
012708
012709
012709
012709
012710
012710
012710
012711
012711
012711
012714
012714
012714
012715
012715
012715
012719
012719
012719
012721
012721
012721
012722
012722
012722
012723
012723
012723
012724
012724
012724
012725
012725
012725
012726
012726
012726
012727
012727
012727
012728
012728
012728
012729
012729
012729
012730
012730
012730
012731
012731
012731
012734
012734
012734
012736
012736
012736
012737
012737
012737
012738
012738
012738
012739
012739
012739
012740
012740
012740
012742
012742
012742
012743
012743
012743
012744
012744
012744
012745
012745
012745
012746
012746
012746
012747
012747
012747
012748
012748
012748
012749
012749
012749
012750
012750
012750
012751
012751
012751
012752
012752
012752
012754
012754
012754
012755
012755
012755
012756
012756
012756
012758
012758
012758
012759
012759
012759
012760
012760
012760
012763
012763
012763
012764
012764
012764
012765
012765
012765
012766
012766
012766
012767
012767
012767
012768
012768
012768
012769
012769
012769
012770
012770
012770
012771
012771
012771
012772
012772
012772
012774
012774
012774
012775
012775
012776
012776
012776
012777
012777
012777
012778
012778
012778
012779
012779
012779
012780
012780
012780
012781
012781
012781
012783
012783
012783
012784
012784
012784
012785
012785
012785
012786
012786
012786
012787
012787
012787
012788
012788
012788
012790
012790
012790
012792
012792
012792
012794
012794
012796
012796
012796
012797
012797
012797
012800
012800
012800
012801
012801
012801
012802
012802
012802
012803
012803
012803
012804
012804
012804
012806
012806
012806
012809
012809
012809
012811
012811
012811
012812
012812
012812
012814
012814
012814
012815
012815
012815
012816
012816
012816
012817
012817
012817
012818
012818
012818
012819
012819
012819
012820
012820
012820
012821
012821
012821
012822
012822
012822
012823
012823
012823
012824
012824
012824
012825
012825
012825
012826
012826
012826
012827
012827
012827
012831
012831
012831
012832
012832
012832
012834
012834
012834
012835
012835
012835
012839
012839
012839
012840
012840
012840
012841
012841
012841
012842
012842
012842
012843
012843
012843
012846
012846
012846
012847
012847
012847
012848
012848
012848
012849
012849
012849
012850
012850
012850
012851
012851
012851
012852
012852
012852
012853
012853
012853
012854
012854
012854
012855
012855
012855
012858
012858
012858
012859
012859
012859
012860
012860
012860
012862
012862
012862
012863
012863
012863
012864
012864
012864
012865
012865
012865
012866
012866
012866
012867
012867
012867
012868
012868
012868
012869
012869
012869
012871
012871
012871
012872
012872
012872
012873
012873
012873
012874
012874
012874
012875
012875
012875
012876
012876
012876
012878
012878
012878
012879
012879
012879
012880
012880
012880
012881
012881
012881
012884
012884
012884
012885
012885
012885
012886
012886
012886
012888
012888
012888
012889
012889
012889
012890
012890
012890
012893
012893
012893
012894
012894
012894
012895
012895
012895
012896
012896
012896
012897
012897
012897
012898
012898
012898
012900
012900
012900
012902
012902
012902
012904
012904
012904
012906
012906
012906
012907
012907
012907
012908
012908
012908
012909
012909
012909
012910
012910
012910
012911
012911
012911
012912
012912
012912
012914
012914
012914
012915
012915
012915
012916
012916
012916
012917
012917
012917
012918
012918
012918
012919
012919
012919
012920
012920
012920
012921
012921
012921
012922
012922
012922
012923
012923
012923
012924
012924
012924
012926
012926
012926
012928
012928
012928
012929
012929
012929
012931
012931
012931
012932
012932
012932
012933
012933
012933
012934
012934
012934
012936
012936
012936
012937
012937
012937
012938
012938
012938
012943
012943
012943
012944
012944
012944
012945
012945
012945
012947
012947
012947
012948
012948
012948
012952
012952
012952
012953
012953
012953
012954
012954
012954
012955
012955
012955
012957
012957
012957
012958
012958
012958
012959
012959
012959
012960
012960
012960
012961
012961
012961
012963
012963
012963
012964
012964
012964
012965
012965
012965
012966
012966
012966
012967
012967
012967
012970
012970
012970
012971
012971
012971
012972
012972
012972
012973
012973
012973
012974
012974
012974
012975
012975
012975
012976
012976
012976
012977
012977
012977
012978
012978
012978
012979
012979
012979
012980
012980
012980
012982
012982
012982
012983
012983
012983
012984
012984
012984
012986
012986
012986
012987
012987
012987
012988
012988
012988
012989
012989
012989
012990
012990
012990
012991
012991
012991
012994
012994
012994
012995
012995
012995
012996
012996
012996
012997
012997
012997
012999
012999
012999
013001
013001
013001
013002
013002
013002
013005
013005
013005
013008
013008
013008
013009
013009
013009
013011
013011
013011
013012
013012
013012
013014
013014
013014
013016
013016
013016
013017
013017
013017
013018
013018
013018
013019
013019
013019
013020
013020
013020
013021
013021
013021
013024
013024
013024
013026
013026
013026
013027
013027
013027
013028
013028
013028
013029
013029
013029
013030
013030
013030
013032
013032
013032
013033
013033
013033
013034
013034
013034
013035
013035
013035
013036
013036
013036
013037
013037
013037
013039
013039
013039
013040
013040
013040
013043
013043
013043
013044
013044
013044
013045
013045
013045
013047
013047
013047
013048
013048
013048
013049
013049
013049
013051
013051
013051
013052
013052
013052
013053
013053
013053
013054
013054
013054
013055
013055
013055
013058
013058
013058
013059
013059
013059
013061
013061
013061
013062
013062
013062
013063
013063
013063
013064
013064
013064
013065
013065
013065
013066
013066
013066
013069
013069
013069
013070
013070
013070
013072
013072
013072
013073
013073
013073
013077
013077
013077
013078
013078
013078
013079
013079
013079
013080
013080
013080
013081
013081
013081
013083
013083
013083
013084
013084
013084
013085
013085
013085
013086
013086
013086
013089
013089
013089
013090
013090
013090
013091
013091
013091
013092
013092
013092
013094
013094
013094
013095
013095
013095
013097
013097
013097
013098
013098
013098
013099
013099
013099
013100
013100
013100
013102
013102
013102
013103
013103
013103
013104
013104
013104
013105
013105
013105
013106
013106
013106
013107
013107
013107
013108
013108
013108
013109
013109
013109
013110
013110
013110
013111
013111
013111
013113
013113
013113
013114
013114
013114
013115
013115
013115
013117
013117
013117
013118
013118
013118
013119
013119
013119
013121
013121
013121
013123
013123
013123
013124
013124
013124
013126
013126
013126
013127
013127
013127
013128
013128
013128
013129
013129
013129
013134
013134
013134
013135
013135
013135
013137
013137
013137
013138
013138
013138
013139
013139
013139
013140
013140
013141
013141
013141
013142
013142
013142
013144
013144
013144
013145
013145
013145
013146
013146
013146
013147
013147
013147
013148
013148
013148
013149
013149
013149
013150
013150
013150
013151
013151
013151
013152
013152
013152
013153
013153
013153
013155
013155
013155
013156
013156
013156
013158
013158
013158
013159
013159
013159
013161
013161
013161
013162
013162
013162
013163
013163
013163
013165
013165
013165
013167
013167
013167
013168
013168
013168
013169
013169
013169
013170
013170
013170
013172
013172
013172
013173
013173
013173
013176
013176
013176
013177
013177
013177
013178
013178
013178
013179
013179
013179
013181
013181
013181
013183
013183
013183
013184
013184
013184
013185
013185
013185
013186
013186
013186
013187
013187
013187
013188
013188
013188
013191
013191
013191
013192
013192
013192
013193
013193
013193
013194
013194
013194
013195
013195
013195
013196
013196
013196
013197
013197
013197
013198
013198
013198
013200
013200
013200
013201
013201
013201
013203
013203
013203
013204
013204
013204
013205
013205
013205
013206
013206
013206
013209
013209
013209
013210
013210
013210
013211
013211
013211
013213
013213
013213
013214
013214
013214
013215
013215
013215
013216
013216
013216
013217
013217
013217
013218
013218
013218
013219
013219
013219
013220
013220
013220
013223
013223
013223
013225
013225
013225
013227
013227
013227
013228
013228
013228
013230
013230
013230
013231
013231
013231
013232
013232
013232
013233
013233
013233
013234
013234
013234
013235
013235
013235
013236
013236
013236
013237
013237
013237
013238
013238
013238
013239
013239
013239
013240
013240
013240
013241
013241
013241
013242
013242
013242
013243
013243
013243
013245
013245
013245
013246
013246
013246
013247
013247
013247
013248
013248
013248
013250
013250
013250
013251
013251
013251
013252
013252
013252
013254
013254
013254
013256
013256
013256
013257
013257
013257
013259
013259
013259
013261
013261
013261
013263
013263
013263
013265
013265
013265
013266
013266
013266
013267
013267
013267
013268
013268
013268
013269
013269
013269
013270
013270
013270
013271
013271
013271
013272
013272
013272
013273
013273
013273
013274
013274
013274
013275
013275
013275
013277
013277
013277
013279
013279
013279
013280
013280
013280
013281
013281
013281
013282
013282
013282
013283
013283
013283
013284
013284
013284
013285
013285
013285
013288
013288
013288
013290
013290
013290
013291
013291
013291
013293
013293
013293
013296
013296
013296
013297
013297
013297
013298
013298
013298
013299
013299
013299
013300
013300
013300
013301
013301
013301
013302
013302
013302
013303
013303
013303
013304
013304
013304
013307
013307
013307
013308
013308
013308
013309
013309
013309
013311
013311
013311
013312
013312
013312
013313
013313
013313
013319
013319
013319
013321
013321
013321
013322
013322
013322
013323
013323
013323
013324
013324
013324
013325
013325
013325
013326
013326
013326
013327
013327
013327
013328
013328
013328
013329
013329
013329
013330
013330
013330
013331
013331
013331
013332
013332
013332
013333
013333
013333
013334
013334
013334
013335
013335
013335
013337
013337
013337
013338
013338
013338
013340
013340
013340
013341
013341
013341
013342
013342
013342
013345
013345
013345
013346
013346
013346
013347
013347
013347
013348
013348
013348
013349
013349
013349
013351
013351
013351
013353
013353
013353
013354
013354
013354
013355
013355
013355
013356
013356
013356
013357
013357
013357
013360
013360
013360
013361
013361
013361
013362
013362
013362
013364
013364
013364
013365
013365
013365
013367
013367
013367
013368
013368
013368
013369
013369
013369
013372
013372
013372
013374
013374
013374
013375
013375
013375
013376
013376
013376
013377
013377
013377
013378
013378
013378
013379
013379
013379
013381
013381
013381
013383
013383
013383
013384
013384
013384
013385
013385
013385
013386
013386
013386
013387
013387
013387
013390
013390
013390
013391
013391
013391
013392
013392
013392
013393
013393
013393
013394
013394
013394
013395
013395
013395
013398
013398
013398
013399
013399
013399
013400
013400
013400
013401
013401
013401
013402
013402
013402
013405
013405
013405
013406
013406
013406
013407
013407
013407
013408
013408
013408
013410
013410
013410
013412
013412
013412
013413
013413
013413
013414
013414
013414
013416
013416
013416
013418
013418
013418
013421
013421
013421
013422
013422
013422
013424
013424
013424
013425
013425
013425
013427
013427
013427
013428
013428
013428
013429
013429
013429
013430
013430
013430
013432
013432
013432
013433
013433
013433
013434
013434
013434
013436
013436
013436
013438
013438
013438
013439
013439
013439
013441
013441
013441
013442
013442
013442
013443
013443
013443
013445
013445
013445
013446
013446
013446
013447
013447
013447
013448
013448
013448
013450
013450
013450
013452
013452
013452
013453
013453
013453
013455
013455
013455
013456
013456
013456
013457
013457
013457
013458
013458
013458
013459
013459
013459
013460
013460
013460
013461
013461
013461
013462
013462
013462
013463
013463
013463
013464
013464
013464
013465
013465
013465
013470
013470
013470
013472
013472
013472
013473
013473
013473
013477
013477
013477
013478
013478
013478
013479
013479
013479
013480
013480
013480
013481
013481
013481
013482
013482
013482
013483
013483
013483
013484
013484
013484
013486
013486
013486
013487
013487
013487
013488
013488
013488
013489
013489
013489
013490
013490
013490
013491
013491
013491
013492
013492
013492
013493
013493
013493
013494
013494
013494
013495
013495
013495
013496
013496
013496
013497
013497
013497
013498
013498
013498
013499
013499
013499
013500
013500
013500
013501
013501
013501
013502
013502
013502
013503
013503
013503
013505
013505
013505
013506
013506
013506
013507
013507
013507
013508
013508
013508
013509
013509
013509
013510
013510
013510
013513
013513
013513
013515
013515
013515
013516
013516
013516
013517
013517
013517
013518
013518
013518
013520
013520
013520
013521
013521
013521
013522
013522
013522
013523
013523
013523
013524
013524
013524
013525
013525
013525
013526
013526
013526
013528
013528
013528
013530
013530
013530
013531
013531
013531
013532
013532
013532
013534
013534
013534
013535
013535
013535
013536
013536
013536
013537
013537
013537
013538
013538
013538
013539
013539
013539
013540
013540
013540
013541
013541
013541
013542
013542
013542
013544
013544
013544
013545
013545
013545
013547
013547
013547
013548
013548
013548
013550
013550
013550
013551
013551
013551
013552
013552
013552
013553
013553
013553
013554
013554
013554
013555
013555
013555
013556
013556
013556
013557
013557
013557
013559
013559
013560
013560
013560
013563
013563
013563
013564
013564
013564
013565
013565
013565
013566
013566
013566
013569
013569
013569
013570
013570
013570
013571
013571
013571
013572
013572
013572
013575
013575
013575
013576
013576
013576
013578
013578
013578
013580
013580
013580
013581
013581
013581
013582
013582
013582
013583
013583
013583
013584
013584
013584
013588
013588
013588
013589
013589
013589
013590
013590
013590
013591
013591
013591
013594
013594
013594
013595
013595
013595
013596
013596
013596
013598
013598
013598
013599
013599
013599
013600
013600
013600
013603
013603
013603
013604
013604
013604
013606
013606
013606
013607
013607
013607
013609
013609
013609
013611
013611
013611
013612
013612
013612
013613
013613
013613
013614
013614
013614
013615
013615
013615
013616
013616
013616
013617
013617
013617
013618
013618
013618
013620
013620
013621
013621
013621
013622
013622
013623
013623
013623
013624
013624
013624
013625
013625
013625
013626
013626
013626
013627
013627
013627
013628
013628
013628
013629
013629
013629
013630
013630
013630
013631
013631
013631
013635
013635
013635
013637
013637
013637
013639
013639
013639
013640
013640
013640
013644
013644
013644
013649
013649
013649
013650
013650
013650
013651
013651
013651
013653
013653
013653
013656
013656
013656
013657
013657
013657
013658
013658
013658
013659
013659
013659
013660
013660
013660
013662
013662
013662
013663
013663
013663
013664
013664
013664
013666
013666
013666
013667
013667
013669
013669
013669
013670
013670
013670
013672
013672
013672
013673
013673
013673
013674
013674
013674
013677
013677
013677
013679
013679
013679
013680
013680
013680
013681
013681
013681
013683
013683
013683
013684
013684
013684
013685
013685
013685
013686
013686
013686
013687
013687
013687
013688
013688
013688
013690
013690
013690
013691
013691
013691
013692
013692
013692
013693
013693
013693
013694
013694
013694
013696
013696
013696
013697
013697
013697
013698
013698
013698
013699
013699
013699
013701
013701
013701
013702
013702
013702
013704
013704
013704
013706
013706
013706
013707
013707
013707
013708
013708
013708
013711
013711
013711
013712
013712
013712
013713
013713
013713
013714
013714
013714
013715
013715
013715
013716
013716
013716
013717
013717
013717
013720
013720
013720
013723
013723
013723
013724
013724
013724
013725
013725
013725
013726
013726
013726
013727
013727
013727
013729
013729
013729
013730
013730
013730
013731
013731
013731
013732
013732
013732
013733
013733
013733
013737
013737
013737
013739
013739
013739
013740
013740
013740
013742
013742
013742
013743
013743
013743
013744
013744
013744
013746
013746
013746
013749
013749
013749
013750
013750
013750
013751
013751
013751
013752
013752
013752
013755
013755
013755
013758
013758
013758
013759
013759
013759
013760
013760
013760
013762
013762
013762
013764
013764
013764
013767
013767
013767
013769
013769
013769
013770
013770
013770
013771
013771
013771
013772
013772
013772
013773
013773
013773
013774
013774
013774
013775
013775
013775
013776
013776
013776
013779
013779
013779
013781
013781
013781
013782
013782
013782
013783
013783
013783
013784
013784
013784
013785
013785
013785
013786
013786
013786
013787
013787
013787
013788
013788
013788
013789
013789
013789
013790
013790
013790
013791
013791
013791
013793
013793
013793
013794
013794
013794
013795
013795
013795
013797
013797
013797
013799
013799
013799
013800
013800
013800
013801
013801
013801
013802
013802
013802
013805
013805
013807
013807
013807
013808
013808
013808
013809
013809
013809
013813
013813
013813
013814
013814
013814
013815
013815
013815
013817
013817
013817
013818
013818
013818
013819
013819
013819
013820
013820
013820
013821
013821
013821
013822
013822
013822
013824
013824
013824
013825
013825
013825
013826
013826
013826
013827
013827
013827
013828
013828
013828
013829
013829
013829
013830
013830
013830
013831
013831
013831
013832
013832
013832
013834
013834
013834
013835
013835
013835
013836
013836
013836
013837
013837
013837
013838
013838
013838
013839
013839
013839
013840
013840
013840
013841
013841
013841
013842
013842
013842
013843
013843
013843
013844
013844
013844
013845
013845
013845
013847
013847
013847
013848
013848
013848
013851
013851
013851
013852
013852
013852
013853
013853
013853
013854
013854
013854
013856
013856
013856
013857
013857
013857
013858
013858
013858
013859
013859
013859
013860
013860
013860
013861
013861
013861
013862
013862
013862
013863
013863
013863
013865
013865
013865
013866
013866
013866
013867
013867
013867
013868
013868
013868
013869
013869
013869
013872
013872
013872
013873
013873
013873
013875
013875
013876
013876
013876
013877
013877
013877
013878
013878
013878
013882
013882
013882
013883
013883
013883
013884
013884
013884
013885
013885
013885
013886
013886
013886
013887
013887
013887
013888
013888
013888
013890
013890
013890
013891
013891
013891
013892
013892
013892
013893
013893
013893
013894
013894
013894
013895
013895
013895
013896
013896
013896
013897
013897
013897
013899
013899
013899
013900
013900
013900
013903
013903
013903
013904
013904
013904
013906
013906
013906
013907
013907
013907
013909
013909
013909
013912
013912
013912
013913
013913
013913
013914
013914
013914
013915
013915
013915
013916
013916
013916
013917
013917
013917
013918
013918
013918
013919
013919
013919
013921
013921
013921
013922
013922
013922
013923
013923
013923
013924
013924
013924
013925
013925
013925
013928
013928
013928
013930
013930
013930
013931
013931
013931
013932
013932
013932
013933
013933
013933
013934
013934
013934
013935
013935
013935
013936
013936
013936
013938
013938
013938
013939
013939
013939
013940
013940
013940
013941
013941
013941
013943
013943
013943
013944
013944
013944
013945
013945
013945
013946
013946
013946
013947
013947
013947
013948
013948
013948
013950
013950
013950
013951
013951
013951
013953
013953
013953
013954
013954
013954
013956
013956
013956
013957
013957
013957
013958
013958
013958
013959
013959
013959
013961
013961
013961
013964
013964
013964
013967
013967
013967
013970
013970
013970
013971
013971
013971
013972
013972
013972
013975
013975
013975
013976
013976
013976
013977
013977
013977
013979
013979
013979
013982
013982
013982
013983
013983
013983
013984
013984
013984
013985
013985
013985
013986
013986
013986
013987
013987
013987
013988
013988
013988
013989
013989
013989
013990
013990
013990
013991
013991
013991
013992
013992
013992
013993
013993
013993
013994
013994
013994
013995
013995
013995
013996
013996
013996
013997
013997
013997
013999
013999
014000
014000
014000
014001
014001
014001
014003
014003
014003
014004
014004
014004
014006
014006
014006
014008
014008
014008
014009
014009
014009
014011
014011
014011
014013
014013
014013
014014
014014
014014
014016
014016
014016
014017
014017
014017
014018
014018
014018
014019
014019
014019
014022
014022
014022
014023
014023
014023
014024
014024
014024
014026
014026
014026
014027
014027
014027
014028
014028
014028
014029
014029
014029
014031
014031
014031
014033
014033
014033
014034
014034
014034
014035
014035
014035
014036
014036
014036
014037
014037
014037
014038
014038
014038
014040
014040
014040
014042
014042
014042
014044
014044
014044
014045
014045
014045
014048
014048
014048
014050
014050
014050
014052
014052
014052
014053
014053
014053
014054
014054
014054
014055
014055
014055
014056
014056
014056
014057
014057
014057
014058
014058
014058
014059
014059
014059
014060
014060
014060
014061
014061
014061
014062
014062
014062
014063
014063
014063
014064
014064
014064
014065
014065
014065
014066
014066
014066
014067
014067
014067
014068
014068
014068
014069
014069
014069
014070
014070
014070
014071
014071
014071
014073
014073
014073
014074
014074
014074
014075
014075
014075
014076
014076
014076
014079
014079
014079
014080
014080
014080
014081
014081
014081
014082
014082
014082
014083
014083
014083
014084
014084
014084
014085
014085
014085
014086
014086
014086
014089
014089
014089
014090
014090
014090
014091
014091
014091
014092
014092
014092
014095
014095
014095
014096
014096
014096
014097
014097
014097
014098
014098
014098
014099
014099
014099
014100
014100
014100
014101
014101
014101
014103
014103
014103
014104
014104
014104
014105
014105
014105
014106
014106
014106
014107
014107
014107
014111
014111
014111
014114
014114
014114
014115
014115
014115
014116
014116
014116
014117
014117
014117
014118
014118
014118
014121
014121
014121
014122
014122
014122
014124
014124
014124
014125
014125
014125
014126
014126
014126
014127
014127
014127
014129
014129
014129
014132
014132
014132
014134
014134
014134
014135
014135
014135
014136
014136
014136
014137
014137
014137
014138
014138
014138
014140
014140
014140
014141
014141
014141
014142
014142
014142
014143
014143
014143
014144
014144
014144
014145
014145
014145
014147
014147
014147
014148
014148
014148
014149
014149
014149
014150
014150
014150
014151
014151
014151
014152
014152
014152
014153
014153
014154
014154
014154
014155
014155
014155
014156
014156
014156
014157
014157
014157
014158
014158
014158
014159
014159
014159
014163
014163
014163
014164
014164
014164
014165
014165
014165
014166
014166
014166
014167
014167
014167
014168
014168
014168
014170
014170
014170
014172
014172
014172
014173
014173
014173
014174
014174
014174
014175
014175
014175
014176
014176
014176
014177
014177
014177
014178
014178
014178
014179
014179
014179
014180
014180
014180
014181
014181
014181
014182
014182
014182
014183
014183
014183
014184
014184
014184
014186
014186
014186
014187
014187
014187
014188
014188
014188
014189
014189
014189
014190
014190
014190
014191
014191
014191
014193
014193
014193
014196
014196
014196
014197
014197
014197
014199
014199
014199
014201
014201
014201
014202
014202
014202
014203
014203
014203
014204
014204
014204
014206
014206
014206
014207
014207
014207
014208
014208
014208
014209
014209
014209
014210
014210
014210
014211
014211
014211
014212
014212
014212
014216
014216
014216
014217
014217
014217
014219
014219
014219
014220
014220
014220
014221
014221
014221
014223
014223
014223
014224
014224
014224
014225
014225
014225
014226
014226
014226
014227
014227
014227
014229
014229
014229
014230
014230
014230
014231
014231
014231
014233
014233
014233
014235
014235
014235
014236
014236
014236
014237
014237
014237
014238
014238
014238
014239
014239
014239
014240
014240
014240
014241
014241
014241
014242
014242
014242
014243
014243
014243
014246
014246
014246
014248
014248
014248
014249
014249
014249
014251
014251
014251
014254
014254
014254
014255
014255
014255
014256
014256
014256
014257
014257
014257
014258
014258
014258
014259
014259
014259
014260
014260
014260
014261
014261
014261
014262
014262
014262
014263
014263
014263
014264
014264
014264
014265
014265
014265
014266
014266
014266
014267
014267
014267
014269
014269
014269
014270
014270
014270
014271
014271
014271
014274
014274
014274
014275
014275
014275
014276
014276
014276
014277
014277
014277
014278
014278
014278
014281
014281
014281
014282
014282
014282
014284
014284
014284
014286
014286
014286
014287
014287
014287
014288
014288
014288
014289
014289
014289
014291
014291
014291
014293
014293
014293
014294
014294
014294
014296
014296
014296
014297
014297
014297
014298
014298
014298
014300
014300
014300
014301
014301
014301
014302
014302
014302
014303
014303
014303
014306
014306
014306
014308
014308
014308
014309
014309
014309
014314
014314
014314
014315
014315
014315
014316
014316
014317
014317
014317
014319
014319
014319
014321
014321
014321
014322
014322
014322
014323
014323
014323
014324
014324
014324
014325
014325
014325
014327
014327
014327
014328
014328
014328
014329
014329
014329
014331
014331
014331
014332
014332
014332
014333
014333
014334
014334
014334
014335
014335
014335
014337
014337
014337
014338
014338
014338
014339
014339
014339
014340
014340
014340
014341
014341
014341
014343
014343
014343
014344
014344
014344
014345
014345
014346
014346
014346
014348
014348
014348
014349
014349
014349
014350
014350
014350
014353
014353
014353
014354
014354
014354
014355
014355
014355
014356
014356
014356
014357
014357
014357
014358
014358
014358
014359
014359
014359
014360
014360
014360
014363
014363
014363
014364
014364
014364
014365
014365
014365
014366
014366
014366
014367
014367
014367
014368
014368
014368
014369
014369
014369
014370
014370
014370
014371
014371
014371
014372
014372
014372
014373
014373
014373
014374
014374
014374
014375
014375
014375
014376
014376
014376
014377
014377
014377
014378
014378
014378
014379
014379
014379
014381
014381
014381
014382
014382
014382
014383
014383
014383
014385
014385
014385
014386
014386
014386
014388
014388
014388
014391
014391
014391
014393
014393
014393
014394
014394
014394
014396
014396
014396
014397
014397
014397
014398
014398
014398
014399
014399
014399
014400
014400
014400
014401
014401
014401
014402
014402
014402
014403
014403
014403
014404
014404
014404
014405
014405
014405
014406
014406
014406
014407
014407
014407
014408
014408
014408
014409
014409
014409
014410
014410
014410
014411
014411
014411
014412
014412
014412
014413
014413
014413
014414
014414
014414
014415
014415
014415
014417
014417
014417
014418
014418
014418
014419
014419
014419
014421
014421
014421
014423
014423
014423
014424
014424
014424
014425
014425
014425
014427
014427
014427
014429
014429
014429
014430
014430
014430
014433
014433
014433
014435
014435
014435
014438
014438
014438
014439
014439
014439
014441
014441
014441
014442
014442
014442
014443
014443
014443
014446
014446
014446
014447
014447
014447
014449
014449
014449
014450
014450
014450
014451
014451
014451
014452
014452
014452
014454
014454
014454
014455
014455
014455
014456
014456
014456
014458
014458
014458
014459
014459
014459
014460
014460
014460
014461
014461
014461
014463
014463
014463
014464
014464
014464
014465
014465
014465
014466
014466
014466
014467
014467
014467
014468
014468
014468
014469
014469
014469
014470
014470
014470
014471
014471
014471
014473
014473
014473
014474
014474
014474
014475
014475
014475
014476
014476
014476
014478
014478
014478
014479
014479
014479
014481
014481
014481
014482
014482
014482
014483
014483
014483
014484
014484
014484
014485
014485
014485
014486
014486
014486
014487
014487
014487
014488
014488
014488
014489
014489
014489
014490
014490
014490
014491
014491
014491
014492
014492
014492
014493
014493
014493
014494
014494
014494
014495
014495
014495
014497
014497
014497
014498
014498
014498
014500
014500
014500
014501
014501
014501
014502
014502
014502
014503
014503
014503
014504
014504
014504
014505
014505
014505
014507
014507
014507
014508
014508
014508
014509
014509
014509
014511
014511
014511
014513
014513
014513
014514
014514
014514
014515
014515
014515
014516
014516
014516
014518
014518
014518
014519
014519
014519
014520
014520
014520
014521
014521
014521
014523
014523
014523
014524
014524
014524
014525
014525
014525
014526
014526
014526
014527
014527
014527
014528
014528
014528
014530
014530
014530
014531
014531
014531
014532
014532
014532
014534
014534
014534
014537
014537
014537
014538
014538
014538
014539
014539
014539
014540
014540
014540
014542
014542
014542
014544
014544
014544
014545
014545
014545
014547
014547
014547
014548
014548
014548
014549
014549
014549
014550
014550
014550
014551
014551
014551
014552
014552
014553
014553
014553
014555
014555
014555
014556
014556
014556
014558
014558
014558
014559
014559
014559
014561
014561
014561
014563
014563
014563
014564
014564
014564
014566
014566
014566
014567
014567
014567
014569
014569
014569
014570
014570
014570
014571
014571
014571
014572
014572
014572
014575
014575
014575
014576
014576
014576
014577
014577
014577
014578
014578
014578
014580
014580
014580
014582
014582
014582
014583
014583
014584
014584
014584
014585
014585
014585
014586
014586
014586
014587
014587
014587
014589
014589
014589
014590
014590
014590
014591
014591
014591
014592
014592
014592
014593
014593
014593
014594
014594
014594
014595
014595
014595
014596
014596
014596
014597
014597
014597
014598
014598
014598
014599
014599
014599
014600
014600
014600
014601
014601
014601
014602
014602
014602
014606
014606
014606
014608
014608
014608
014609
014609
014609
014610
014610
014610
014611
014611
014611
014614
014614
014614
014615
014615
014615
M000002
M000002
M000002
M000002
M000003
M000003
M000003
M000003
M000004
M000004
M000004
M000004
M000005
M000005
M000005
M000005
M000006
M000006
M000006
M000006
M000007
M000007
M000007
M000007
M000008
M000008
M000008
M000008
M000009
M000009
M000009
M000009
M000010
M000010
M000010
M000010
M000012
M000012
M000012
M000012
M000013
M000013
M000013
M000013
M000014
M000014
M000014
M000015
M000015
M000015
M000017
M000017
M000017
M000018
M000018
M000018
M000020
M000020
M000020
M000023
M000023
M000023
M000025
M000025
M000025
M000027
M000027
M000027
M000028
M000028
M000028
M000029
M000029
M000029
M000030
M000030
M000030
M000031
M000031
M000031
M000032
M000032
M000032
M000033
M000033
M000033
M000034
M000034
M000034
M000035
M000035
M000035
M000036
M000036
M000036
M000037
M000037
M000037
M000038
M000038
M000038
M000040
M000040
M000040
M000041
M000041
M000041
M000042
M000042
M000042
M000043
M000043
M000043
M000044
M000044
M000044
M000045
M000045
M000045
M000046
M000046
M000046
M000047
M000047
M000047
M000049
M000049
M000049
M000050
M000050
M000050
M000051
M000051
M000051
M000052
M000052
M000052
M000054
M000054
M000054
M000056
M000056
M000056
M000057
M000057
M000057
M000058
M000058
M000058
M000059
M000059
M000059
M000060
M000060
M000060
M000061
M000061
M000061
M000062
M000062
M000062
M000065
M000065
M000065
M000068
M000068
M000068
M000069
M000069
M000069
M000070
M000070
M000070
M000074
M000074
M000074
M000075
M000075
M000075
M000077
M000077
M000077
M000078
M000078
M000078
M000079
M000079
M000079
M000080
M000080
M000080
M000081
M000081
M000081
M000082
M000082
M000082
M000083
M000083
M000083
M000084
M000084
M000084
M000087
M000087
M000087
M000089
M000089
M000089
M000090
M000090
M000090
M000092
M000092
M000092
M000093
M000093
M000094
M000094
M000094
M000095
M000095
M000095
M000096
M000096
M000096
M000097
M000097
M000097
M000098
M000098
M000098
M000100
M000100
M000100
M000101
M000101
M000101
M000102
M000102
M000102
M000103
M000103
M000103
M000105
M000105
M000105
M000107
M000107
M000107
M000108
M000108
M000108
M000109
M000109
M000109
M000110
M000110
M000110
M000112
M000112
M000112
M000113
M000113
M000113
M000116
M000116
M000116
M000117
M000117
M000117
M000120
M000120
M000120
M000121
M000121
M000121
M000122
M000122
M000122
M000123
M000123
M000123
M000125
M000125
M000125
M000126
M000126
M000126
M000128
M000128
M000128
M000129
M000129
M000129
M000132
M000132
M000132
M000135
M000135
M000135
M000136
M000136
M000136
M000137
M000137
M000137
M000138
M000138
M000138
M000140
M000140
M000140
M000141
M000141
M000141
M000142
M000142
M000142
M000144
M000144
M000144
M000145
M000145
M000145
M000146
M000146
M000146
M000147
M000147
M000147
M000148
M000148
M000148
M000149
M000149
M000149
M000150
M000150
M000150
M000151
M000151
M000151
M000152
M000152
M000152
M000154
M000154
M000154
M000156
M000156
M000156
M000157
M000157
M000157
M000158
M000158
M000158
M000159
M000159
M000159
M000161
M000161
M000161
M000162
M000162
M000162
M000163
M000163
M000163
M000164
M000164
M000164
M000165
M000165
M000165
M000168
M000168
M000168
M000169
M000169
M000169
M000170
M000170
M000170
M000171
M000171
M000171
M000172
M000172
M000172
M000173
M000173
M000173
M000175
M000175
M000175
M000177
M000177
M000177
M000180
M000180
M000180
M000181
M000181
M000181
M000182
M000182
M000182
M000183
M000183
M000183
M000184
M000184
M000184
M000185
M000185
M000185
M000186
M000186
M000186
M000187
M000187
M000187
M000188
M000188
M000188
M000190
M000190
M000190
M000191
M000191
M000191
M000192
M000192
M000197
M000197
M000197
M000198
M000198
M000198
M000199
M000199
M000199
M000200
M000200
M000200
M000201
M000201
M000201
M000202
M000202
M000203
M000203
M000203
M000204
M000204
M000204
M000206
M000206
M000206
M000209
M000209
M000209
M000210
M000210
M000210
M000212
M000212
M000212
M000214
M000214
M000214
M000215
M000215
M000215
M000216
M000216
M000216
M000217
M000217
M000217
M000218
M000218
M000218
M000219
M000219
M000219
M000220
M000220
M000220
M000221
M000221
M000221
M000222
M000222
M000222
M000223
M000223
M000223
M000224
M000224
M000224
M000225
M000225
M000225
M000226
M000226
M000226
M000227
M000227
M000227
M000229
M000229
M000229
M000230
M000230
M000230
M000231
M000231
M000232
M000232
M000232
M000233
M000233
M000233
M000234
M000234
M000234
M000235
M000235
M000235
M000236
M000236
M000236
M000237
M000237
M000237
M000237
M000238
M000238
M000238
M000240
M000240
M000240
M000242
M000242
M000242
M000243
M000243
M000243
M000244
M000244
M000244
M000247
M000247
M000248
M000248
M000248
M000250
M000250
M000250
M000251
M000251
M000251
M000252
M000252
M000252
M000254
M000254
M000254
M000255
M000255
M000255
M000256
M000256
M000256
M000257
M000257
M000257
M000258
M000258
M000258
M000259
M000259
M000259
M000260
M000260
M000260
M000261
M000261
M000261
M000262
M000262
M000262
M000267
M000267
M000267
M000269
M000269
M000269
M000270
M000270
M000270
M000271
M000271
M000271
M000273
M000273
M000273
M000275
M000275
M000275
M000276
M000276
M000276
M000277
M000277
M000277
M000278
M000278
M000278
M000279
M000279
M000279
M000280
M000280
M000280
M000281
M000281
M000281
M000282
M000282
M000282
M000283
M000283
M000283
M000284
M000284
M000284
M000286
M000286
M000286
M000287
M000287
M000287
M000288
M000288
M000289
M000289
M000289
M000290
M000290
M000290
M000291
M000291
M000291
M000292
M000292
M000292
M000293
M000293
M000293
M000294
M000294
M000294
M000295
M000295
M000295
M000297
M000297
M000297
M000298
M000298
M000298
M000300
M000300
M000300
M000301
M000301
M000301
M000303
M000303
M000303
M000305
M000305
M000305
M000308
M000308
M000308
M000309
M000309
M000309
M000311
M000311
M000311
M000312
M000312
M000312
M000314
M000314
M000314
M000315
M000315
M000315
M000316
M000316
M000316
M000318
M000318
M000318
M000319
M000319
M000319
M000321
M000321
M000321
M000322
M000322
M000322
M000323
M000323
M000323
M000325
M000325
M000325
M000326
M000326
M000326
M000328
M000328
M000328
M000329
M000329
M000329
M000330
M000330
M000330
M000331
M000331
M000331
M000332
M000332
M000332
M000333
M000333
M000333
M000334
M000334
M000334
M000335
M000335
M000335
M000336
M000336
M000336
M000340
M000340
M000340
M000341
M000341
M000341
M000342
M000342
M000342
M000345
M000345
M000345
M000347
M000347
M000347
M000349
M000349
M000349
M000353
M000353
M000353
M000354
M000354
M000354
M000355
M000355
M000355
M000356
M000356
M000356
M000357
M000357
M000357
M000359
M000359
M000359
M000360
M000360
M000360
M000361
M000361
M000361
M000362
M000362
M000362
M000364
M000364
M000364
M000365
M000365
M000366
M000366
M000366
M000367
M000367
M000367
M000368
M000368
M000368
M000369
M000369
M000369
M000370
M000370
M000370
M000371
M000371
M000371
M000372
M000372
M000372
M000373
M000373
M000373
M000375
M000375
M000375
M000376
M000376
M000376
M000377
M000377
M000377
M000378
M000378
M000380
M000380
M000380
M000381
M000381
M000381
M000383
M000383
M000383
M000384
M000384
M000384
M000385
M000385
M000385
M000386
M000386
M000386
M000388
M000388
M000388
M000390
M000390
M000390
M000391
M000391
M000391
M000392
M000392
M000392
M000393
M000393
M000393
M000394
M000394
M000394
M000395
M000395
M000395
M000396
M000396
M000396
M000397
M000397
M000397
M000399
M000399
M000399
M000400
M000400
M000401
M000401
M000401
M000402
M000402
M000402
M000403
M000403
M000403
M000404
M000404
M000404
M000406
M000406
M000407
M000407
M000408
M000408
M000408
M000410
M000410
M000410
M000411
M000411
M000411
M000412
M000412
M000412
M000413
M000413
M000413
M000414
M000414
M000414
M000415
M000415
M000415
M000416
M000416
M000416
M000418
M000418
M000420
M000420
M000420
M000422
M000422
M000422
M000423
M000423
M000423
M000425
M000425
M000426
M000426
M000426
M000427
M000427
M000427
M000428
M000428
M000428
M000430
M000430
M000430
M000431
M000431
M000431
M000432
M000432
M000432
M000434
M000434
M000434
M000435
M000435
M000435
M000436
M000436
M000436
M000437
M000437
M000437
M000438
M000438
M000438
M000440
M000440
M000440
M000441
M000441
M000441
M000444
M000444
M000444
M000445
M000445
M000445
M000446
M000446
M000446
M000447
M000447
M000447
M000449
M000449
M000449
M000450
M000450
M000450
M000451
M000451
M000451
M000452
M000452
M000452
M000453
M000453
M000453
M000455
M000455
M000455
M000456
M000456
M000456
M000457
M000457
M000457
M000458
M000458
M000458
M000459
M000459
M000459
M000461
M000461
M000461
M000462
M000462
M000462
M000463
M000463
M000464
M000464
M000464
M000465
M000465
M000465
M000466
M000466
M000466
M000468
M000468
M000468
M000470
M000470
M000470
M000471
M000471
M000471
M000473
M000473
M000473
M000474
M000474
M000474
M000477
M000477
M000477
M000478
M000478
M000478
M000479
M000479
M000479
M000480
M000480
M000480
M000481
M000481
M000481
M000482
M000482
M000482
M000483
M000483
M000483
M000484
M000484
M000484
M000485
M000485
M000485
M000487
M000487
M000487
M000488
M000488
M000488
M000491
M000491
M000491
M000492
M000492
M000492
M000493
M000493
M000493
M000494
M000494
M000494
M000495
M000495
M000495
M000496
M000496
M000496
M000498
M000498
M000498
M000499
M000499
M000499
M000500
M000500
M000500
M000501
M000501
M000501
M000502
M000502
M000502
M000503
M000503
M000503
M000505
M000505
M000505
M000506
M000506
M000506
M000508
M000508
M000508
M000509
M000509
M000509
M000511
M000511
M000511
M000513
M000513
M000513
M000514
M000514
M000514
M000517
M000517
M000517
M000518
M000518
M000518
M000520
M000520
M000520
M000521
M000521
M000522
M000522
M000522
M000524
M000524
M000524
M000525
M000525
M000525
M000526
M000526
M000526
M000527
M000527
M000527
M000529
M000529
M000529
M000530
M000530
M000530
M000532
M000532
M000532
M000533
M000533
M000533
M000535
M000535
M000535
M000536
M000536
M000536
M000537
M000537
M000537
M000538
M000538
M000538
M000539
M000539
M000539
M000540
M000540
M000540
M000541
M000541
M000541
M000542
M000542
M000542
M000543
M000543
M000543
M000544
M000544
M000544
M000545
M000545
M000545
M000546
M000546
M000546
M000547
M000547
M000547
M000549
M000549
M000549
M000554
M000554
M000554
M000555
M000555
M000555
M000558
M000558
M000558
M000559
M000559
M000559
M000560
M000560
M000560
M000561
M000561
M000561
M000563
M000563
M000563
M000564
M000564
M000564
M000566
M000566
M000566
M000567
M000567
M000567
M000568
M000568
M000568
M000569
M000569
M000569
M000570
M000570
M000570
M000572
M000572
M000572
M000573
M000573
M000573
M000574
M000574
M000574
M000575
M000575
M000575
M000577
M000577
M000577
M000581
M000581
M000581
M000582
M000582
M000582
M000584
M000584
M000584
M000585
M000585
M000585
M000587
M000587
M000587
M000588
M000588
M000588
M000589
M000589
M000589
M000590
M000590
M000590
M000591
M000591
M000591
M000592
M000592
M000592
M000593
M000593
M000593
M000594
M000594
M000594
M000595
M000595
M000595
M000596
M000596
M000596
M000598
M000598
M000598
M000599
M000599
M000599
M000602
M000602
M000602
M000603
M000603
M000603
M000604
M000604
M000604
M000606
M000606
M000606
M000607
M000607
M000607
M000608
M000608
M000608
M000610
M000610
M000610
M000611
M000611
M000611
M000614
M000614
M000614
M000615
M000615
M000615
M000616
M000616
M000616
M000617
M000617
M000617
M000618
M000618
M000618
M000619
M000619
M000619
M000620
M000620
M000620
M000621
M000621
M000621
M000622
M000622
M000622
M000623
M000623
M000623
M000624
M000624
M000624
M000625
M000625
M000625
M000627
M000627
M000627
M000631
M000631
M000631
M000632
M000632
M000632
M000634
M000634
M000634
M000635
M000635
M000635
M000636
M000636
M000636
M000637
M000637
M000637
M000639
M000639
M000639
M000641
M000641
M000641
M000642
M000642
M000642
M000643
M000643
M000643
M000644
M000644
M000644
M000647
M000647
M000648
M000648
M000648
M000649
M000649
M000649
M000650
M000650
M000650
M000652
M000652
M000652
M000653
M000653
M000653
M000654
M000654
M000654
M000655
M000655
M000655
M000656
M000656
M000656
M000657
M000657
M000657
M000658
M000658
M000658
M000660
M000660
M000660
M000661
M000661
M000661
M000662
M000662
M000662
M000664
M000664
M000664
M000667
M000667
M000667
M000668
M000668
M000668
M000670
M000670
M000670
M000671
M000671
M000671
M000672
M000672
M000672
M000673
M000673
M000673
M000674
M000674
M000674
M000675
M000675
M000675
M000676
M000676
M000676
M000678
M000678
M000678
M000681
M000681
M000681
M000682
M000682
M000682
M000683
M000683
M000683
M000684
M000684
M000684
M000685
M000685
M000685
M000686
M000686
M000686
M000689
M000689
M000689
M000690
M000690
M000690
M000691
M000691
M000691
M000692
M000692
M000692
M000693
M000693
M000693
M000694
M000694
M000694
M000695
M000695
M000695
M000697
M000697
M000697
M000698
M000698
M000698
M000701
M000701
M000701
M000702
M000702
M000702
M000703
M000703
M000703
M000705
M000705
M000705
M000706
M000706
M000706
M000707
M000707
M000707
M000709
M000709
M000709
M000711
M000711
M000711
M000712
M000712
M000712
M000713
M000713
M000713
M000714
M000714
M000714
M000716
M000716
M000716
M000718
M000718
M000718
M000719
M000719
M000719
M000720
M000720
M000720
M000721
M000721
M000721
M000722
M000722
M000722
M000723
M000723
M000723
M000725
M000725
M000725
M000726
M000726
M000726
M000728
M000728
M000728
M000729
M000729
M000729
M000732
M000732
M000732
M000733
M000733
M000733
M000736
M000736
M000736
M000737
M000737
M000737
M000738
M000738
M000738
M000739
M000739
M000739
M000741
M000741
M000741
M000743
M000743
M000743
M000746
M000746
M000746
M000747
M000747
M000747
M000748
M000748
M000748
M000752
M000752
M000752
M000753
M000753
M000753
M000754
M000754
M000754
M000755
M000755
M000755
M000756
M000756
M000756
M000757
M000757
M000757
M000758
M000758
M000758
M000760
M000760
M000760
M000761
M000761
M000761
M000762
M000762
M000762
M000763
M000763
M000763
M000764
M000764
M000764
M000765
M000765
M000765
M000766
M000766
M000766
M000768
M000768
M000768
M000769
M000769
M000769
M000770
M000770
M000770
M000771
M000771
M000771
M000772
M000772
M000772
M000773
M000773
M000773
M000774
M000774
M000774
M000775
M000775
M000775
M000777
M000777
M000777
M000778
M000778
M000778
M000779
M000779
M000779
M000782
M000782
M000784
M000784
M000784
M000785
M000785
M000785
M000786
M000786
M000786
M000788
M000788
M000788
M000789
M000789
M000789
M000790
M000790
M000790
M000793
M000793
M000793
M000794
M000794
M000794
M000795
M000795
M000795
M000796
M000796
M000796
M000797
M000797
M000797
M000798
M000798
M000798
M000799
M000799
M000799
M000800
M000800
M000800
M000801
M000801
M000801
M000802
M000802
M000802
M000804
M000804
M000804
M000805
M000805
M000805
M000806
M000806
M000806
M000808
M000808
M000808
M000809
M000809
M000809
M000810
M000810
M000810
M000811
M000811
M000811
M000812
M000812
M000812
M000816
M000816
M000816
M000817
M000817
M000817
M000819
M000819
M000819
M000821
M000821
M000821
M000822
M000822
M000822
M000823
M000823
M000823
M000826
M000826
M000826
M000828
M000828
M000828
M000829
M000829
M000829
M000830
M000830
M000830
M000831
M000831
M000831
M000833
M000833
M000833
M000834
M000834
M000834
M000835
M000835
M000835
M000836
M000836
M000836
M000837
M000837
M000837
M000840
M000840
M000840
M000841
M000841
M000841
M000842
M000842
M000842
M000843
M000843
M000843
M000844
M000844
M000844
M000845
M000845
M000845
M000846
M000846
M000846
M000849
M000849
M000849
M000850
M000850
M000850
M000853
M000853
M000853
M000854
M000854
M000854
M000855
M000855
M000855
M000856
M000856
M000856
M000857
M000857
M000857
M000858
M000858
M000858
M000860
M000860
M000860
M000861
M000861
M000861
M000863
M000863
M000863
M000864
M000864
M000864
M000866
M000866
M000866
M000867
M000867
M000867
M000869
M000869
M000869
M000870
M000870
M000870
M000873
M000873
M000873
M000874
M000874
M000874
M000875
M000875
M000875
M000877
M000877
M000877
M000878
M000878
M000878
M000879
M000879
M000879
M000880
M000880
M000880
M000882
M000882
M000882
M000883
M000883
M000883
M000884
M000884
M000884
M000885
M000885
M000885
M000887
M000887
M000887
M000888
M000888
M000888
M000890
M000890
M000890
M000892
M000892
M000892
M000893
M000893
M000893
M000894
M000894
M000894
M000896
M000896
M000896
M000898
M000898
M000898
M000899
M000899
M000899
M000901
M000901
M000901
M000906
M000906
M000906
M000907
M000907
M000907
M000910
M000910
M000910
M000911
M000911
M000911
M000912
M000912
M000912
M000913
M000913
M000913
M000914
M000914
M000914
M000915
M000915
M000915
M000916
M000916
M000916
M000919
M000919
M000919
M000920
M000920
M000920
M000922
M000922
M000922
M000923
M000923
M000923
M000924
M000924
M000924
M000925
M000925
M000925
M000927
M000927
M000927
M000928
M000928
M000928
M000929
M000929
M000929
M000930
M000930
M000930
M000931
M000931
M000931
M000933
M000933
M000933
M000935
M000935
M000935
M000936
M000936
M000936
M000937
M000937
M000937
M000938
M000938
M000938
M000939
M000939
M000939
M000940
M000940
M000940
M000941
M000941
M000941
M000942
M000942
M000942
M000943
M000943
M000943
M000944
M000944
M000944
M000945
M000945
M000945
M000946
M000946
M000946
M000947
M000947
M000947
M000948
M000948
M000948
M000950
M000950
M000950
M000951
M000951
M000951
M000952
M000952
M000952
M000953
M000953
M000953
M000955
M000955
M000955
M000957
M000957
M000958
M000958
M000958
M000959
M000959
M000959
M000960
M000960
M000960
M000961
M000961
M000961
M000962
M000962
M000962
M000963
M000963
M000963
M000968
M000968
M000968
M000969
M000969
M000969
M000970
M000970
M000970
M000975
M000975
M000975
M000976
M000976
M000976
M000977
M000977
M000977
M000978
M000978
M000978
M000979
M000979
M000979
M000980
M000980
M000980
M000981
M000981
M000981
M000982
M000982
M000982
M000983
M000983
M000983
M000984
M000984
M000984
M000985
M000985
M000985
M000986
M000986
M000986
M000987
M000987
M000987
M000988
M000988
M000988
M000991
M000991
M000991
M000992
M000992
M000992
M000993
M000993
M000993
M000994
M000994
M000994
M000995
M000995
M000995
M000996
M000996
M000996
M000997
M000997
M000997
M000999
M000999
M000999
M001000
M001000
M001000
M001001
M001001
M001001
M001004
M001004
M001004
M001006
M001006
M001007
M001007
M001007
M001010
M001010
M001010
M001011
M001011
M001011
M001012
M001012
M001012
M001013
M001013
M001013
M001015
M001015
M001015
M001016
M001016
M001016
M001017
M001017
M001017
M001018
M001018
M001019
M001019
M001019
M001020
M001020
M001020
M001022
M001022
M001022
M001023
M001023
M001023
M001024
M001024
M001024
M001025
M001025
M001025
M001026
M001026
M001026
M001027
M001027
M001027
M001028
M001028
M001028
M001030
M001030
M001030
M001032
M001032
M001032
M001033
M001033
M001033
M001034
M001034
M001034
M001035
M001035
M001035
M001036
M001036
M001036
M001037
M001037
M001037
M001039
M001039
M001039
M001040
M001040
M001040
M001041
M001041
M001041
M001042
M001042
M001042
M001043
M001043
M001043
M001044
M001044
M001044
M001045
M001045
M001045
M001046
M001046
M001046
M001047
M001047
M001047
M001049
M001049
M001049
M001050
M001050
M001050
M001051
M001051
M001053
M001053
M001053
M001054
M001054
M001054
M001055
M001055
M001055
M001056
M001056
M001056
M001057
M001057
M001057
M001058
M001058
M001058
M001060
M001060
M001060
M001061
M001061
M001061
M001062
M001062
M001062
M001063
M001063
M001063
M001064
M001064
M001064
M001065
M001065
M001065
M001066
M001066
M001066
M001067
M001067
M001067
M001068
M001068
M001068
M001069
M001069
M001069
M001070
M001070
M001070
M001071
M001071
M001071
M001073
M001073
M001073
M001074
M001074
M001074
M001075
M001075
M001075
M001076
M001076
M001076
M001079
M001079
M001079
M001080
M001080
M001080
M001081
M001081
M001081
M001084
M001084
M001084
M001087
M001087
M001087
M001088
M001088
M001088
M001089
M001089
M001089
M001091
M001091
M001091
M001092
M001092
M001092
M001093
M001093
M001093
M001094
M001094
M001094
M001095
M001095
M001095
M001096
M001096
M001096
M001097
M001097
M001097
M001098
M001098
M001098
M001099
M001099
M001099
M001100
M001100
M001100
M001102
M001102
M001102
M001103
M001103
M001103
M001104
M001104
M001104
M001105
M001105
M001105
M001106
M001106
M001106
M001107
M001107
M001107
M001108
M001108
M001108
M001109
M001109
M001109
M001110
M001110
M001110
M001111
M001111
M001111
M001112
M001112
M001112
M001114
M001114
M001114
M001115
M001115
M001115
M001116
M001116
M001116
M001118
M001118
M001118
M001119
M001119
M001119
M001121
M001121
M001121
M001122
M001122
M001122
M001123
M001123
M001123
M001124
M001124
M001124
M001125
M001125
M001125
M001126
M001126
M001126
M001127
M001127
M001127
M001128
M001128
M001128
M001129
M001129
M001129
M001131
M001131
M001131
M001132
M001132
M001132
M001133
M001133
M001133
M001134
M001134
M001134
M001135
M001135
M001135
M001136
M001136
M001136
M001137
M001137
M001137
M001138
M001138
M001138
M001139
M001139
M001139
M001140
M001140
M001140
M001141
M001141
M001141
M001142
M001142
M001142
M001143
M001143
M001143
M001144
M001144
M001144
M001145
M001145
M001145
M001146
M001146
M001146
M001147
M001147
M001147
M001148
M001148
M001148
M001149
M001149
M001149
M001151
M001151
M001151
M001153
M001153
M001153
M001154
M001154
M001154
M001156
M001156
M001156
M001157
M001157
M001157
M001158
M001158
M001158
M001159
M001159
M001159
M001160
M001160
M001160
M001162
M001162
M001162
M001163
M001163
M001163
M001164
M001164
M001164
M001165
M001165
M001166
M001166
M001166
M001167
M001167
M001167
M001173
M001173
M001173
M001174
M001174
M001174
M001175
M001175
M001175
M001177
M001177
M001177
M001180
M001180
M001180
M001181
M001181
M001181
M001183
M001183
M001183
M001184
M001184
M001184
M001185
M001185
M001185
M001186
M001186
M001186
M001187
M001187
M001187
M001189
M001189
M001189
M001190
M001190
M001190
M001192
M001192
M001192
M001195
M001195
M001195
M001196
M001196
M001196
M001198
M001198
M001198
M001199
M001199
M001199
M001200
M001200
M001200
M001201
M001201
M001201
M001204
M001204
M001204
M001205
M001205
M001205
M001206
M001206
M001206
M001207
M001207
M001207
M001208
M001208
M001208
M001210
M001210
M001210
M001213
M001213
M001213
M001216
M001216
M001216
M001217
M001217
M001217
M001220
M001220
M001220
M001221
M001221
M001221
M001222
M001222
M001222
M001223
M001223
M001223
M001224
M001224
M001224
M001227
M001227
M001227
M001228
M001228
M001228
M001229
M001229
M001229
M001230
M001230
M001230
M001231
M001231
M001231
M001232
M001232
M001232
M001233
M001233
M001233
M001234
M001234
M001234
M001235
M001235
M001235
M001236
M001236
M001236
M001237
M001237
M001237
M001238
M001238
M001238
M001239
M001239
M001239
M001240
M001240
M001240
M001241
M001241
M001241
M001242
M001242
M001242
M001243
M001243
M001243
M001244
M001244
M001244
M001245
M001245
M001245
M001246
M001246
M001246
M001247
M001247
M001247
M001248
M001248
M001248
M001251
M001251
M001251
M001252
M001252
M001252
M001253
M001253
M001253
M001254
M001254
M001254
M001255
M001255
M001255
M001257
M001257
M001257
M001258
M001258
M001258
M001260
M001260
M001260
M001261
M001261
M001261
M001263
M001263
M001263
M001265
M001265
M001265
M001266
M001266
M001266
M001267
M001267
M001267
M001268
M001268
M001268
M001269
M001269
M001269
M001271
M001271
M001271
M001272
M001272
M001272
M001274
M001274
M001274
M001276
M001276
M001276
M001277
M001277
M001277
M001280
M001280
M001280
M001283
M001283
M001283
M001284
M001284
M001284
M001286
M001286
M001286
M001287
M001287
M001287
M001288
M001288
M001288
M001289
M001289
M001289
M001290
M001290
M001290
M001291
M001291
M001291
M001293
M001293
M001293
M001294
M001294
M001294
M001295
M001295
M001295
M001299
M001299
M001299
M001300
M001300
M001300
M001301
M001301
M001301
M001302
M001302
M001302
M001303
M001303
M001303
M001304
M001304
M001304
M001306
M001306
M001306
M001308
M001308
M001308
M001309
M001309
M001309
M001310
M001310
M001310
M001311
M001311
M001311
M001312
M001312
M001312
M001314
M001314
M001314
M001316
M001316
M001316
M001317
M001317
M001317
M001318
M001318
M001318
M001319
M001319
M001319
M001321
M001321
M001321
M001322
M001322
M001322
M001323
M001323
M001323
M001324
M001324
M001324
M001325
M001325
M001325
M001326
M001326
M001326
M001328
M001328
M001328
M001329
M001329
M001329
M001331
M001331
M001331
M001333
M001333
M001333
M001334
M001334
M001334
M001335
M001335
M001335
M001336
M001336
M001336
M001337
M001337
M001337
M001338
M001338
M001338
M001339
M001339
M001339
M001340
M001340
M001340
M001341
M001341
M001341
M001342
M001342
M001342
M001344
M001344
M001344
M001345
M001345
M001345
M001346
M001346
M001346
M001348
M001348
M001348
M001350
M001350
M001350
M001351
M001351
M001351
M001353
M001353
M001353
M001354
M001354
M001354
M001355
M001355
M001355
M001356
M001356
M001356
M001357
M001357
M001357
M001358
M001358
M001358
M001360
M001360
M001360
M001361
M001361
M001361
M001362
M001362
M001362
M001363
M001363
M001363
M001364
M001364
M001364
M001365
M001365
M001365
M001367
M001367
M001367
M001368
M001368
M001368
M001370
M001370
M001370
M001371
M001371
M001371
M001372
M001372
M001372
M001373
M001373
M001373
M001374
M001374
M001374
M001376
M001376
M001376
M001378
M001378
M001378
M001379
M001379
M001379
M001382
M001382
M001382
M001383
M001383
M001383
M001386
M001386
M001386
M001387
M001387
M001387
M001388
M001388
M001388
M001389
M001389
M001389
M001390
M001390
M001390
M001391
M001391
M001391
M001392
M001392
M001392
M001393
M001393
M001393
M001394
M001394
M001394
M001395
M001395
M001395
M001397
M001397
M001397
M001398
M001398
M001398
M001399
M001399
M001399
M001400
M001400
M001400
M001402
M001402
M001402
M001403
M001403
M001403
M001404
M001404
M001404
M001405
M001405
M001405
M001407
M001407
M001407
M001408
M001408
M001408
M001409
M001409
M001409
M001410
M001410
M001410
M001411
M001411
M001411
M001412
M001412
M001412
M001413
M001413
M001413
M001414
M001414
M001414
M001415
M001415
M001415
M001416
M001416
M001416
M001417
M001417
M001417
M001422
M001422
M001422
M001423
M001423
M001423
M001424
M001424
M001424
M001427
M001427
M001427
M001430
M001430
M001430
M001431
M001431
M001431
M001432
M001432
M001432
M001434
M001434
M001434
M001435
M001435
M001435
M001439
M001439
M001439
M001442
M001442
M001442
M001444
M001444
M001444
M001445
M001445
M001445
M001446
M001446
M001446
M001447
M001447
M001447
M001449
M001449
M001449
M001451
M001451
M001451
M001452
M001452
M001452
M001455
M001455
M001455
M001456
M001456
M001456
M001459
M001459
M001459
M001460
M001460
M001460
M001461
M001461
M001461
M001462
M001462
M001462
M001464
M001464
M001464
M001465
M001465
M001465
M001466
M001466
M001466
M001468
M001468
M001468
M001469
M001469
M001469
M001470
M001470
M001470
M001471
M001471
M001471
M001472
M001472
M001472
M001474
M001474
M001474
M001475
M001475
M001475
M001476
M001476
M001476
M001477
M001477
M001477
M001478
M001478
M001478
M001480
M001480
M001480
M001481
M001481
M001481
M001482
M001482
M001482
M001484
M001484
M001484
M001487
M001487
M001487
M001488
M001488
M001488
M001489
M001489
M001489
M001490
M001490
M001490
M001491
M001491
M001491
M001492
M001492
M001492
M001493
M001493
M001493
M001495
M001495
M001495
M001496
M001496
M001496
M001497
M001497
M001497
M001499
M001499
M001499
M001500
M001500
M001500
M001501
M001501
M001501
M001502
M001502
M001502
M001503
M001503
M001503
M001506
M001506
M001506
M001507
M001507
M001507
M001508
M001508
M001508
M001509
M001509
M001509
M001510
M001510
M001510
M001511
M001511
M001511
M001512
M001512
M001512
M001513
M001513
M001513
M001514
M001514
M001514
M001515
M001515
M001515
M001516
M001516
M001516
M001517
M001517
M001517
M001518
M001518
M001518
M001519
M001519
M001519
M001521
M001521
M001521
M001524
M001524
M001524
M001525
M001525
M001525
M001526
M001526
M001526
M001528
M001528
M001528
M001529
M001529
M001529
M001530
M001530
M001530
M001532
M001532
M001532
M001535
M001535
M001535
M001536
M001536
M001536
M001537
M001537
M001537
M001540
M001540
M001540
M001542
M001542
M001542
M001543
M001543
M001543
M001544
M001544
M001544
M001545
M001545
M001545
M001546
M001546
M001546
M001547
M001547
M001547
M001549
M001549
M001549
M001550
M001550
M001550
M001552
M001552
M001552
M001553
M001553
M001553
M001554
M001554
M001554
M001555
M001555
M001555
M001557
M001557
M001557
M001558
M001558
M001558
M001559
M001559
M001559
M001560
M001560
M001560
M001561
M001561
M001561
M001563
M001563
M001563
M001564
M001564
M001564
M001565
M001565
M001565
M001566
M001566
M001566
M001568
M001568
M001568
M001569
M001569
M001569
M001571
M001571
M001571
M001572
M001572
M001572
M001573
M001573
M001573
M001574
M001574
M001574
M001575
M001575
M001575
M001576
M001576
M001576
M001578
M001578
M001578
M001579
M001579
M001579
M001581
M001581
M001581
M001582
M001582
M001582
M001584
M001584
M001584
M001585
M001585
M001585
M001586
M001586
M001586
M001587
M001587
M001587
M001588
M001588
M001588
M001590
M001590
M001590
M001593
M001593
M001593
M001594
M001594
M001594
M001595
M001595
M001595
M001596
M001596
M001596
M001597
M001597
M001597
M001599
M001599
M001599
M001600
M001600
M001601
M001601
M001601
M001602
M001602
M001602
M001605
M001605
M001605
M001606
M001606
M001606
M001607
M001607
M001607
M001608
M001608
M001608
M001609
M001609
M001609
M001610
M001610
M001610
M001611
M001611
M001611
M001612
M001612
M001612
M001613
M001613
M001613
M001615
M001615
M001615
M001616
M001616
M001616
M001618
M001618
M001618
M001619
M001619
M001619
M001620
M001620
M001620
M001621
M001621
M001621
M001622
M001622
M001622
M001623
M001623
M001623
M001625
M001625
M001625
M001626
M001626
M001626
M001628
M001628
M001628
M001629
M001629
M001629
M001630
M001630
M001630
M001631
M001631
M001631
M001633
M001633
M001633
M001635
M001635
M001635
M001638
M001638
M001638
M001639
M001639
M001639
M001641
M001641
M001641
M001643
M001643
M001643
M001644
M001644
M001644
M001645
M001645
M001645
M001646
M001646
M001646
M001649
M001649
M001649
M001650
M001650
M001650
M001651
M001651
M001651
M001652
M001652
M001652
M001654
M001654
M001654
M001655
M001655
M001655
M001656
M001656
M001656
M001657
M001657
M001657
M001658
M001658
M001658
M001659
M001659
M001659
M001660
M001660
M001660
M001661
M001661
M001661
M001662
M001662
M001662
M001667
M001667
M001667
M001668
M001668
M001668
M001669
M001669
M001669
M001670
M001670
M001670
M001671
M001671
M001671
M001673
M001673
M001673
M001674
M001674
M001674
M001677
M001677
M001677
M001678
M001678
M001678
M001679
M001679
M001679
M001680
M001680
M001680
M001681
M001681
M001681
M001682
M001682
M001682
M001683
M001683
M001683
M001684
M001684
M001684
M001685
M001685
M001685
M001686
M001686
M001686
M001687
M001687
M001687
M001688
M001688
M001688
M001689
M001689
M001689
M001690
M001690
M001690
M001693
M001693
M001693
M001694
M001694
M001694
M001696
M001696
M001696
M001697
M001697
M001697
M001698
M001698
M001698
M001699
M001699
M001699
M001700
M001700
M001700
M001701
M001701
M001701
M001702
M001702
M001702
M001703
M001703
M001703
M001704
M001704
M001706
M001706
M001706
M001707
M001707
M001707
M001708
M001708
M001708
M001709
M001709
M001710
M001710
M001710
M001712
M001712
M001712
M001713
M001713
M001713
M001714
M001714
M001714
M001715
M001715
M001715
M001716
M001716
M001716
M001717
M001717
M001717
M001719
M001719
M001719
M001720
M001720
M001720
M001722
M001722
M001722
M001724
M001724
M001724
M001726
M001726
M001726
M001727
M001727
M001727
M001728
M001728
M001728
M001729
M001729
M001729
M001730
M001730
M001730
M001731
M001731
M001731
M001732
M001732
M001732
M001733
M001733
M001733
M001734
M001734
M001734
M001736
M001736
M001736
M001737
M001737
M001737
M001739
M001739
M001739
M001740
M001740
M001740
M001741
M001741
M001741
M001743
M001743
M001743
M001744
M001744
M001744
M001745
M001745
M001745
M001746
M001746
M001746
M001748
M001748
M001748
M001749
M001749
M001749
M001750
M001750
M001750
M001751
M001751
M001751
M001753
M001753
M001753
M001754
M001754
M001754
M001756
M001756
M001756
M001757
M001757
M001757
M001758
M001758
M001758
M001761
M001761
M001761
M001762
M001762
M001762
M001763
M001763
M001763
M001764
M001764
M001764
M001765
M001765
M001765
M001766
M001766
M001766
M001767
M001767
M001767
M001769
M001769
M001769
M001773
M001773
M001773
M001774
M001774
M001774
M001777
M001777
M001777
M001779
M001779
M001779
M001780
M001780
M001780
M001784
M001784
M001784
M001785
M001785
M001785
M001786
M001786
M001786
M001787
M001787
M001787
M001788
M001788
M001788
M001790
M001790
M001790
M001791
M001791
M001791
M001792
M001792
M001792
M001793
M001793
M001793
M001794
M001794
M001794
M001795
M001795
M001795
M001796
M001796
M001796
M001797
M001797
M001797
M001799
M001799
M001799
M001800
M001800
M001800
M001802
M001802
M001802
M001803
M001803
M001803
M001804
M001804
M001804
M001805
M001805
M001805
M001806
M001806
M001806
M001807
M001807
M001807
M001809
M001809
M001809
M001810
M001810
M001810
M001811
M001811
M001811
M001812
M001812
M001812
M001813
M001813
M001813
M001814
M001814
M001814
M001815
M001815
M001815
M001817
M001817
M001817
M001818
M001818
M001818
M001819
M001819
M001819
M001820
M001820
M001820
M001822
M001822
M001822
M001823
M001823
M001823
M001824
M001824
M001824
M001825
M001825
M001825
M001826
M001826
M001826
M001827
M001827
M001827
M001828
M001828
M001828
M001830
M001830
M001830
M001831
M001831
M001831
M001832
M001832
M001832
M001833
M001833
M001833
M001838
M001838
M001838
M001839
M001839
M001839
M001841
M001841
M001841
M001842
M001842
M001842
M001845
M001845
M001845
M001847
M001847
M001847
M001849
M001849
M001849
M001850
M001850
M001850
M001852
M001852
M001852
M001853
M001853
M001853
M001854
M001854
M001854
M001855
M001855
M001855
M001857
M001857
M001857
M001858
M001858
M001858
M001860
M001860
M001860
M001862
M001862
M001862
M001863
M001863
M001863
M001864
M001864
M001864
M001865
M001865
M001865
M001866
M001866
M001866
M001867
M001867
M001867
M001868
M001868
M001868
M001869
M001869
M001869
M001870
M001870
M001870
M001872
M001872
M001872
M001873
M001873
M001873
M001875
M001875
M001875
M001876
M001876
M001876
M001877
M001877
M001877
M001878
M001878
M001878
M001879
M001879
M001879
M001881
M001881
M001881
M001883
M001883
M001883
M001884
M001884
M001884
M001885
M001885
M001885
M001886
M001886
M001886
M001887
M001887
M001887
M001889
M001889
M001889
M001890
M001890
M001890
M001891
M001891
M001891
M001892
M001892
M001892
M001893
M001893
M001893
M001894
M001894
M001894
M001895
M001895
M001895
M001896
M001896
M001896
M001898
M001898
M001898
M001899
M001899
M001899
M001900
M001900
M001900
M001901
M001901
M001901
M001902
M001902
M001902
M001903
M001903
M001903
M001904
M001904
M001904
M001907
M001907
M001907
M001908
M001908
M001908
M001909
M001909
M001909
M001910
M001910
M001910
M001911
M001911
M001911
M001912
M001912
M001912
M001913
M001913
M001913
M001914
M001914
M001914
M001915
M001915
M001915
M001916
M001916
M001916
M001917
M001917
M001917
M001920
M001920
M001920
M001921
M001921
M001921
M001922
M001922
M001922
M001923
M001923
M001923
M001924
M001924
M001924
M001925
M001925
M001925
M001927
M001927
M001927
M001928
M001928
M001928
M001929
M001929
M001929
M001930
M001930
M001930
M001932
M001932
M001932
M001933
M001933
M001933
M001934
M001934
M001934
M001935
M001935
M001935
M001936
M001936
M001936
M001937
M001937
M001937
M001938
M001938
M001938
M001940
M001940
M001940
M001941
M001941
M001941
M001942
M001942
M001942
M001943
M001943
M001943
M001944
M001944
M001944
M001946
M001946
M001946
M001947
M001947
M001947
M001948
M001948
M001948
M001949
M001949
M001949
M001950
M001950
M001950
M001951
M001951
M001951
M001953
M001953
M001953
M001954
M001954
M001954
M001955
M001955
M001955
M001956
M001956
M001956
M001957
M001957
M001957
M001958
M001958
M001958
M001959
M001959
M001959
M001960
M001960
M001960
M001962
M001962
M001962
M001963
M001963
M001963
M001964
M001964
M001964
M001966
M001966
M001966
M001967
M001967
M001967
M001968
M001968
M001968
M001970
M001970
M001970
M001971
M001971
M001971
M001972
M001972
M001972
M001973
M001973
M001973
M001974
M001974
M001974
M001975
M001975
M001975
M001977
M001977
M001977
M001978
M001978
M001978
M001979
M001979
M001979
M001980
M001980
M001980
M001982
M001982
M001982
M001984
M001984
M001984
M001985
M001985
M001985
M001986
M001986
M001986
M001987
M001987
M001987
M001988
M001988
M001988
M001989
M001989
M001989
M001990
M001990
M001990
M001991
M001991
M001991
M001992
M001992
M001992
M001993
M001993
M001993
M001994
M001994
M001994
M001996
M001996
M001996
M001998
M001998
M001998
M002001
M002001
M002001
M002002
M002002
M002002
M002003
M002003
M002003
M002004
M002004
M002004
M002005
M002005
M002005
M002006
M002006
M002006
M002007
M002007
M002007
M002008
M002008
M002008
M002010
M002010
M002010
M002012
M002012
M002012
M002013
M002013
M002013
M002014
M002014
M002014
M002015
M002015
M002015
M002016
M002016
M002016
M002017
M002017
M002017
M002018
M002018
M002018
M002020
M002020
M002020
M002021
M002021
M002021
M002022
M002022
M002023
M002023
M002023
M002025
M002025
M002025
M002026
M002026
M002026
M002027
M002027
M002027
M002028
M002028
M002028
M002029
M002029
M002029
M002030
M002030
M002030
M002031
M002031
M002031
M002032
M002032
M002032
M002033
M002033
M002033
M002034
M002034
M002034
M002035
M002035
M002035
M002036
M002036
M002036
M002037
M002037
M002037
M002038
M002038
M002038
M002039
M002039
M002039
M002040
M002040
M002040
M002041
M002041
M002041
M002042
M002042
M002042
M002043
M002043
M002043
M002044
M002044
M002044
M002046
M002046
M002046
M002048
M002048
M002048
M002050
M002050
M002050
M002051
M002051
M002051
M002052
M002052
M002052
M002053
M002053
M002053
M002054
M002054
M002054
M002056
M002056
M002056
M002057
M002057
M002057
M002060
M002060
M002060
M002061
M002061
M002061
M002062
M002062
M002062
M002064
M002064
M002064
M002065
M002065
M002065
M002066
M002066
M002066
M002067
M002067
M002067
M002068
M002068
M002068
M002071
M002071
M002071
M002073
M002073
M002073
M002075
M002075
M002075
M002076
M002076
M002076
M002077
M002077
M002077
M002079
M002079
M002079
M002080
M002080
M002080
M002081
M002081
M002081
M002082
M002082
M002082
M002083
M002083
M002083
M002084
M002084
M002084
M002085
M002085
M002085
M002086
M002086
M002086
M002089
M002089
M002089
M002090
M002090
M002090
M002092
M002092
M002092
M002094
M002094
M002094
M002095
M002095
M002095
M002096
M002096
M002096
M002097
M002097
M002097
M002098
M002098
M002098
M002099
M002099
M002099
M002100
M002100
M002101
M002101
M002101
M002109
M002109
M002109
M002110
M002110
M002110
M002111
M002111
M002111
M002112
M002112
M002112
M002113
M002113
M002113
M002114
M002114
M002114
M002115
M002115
M002115
M002116
M002116
M002116
M002117
M002117
M002117
M002118
M002118
M002118
M002119
M002119
M002119
M002121
M002121
M002121
M002123
M002123
M002123
M002124
M002124
M002124
M002125
M002125
M002125
M002126
M002126
M002126
M002127
M002127
M002127
M002128
M002128
M002128
M002129
M002129
M002129
M002131
M002131
M002131
M002133
M002133
M002133
M002135
M002135
M002135
M002136
M002136
M002136
M002138
M002138
M002138
M002141
M002141
M002142
M002142
M002142
M002143
M002143
M002143
M002144
M002144
M002144
M002145
M002145
M002145
M002146
M002146
M002146
M002148
M002148
M002148
M002150
M002150
M002150
M002151
M002151
M002151
M002153
M002153
M002153
M002154
M002154
M002154
M002155
M002155
M002155
M002156
M002156
M002156
M002157
M002157
M002157
M002158
M002158
M002158
M002159
M002159
M002159
M002161
M002161
M002161
M002162
M002162
M002162
M002164
M002164
M002164
M002165
M002165
M002165
M002166
M002166
M002166
M002167
M002167
M002167
M002169
M002169
M002169
M002170
M002170
M002170
M002172
M002172
M002172
M002174
M002174
M002174
M002175
M002175
M002175
M002176
M002176
M002176
M002177
M002177
M002177
M002179
M002179
M002179
M002180
M002180
M002180
M002181
M002181
M002181
M002182
M002182
M002182
M002183
M002183
M002183
M002184
M002184
M002184
M002186
M002186
M002186
M002187
M002187
M002187
M002189
M002189
M002189
M002190
M002190
M002190
M002191
M002191
M002191
M002193
M002193
M002193
M002194
M002194
M002194
M002195
M002195
M002195
M002196
M002196
M002196
M002197
M002197
M002197
M002198
M002198
M002198
M002199
M002199
M002199
M002201
M002201
M002201
M002202
M002202
M002202
M002203
M002203
M002203
M002204
M002204
M002204
M002205
M002205
M002205
M002206
M002206
M002206
M002207
M002207
M002207
M002208
M002208
M002208
M002210
M002210
M002210
M002211
M002211
M002211
M002212
M002212
M002212
M002213
M002213
M002213
M002214
M002214
M002214
M002215
M002215
M002215
M002216
M002216
M002216
M002217
M002217
M002217
M002218
M002218
M002218
M002219
M002219
M002219
M002220
M002220
M002220
M002221
M002221
M002221
M002224
M002224
M002224
M002225
M002225
M002225
M002226
M002226
M002226
M002227
M002227
M002227
M002228
M002228
M002228
M002229
M002229
M002229
M002230
M002230
M002230
M002231
M002231
M002231
M002232
M002232
M002232
M002233
M002233
M002233
M002234
M002234
M002234
M002238
M002238
M002238
M002239
M002239
M002239
M002241
M002241
M002243
M002243
M002243
M002244
M002244
M002244
M002248
M002248
M002248
M002249
M002249
M002249
M002251
M002251
M002251
M002253
M002253
M002253
M002254
M002254
M002254
M002255
M002255
M002255
M002256
M002256
M002256
M002257
M002257
M002257
M002258
M002258
M002258
M002260
M002260
M002260
M002261
M002261
M002261
M002262
M002262
M002262
M002264
M002264
M002264
M002265
M002265
M002265
M002266
M002266
M002266
M002268
M002268
M002268
M002269
M002269
M002269
M002270
M002270
M002271
M002271
M002271
M002274
M002274
M002274
M002275
M002275
M002275
M002276
M002276
M002276
M002278
M002278
M002278
M002279
M002279
M002279
M002281
M002281
M002281
M002282
M002282
M002282
M002283
M002283
M002283
M002284
M002284
M002284
M002285
M002285
M002285
M002286
M002286
M002286
M002287
M002287
M002287
M002288
M002288
M002288
M002289
M002289
M002289
M002290
M002290
M002290
M002291
M002291
M002291
M002293
M002293
M002293
M002294
M002294
M002294
M002295
M002295
M002295
M002296
M002296
M002296
M002297
M002297
M002297
M002298
M002298
M002298
M002299
M002299
M002299
M002300
M002300
M002300
M002303
M002303
M002303
M002305
M002305
M002305
M002306
M002306
M002306
M002307
M002307
M002307
M002308
M002308
M002308
M002309
M002309
M002309
M002310
M002310
M002310
M002311
M002311
M002311
M002314
M002314
M002314
M002316
M002316
M002316
M002319
M002319
M002319
M002320
M002320
M002320
M002321
M002321
M002321
M002322
M002322
M002322
M002324
M002324
M002324
M002325
M002325
M002325
M002327
M002327
M002327
M002328
M002328
M002328
M002329
M002329
M002329
M002330
M002330
M002330
M002331
M002331
M002331
M002333
M002333
M002333
M002335
M002335
M002335
M002336
M002336
M002336
M002337
M002337
M002337
M002338
M002338
M002338
M002339
M002339
M002339
M002340
M002340
M002340
M002341
M002341
M002341
M002342
M002342
M002342
M002343
M002343
M002343
M002344
M002344
M002344
M002347
M002347
M002347
M002348
M002348
M002348
M002349
M002349
M002349
M002350
M002350
M002350
M002351
M002351
M002351
M002354
M002354
M002354
M002355
M002355
M002355
M002356
M002356
M002356
M002358
M002358
M002358
M002360
M002360
M002360
M002362
M002362
M002362
M002366
M002366
M002366
M002367
M002367
M002367
M002368
M002368
M002368
M002369
M002369
M002369
M002370
M002370
M002370
M002371
M002371
M002371
M002372
M002372
M002372
M002373
M002373
M002373
M002374
M002374
M002374
M002375
M002375
M002375
M002376
M002376
M002376
M002377
M002377
M002377
M002378
M002378
M002378
M002379
M002379
M002379
M002380
M002380
M002380
M002381
M002381
M002381
M002384
M002384
M002384
M002387
M002387
M002387
M002389
M002389
M002389
M002390
M002390
M002390
M002391
M002391
M002391
M002392
M002392
M002392
M002394
M002394
M002394
M002395
M002395
M002395
M002396
M002396
M002396
M002398
M002398
M002398
M002400
M002400
M002400
M002402
M002402
M002402
M002405
M002405
M002405
M002406
M002406
M002406
M002407
M002407
M002407
M002408
M002408
M002408
M002409
M002409
M002409
M002410
M002410
M002410
M002411
M002411
M002412
M002412
M002412
M002413
M002413
M002413
M002414
M002414
M002414
M002415
M002415
M002415
M002416
M002416
M002416
M002417
M002417
M002417
M002418
M002418
M002418
M002419
M002419
M002419
M002420
M002420
M002420
M002421
M002421
M002421
M002422
M002422
M002422
M002423
M002423
M002423
M002424
M002424
M002424
M002425
M002425
M002425
M002426
M002426
M002426
M002427
M002427
M002427
M002428
M002428
M002428
M002429
M002429
M002429
M002430
M002430
M002430
M002431
M002431
M002431
M002432
M002432
M002432
M002433
M002433
M002433
M002434
M002434
M002434
M002435
M002435
M002435
M002437
M002437
M002437
M002438
M002438
M002438
M002439
M002439
M002439
M002440
M002440
M002440
M002441
M002441
M002441
M002442
M002442
M002442
M002443
M002443
M002443
M002444
M002444
M002444
M002446
M002446
M002446
M002447
M002447
M002447
M002448
M002448
M002448
M002449
M002449
M002449
M002450
M002450
M002450
M002452
M002452
M002452
M002454
M002454
M002454
M002455
M002455
M002455
M002456
M002456
M002456
M002457
M002457
M002457
M002458
M002458
M002458
M002461
M002461
M002461
M002462
M002462
M002462
M002463
M002463
M002463
M002464
M002464
M002464
M002465
M002465
M002465
M002466
M002466
M002466
M002467
M002467
M002467
M002468
M002468
M002468
M002469
M002469
M002469
M002472
M002472
M002472
M002474
M002474
M002474
M002476
M002476
M002476
M002478
M002478
M002478
M002479
M002479
M002480
M002480
M002480
M002482
M002482
M002482
M002484
M002484
M002484
M002485
M002485
M002485
M002487
M002487
M002487
M002488
M002488
M002488
M002489
M002489
M002489
M002490
M002490
M002490
M002491
M002491
M002491
M002493
M002493
M002493
M002494
M002494
M002494
M002496
M002496
M002496
M002497
M002497
M002497
M002498
M002498
M002498
M002499
M002499
M002499
M002500
M002500
M002500
M002501
M002501
M002501
M002503
M002503
M002503
M002504
M002504
M002504
M002505
M002505
M002505
M002506
M002506
M002506
M002507
M002507
M002507
M002508
M002508
M002508
M002509
M002509
M002509
M002510
M002510
M002510
M002511
M002511
M002511
M002512
M002512
M002512
M002515
M002515
M002515
M002516
M002516
M002516
M002518
M002518
M002518
M002519
M002519
M002519
M002520
M002520
M002520
M002521
M002521
M002521
M002523
M002523
M002523
M002524
M002524
M002524
M002525
M002525
M002525
M002526
M002526
M002526
M002527
M002527
M002527
M002528
M002528
M002528
M002529
M002529
M002529
M002532
M002532
M002532
M002533
M002533
M002533
M002534
M002534
M002534
M002535
M002535
M002535
M002536
M002536
M002536
M002538
M002538
M002538
M002540
M002540
M002540
M002541
M002541
M002541
M002543
M002543
M002543
M002546
M002546
M002546
M002547
M002547
M002547
M002548
M002548
M002548
M002549
M002549
M002549
M002551
M002551
M002551
M002553
M002553
M002553
M002554
M002554
M002554
M002555
M002555
M002555
M002556
M002556
M002556
M002557
M002557
M002557
M002559
M002559
M002559
M002560
M002560
M002560
M002561
M002561
M002562
M002562
M002562
M002563
M002563
M002563
M002564
M002564
M002564
M002565
M002565
M002565
M002567
M002567
M002567
M002568
M002568
M002568
M002569
M002569
M002569
M002570
M002570
M002570
M002575
M002575
M002575
M002576
M002576
M002576
M002577
M002577
M002577
M002579
M002579
M002579
M002580
M002580
M002580
M002581
M002581
M002581
M002585
M002585
M002585
M002586
M002586
M002586
M002588
M002588
M002588
M002591
M002591
M002591
M002592
M002592
M002592
M002593
M002593
M002593
M002594
M002594
M002594
M002595
M002595
M002595
M002596
M002596
M002596
M002598
M002598
M002598
M002599
M002599
M002599
M002600
M002600
M002600
M002601
M002601
M002601
M002603
M002603
M002603
M002604
M002604
M002604
M002605
M002605
M002605
M002607
M002607
M002607
M002608
M002608
M002608
M002610
M002610
M002610
M002611
M002611
M002611
M002612
M002612
M002612
M002613
M002613
M002613
M002614
M002614
M002614
M002615
M002615
M002616
M002616
M002616
M002617
M002617
M002617
M002618
M002618
M002618
M002619
M002619
M002619
M002620
M002620
M002620
M002622
M002622
M002622
M002623
M002623
M002623
M002624
M002624
M002624
M002625
M002625
M002625
M002628
M002628
M002628
M002629
M002629
M002629
M002630
M002630
M002630
M002631
M002631
M002631
M002632
M002632
M002632
M002633
M002633
M002633
M002634
M002634
M002634
M002637
M002637
M002637
M002638
M002638
M002638
M002639
M002639
M002639
M002640
M002640
M002640
M002641
M002641
M002641
M002642
M002642
M002642
M002643
M002643
M002643
M002644
M002644
M002644
M002645
M002645
M002645
M002648
M002648
M002648
M002649
M002649
M002649
M002650
M002650
M002650
M002652
M002652
M002652
M002653
M002653
M002653
M002654
M002654
M002654
M002655
M002655
M002655
M002657
M002657
M002657
M002659
M002659
M002659
M002660
M002660
M002660
M002663
M002663
M002663
M002664
M002664
M002664
M002666
M002666
M002666
M002667
M002667
M002667
M002669
M002669
M002669
M002671
M002671
M002671
M002672
M002672
M002672
M002673
M002673
M002673
M002674
M002674
M002674
M002675
M002675
M002675
M002676
M002676
M002676
M002677
M002677
M002677
M002678
M002678
M002678
M002680
M002680
M002680
M002682
M002682
M002682
M002684
M002684
M002684
M002687
M002687
M002687
M002688
M002688
M002688
M002689
M002689
M002689
M002690
M002690
M002690
M002691
M002691
M002691
M002692
M002692
M002692
M002693
M002693
M002693
M002694
M002694
M002694
M002695
M002695
M002695
M002696
M002696
M002696
M002697
M002697
M002697
M002698
M002698
M002698
M002699
M002699
M002699
M002700
M002700
M002700
M002702
M002702
M002702
M002703
M002703
M002703
M002704
M002704
M002704
M002705
M002705
M002705
M002706
M002706
M002706
M002708
M002708
M002708
M002709
M002709
M002709
M002710
M002710
M002710
M002711
M002711
M002711
M002713
M002713
M002713
M002714
M002714
M002714
M002715
M002715
M002715
M002716
M002716
M002716
M002719
M002719
M002719
M002720
M002720
M002720
M002722
M002722
M002722
M002723
M002723
M002723
M002724
M002724
M002724
M002726
M002726
M002726
M002727
M002727
M002727
M002729
M002729
M002729
M002731
M002731
M002731
M002732
M002732
M002732
M002736
M002736
M002736
M002737
M002737
M002737
M002738
M002738
M002738
M002739
M002739
M002739
M002740
M002740
M002740
M002742
M002742
M002742
M002743
M002743
M002743
M002744
M002744
M002744
M002745
M002745
M002745
M002746
M002746
M002746
M002751
M002751
M002751
M002752
M002752
M002752
M002753
M002753
M002753
M002756
M002756
M002756
M002757
M002757
M002757
M002758
M002758
M002758
M002759
M002759
M002759
M002760
M002760
M002760
M002762
M002762
M002762
M002763
M002763
M002763
M002765
M002765
M002765
M002767
M002767
M002767
M002768
M002768
M002768
M002773
M002773
M002773
M002774
M002774
M002774
M002775
M002775
M002775
M002776
M002776
M002776
M002777
M002777
M002777
M002780
M002780
M002780
M002782
M002782
M002782
M002783
M002783
M002783
M002785
M002785
M002785
M002786
M002786
M002786
M002787
M002787
M002787
M002788
M002788
M002788
M002790
M002790
M002790
M002791
M002791
M002791
M002792
M002792
M002792
M002793
M002793
M002793
M002794
M002794
M002794
M002796
M002796
M002796
M002801
M002801
M002801
M002802
M002802
M002802
M002803
M002803
M002803
M002804
M002804
M002804
M002805
M002805
M002805
M002806
M002806
M002806
M002807
M002807
M002807
M002808
M002808
M002808
M002809
M002809
M002809
M002810
M002810
M002810
M002812
M002812
M002812
M002813
M002813
M002813
M002814
M002814
M002814
M002815
M002815
M002815
M002816
M002816
M002816
M002817
M002817
M002817
M002819
M002819
M002819
M002820
M002820
M002820
M002821
M002821
M002821
M002822
M002822
M002822
M002823
M002823
M002823
M002825
M002825
M002825
M002826
M002826
M002826
M002827
M002827
M002827
M002828
M002828
M002828
M002829
M002829
M002829
M002830
M002830
M002830
M002831
M002831
M002831
M002832
M002832
M002832
M002833
M002833
M002833
M002834
M002834
M002834
M002835
M002835
M002835
M002836
M002836
M002836
M002837
M002837
M002837
M002838
M002838
M002838
M002840
M002840
M002840
M002841
M002841
M002841
M002845
M002845
M002845
M002846
M002846
M002846
M002847
M002847
M002847
M002849
M002849
M002849
M002850
M002850
M002850
M002851
M002851
M002851
M002852
M002852
M002852
M002853
M002853
M002853
M002854
M002854
M002854
M002855
M002855
M002855
M002857
M002857
M002857
M002859
M002859
M002859
M002860
M002860
M002860
M002861
M002861
M002861
M002862
M002862
M002862
M002863
M002863
M002863
M002864
M002864
M002864
M002865
M002865
M002865
M002866
M002866
M002866
M002871
M002871
M002871
M002872
M002872
M002872
M002873
M002873
M002873
M002874
M002874
M002874
M002875
M002875
M002875
M002877
M002877
M002877
M002878
M002878
M002878
M002879
M002879
M002879
M002880
M002880
M002880
M002881
M002881
M002881
M002882
M002882
M002882
M002884
M002884
M002884
M002885
M002885
M002885
M002886
M002886
M002886
M002887
M002887
M002887
M002889
M002889
M002889
M002890
M002890
M002890
M002892
M002892
M002892
M002893
M002893
M002893
M002894
M002894
M002894
M002895
M002895
M002895
M002901
M002901
M002901
M002902
M002902
M002903
M002903
M002903
M002904
M002904
M002904
M002905
M002905
M002905
M002906
M002906
M002906
M002907
M002907
M002907
M002908
M002908
M002908
M002909
M002909
M002909
M002911
M002911
M002911
M002912
M002912
M002912
M002913
M002913
M002913
M002914
M002914
M002914
M002915
M002915
M002915
M002916
M002916
M002916
M002921
M002921
M002921
M002924
M002924
M002924
M002925
M002925
M002925
M002926
M002926
M002926
M002927
M002927
M002927
M002930
M002930
M002930
M002933
M002933
M002933
M002934
M002934
M002934
M002935
M002935
M002935
M002936
M002936
M002936
M002937
M002937
M002937
M002938
M002938
M002938
M002939
M002939
M002939
M002940
M002940
M002940
M002941
M002941
M002941
M002942
M002942
M002942
M002943
M002943
M002943
M002944
M002944
M002944
M002945
M002945
M002945
M002946
M002946
M002946
M002947
M002947
M002948
M002948
M002948
M002949
M002949
M002949
M002953
M002953
M002953
M002955
M002955
M002955
M002956
M002956
M002956
M002957
M002957
M002957
M002958
M002958
M002958
M002959
M002959
M002959
M002960
M002960
M002960
M002961
M002961
M002961
M002962
M002962
M002962
M002963
M002963
M002963
M002964
M002964
M002964
M002965
M002965
M002965
M002966
M002966
M002966
M002967
M002967
M002967
M002968
M002968
M002968
M002970
M002970
M002970
M002971
M002971
M002971
M002972
M002972
M002972
M002973
M002973
M002973
M002975
M002975
M002975
M002978
M002978
M002978
M002979
M002979
M002979
M002980
M002980
M002980
M002981
M002981
M002981
M002983
M002983
M002983
M002984
M002984
M002984
M002985
M002985
M002985
M002986
M002986
M002986
M002987
M002987
M002987
M002988
M002988
M002988
M002989
M002989
M002989
M002990
M002990
M002990
M002991
M002991
M002991
M002992
M002992
M002992
M002993
M002993
M002993
M002994
M002994
M002994
M002995
M002995
M002995
M002996
M002996
M002996
M002997
M002997
M002997
M002999
M002999
M002999
M003000
M003000
M003000
M003001
M003001
M003001
M003002
M003002
M003002
M003003
M003003
M003003
M003007
M003007
M003007
M003008
M003008
M003008
M003009
M003009
M003009
M003010
M003010
M003010
M003011
M003011
M003011
M003012
M003012
M003012
M003015
M003015
M003015
M003016
M003016
M003016
M003018
M003018
M003018
M003019
M003019
M003019
M003022
M003022
M003022
M003023
M003023
M003023
M003024
M003024
M003024
M003025
M003025
M003025
M003026
M003026
M003026
M003028
M003028
M003028
M003029
M003029
M003029
M003030
M003030
M003030
M003031
M003031
M003031
M003032
M003032
M003032
M003033
M003033
M003033
M003034
M003034
M003034
M003035
M003035
M003035
M003037
M003037
M003037
M003038
M003038
M003038
M003040
M003040
M003040
M003041
M003041
M003041
M003042
M003042
M003042
M003044
M003044
M003044
M003045
M003045
M003045
M003047
M003047
M003047
M003048
M003048
M003048
M003049
M003049
M003049
M003050
M003050
M003050
M003052
M003052
M003052
M003054
M003054
M003054
M003055
M003055
M003055
M003056
M003056
M003056
M003057
M003057
M003057
M003058
M003058
M003058
M003059
M003059
M003059
M003060
M003060
M003060
M003063
M003063
M003063
M003064
M003064
M003064
M003065
M003065
M003065
M003067
M003067
M003067
M003068
M003068
M003068
M003071
M003071
M003071
M003072
M003072
M003072
M003073
M003073
M003073
M003075
M003075
M003075
M003076
M003076
M003076
M003078
M003078
M003078
M003079
M003079
M003079
M003080
M003080
M003080
M003081
M003081
M003081
M003084
M003084
M003084
M003085
M003085
M003085
M003086
M003086
M003086
M003087
M003087
M003087
M003088
M003088
M003088
M003089
M003089
M003089
M003090
M003090
M003090
M003091
M003091
M003091
M003093
M003093
M003093
M003094
M003094
M003094
M003096
M003096
M003096
M003097
M003097
M003097
M003098
M003098
M003098
M003100
M003100
M003100
M003101
M003101
M003101
M003102
M003102
M003102
M003103
M003103
M003103
M003107
M003107
M003107
M003110
M003110
M003110
M003112
M003112
M003112
M003114
M003114
M003114
M003115
M003115
M003115
M003117
M003117
M003117
M003120
M003120
M003120
M003121
M003121
M003121
M003122
M003122
M003122
M003123
M003123
M003123
M003124
M003124
M003124
M003125
M003125
M003125
M003126
M003126
M003126
M003127
M003127
M003127
M003128
M003128
M003128
M003130
M003130
M003130
M003131
M003131
M003131
M003132
M003132
M003132
M003133
M003133
M003133
M003134
M003134
M003134
M003135
M003135
M003135
M003140
M003140
M003140
M003141
M003141
M003141
M003143
M003143
M003143
M003144
M003144
M003144
M003145
M003145
M003145
M003146
M003146
M003146
M003147
M003147
M003147
M003148
M003148
M003148
M003150
M003150
M003150
M003152
M003152
M003152
M003153
M003153
M003153
M003155
M003155
M003155
M003156
M003156
M003156
M003157
M003158
M003158
M003158
M003159
M003159
M003159
M003160
M003160
M003160
M003161
M003161
M003161
M003162
M003162
M003162
M003163
M003163
M003163
M003164
M003164
M003164
M003165
M003165
M003165
M003166
M003166
M003166
M003168
M003168
M003168
M003169
M003169
M003169
M003170
M003170
M003170
M003175
M003175
M003175
M003176
M003176
M003176
M003177
M003177
M003177
M003178
M003178
M003178
M003180
M003180
M003180
M003182
M003182
M003182
M003183
M003183
M003183
M003184
M003184
M003184
M003185
M003185
M003185
M003186
M003186
M003186
M003187
M003187
M003187
M003188
M003188
M003188
M003189
M003189
M003189
M003192
M003192
M003192
M003194
M003194
M003194
M003197
M003197
M003197
M003198
M003198
M003198
M003200
M003200
M003200
M003201
M003201
M003201
M003203
M003203
M003203
M003204
M003204
M003204
M003205
M003205
M003205
M003206
M003206
M003206
M003207
M003207
M003207
M003208
M003208
M003208
M003209
M003209
M003209
M003210
M003210
M003210
M003211
M003211
M003211
M003212
M003212
M003212
M003213
M003213
M003213
M003214
M003214
M003214
M003215
M003215
M003215
M003217
M003217
M003217
M003218
M003218
M003218
M003219
M003219
M003219
M003220
M003220
M003221
M003221
M003221
M003222
M003222
M003222
M003223
M003223
M003223
M003225
M003225
M003225
M003228
M003228
M003228
M003230
M003230
M003230
M003231
M003231
M003231
M003232
M003232
M003232
M003234
M003234
M003234
M003236
M003236
M003236
M003237
M003237
M003237
M003238
M003238
M003238
M003239
M003239
M003239
M003240
M003240
M003240
M003241
M003241
M003241
M003242
M003242
M003242
M003243
M003243
M003243
M003244
M003244
M003244
M003246
M003246
M003246
M003247
M003247
M003247
M003248
M003248
M003248
M003249
M003249
M003249
M003251
M003251
M003251
M003252
M003252
M003252
M003253
M003253
M003253
M003254
M003254
M003254
M003256
M003256
M003256
M003257
M003257
M003257
M003259
M003259
M003259
M003260
M003260
M003260
M003261
M003261
M003261
M003262
M003262
M003262
M003263
M003263
M003263
M003264
M003264
M003264
M003265
M003265
M003265
M003266
M003266
M003266
M003269
M003269
M003269
M003270
M003270
M003270
M003271
M003271
M003272
M003272
M003272
M003273
M003273
M003273
M003274
M003274
M003274
M003275
M003275
M003275
M003276
M003276
M003276
M003277
M003277
M003277
M003279
M003279
M003279
M003280
M003280
M003280
M003281
M003281
M003281
M003283
M003283
M003283
M003284
M003284
M003284
M003286
M003286
M003286
M003287
M003287
M003287
M003288
M003288
M003288
M003289
M003289
M003289
M003290
M003290
M003290
M003291
M003291
M003291
M003292
M003292
M003292
M003294
M003294
M003294
M003295
M003295
M003295
M003296
M003296
M003296
M003297
M003297
M003297
M003298
M003298
M003298
M003299
M003299
M003299
M003302
M003302
M003302
M003303
M003303
M003303
M003304
M003304
M003304
M003305
M003305
M003305
M003306
M003306
M003306
M003307
M003307
M003307
M003308
M003308
M003308
M003309
M003309
M003309
M003310
M003310
M003310
M003311
M003311
M003311
M003313
M003313
M003313
M003314
M003314
M003316
M003316
M003316
M003318
M003318
M003318
M003319
M003319
M003319
M003320
M003320
M003320
M003322
M003322
M003322
M003323
M003323
M003323
M003324
M003324
M003324
M003325
M003325
M003325
M003326
M003326
M003326
M003327
M003327
M003327
M003328
M003328
M003328
M003329
M003329
M003329
M003332
M003332
M003332
M003333
M003333
M003333
M003335
M003335
M003335
M003336
M003336
M003336
M003340
M003340
M003340
M003341
M003341
M003341
M003342
M003342
M003342
M003343
M003343
M003343
M003344
M003344
M003344
M003345
M003345
M003345
M003346
M003346
M003346
M003347
M003347
M003347
M003351
M003351
M003351
M003352
M003352
M003352
M003353
M003353
M003353
M003354
M003354
M003354
M003355
M003355
M003355
M003356
M003356
M003356
M003357
M003357
M003357
M003358
M003358
M003358
M003359
M003359
M003359
M003361
M003361
M003361
M003362
M003362
M003362
M003364
M003364
M003364
M003366
M003366
M003366
M003367
M003367
M003367
M003368
M003368
M003368
M003369
M003369
M003369
M003370
M003370
M003370
M003371
M003371
M003372
M003372
M003372
M003374
M003374
M003374
M003375
M003375
M003375
M003376
M003376
M003376
M003377
M003377
M003377
M003378
M003378
M003378
M003380
M003380
M003381
M003381
M003381
M003382
M003382
M003382
M003383
M003383
M003383
M003384
M003384
M003384
M003385
M003385
M003387
M003387
M003387
M003388
M003388
M003388
M003389
M003389
M003389
M003390
M003390
M003390
M003392
M003392
M003392
M003394
M003394
M003394
M003395
M003395
M003395
M003396
M003396
M003396
M003397
M003397
M003397
M003398
M003398
M003398
M003399
M003399
M003399
M003400
M003400
M003400
M003401
M003401
M003402
M003402
M003402
M003403
M003403
M003403
M003404
M003404
M003404
M003405
M003405
M003406
M003406
M003406
M003407
M003407
M003407
M003408
M003408
M003408
M003409
M003409
M003409
M003412
M003412
M003412
M003413
M003413
M003413
M003414
M003414
M003414
M003415
M003415
M003415
M003416
M003416
M003416
M003417
M003417
M003417
M003418
M003418
M003418
M003419
M003419
M003419
M003420
M003420
M003420
M003421
M003421
M003421
M003422
M003422
M003422
M003425
M003425
M003425
M003426
M003426
M003426
M003427
M003427
M003427
M003428
M003428
M003428
M003429
M003429
M003429
M003431
M003431
M003431
M003435
M003435
M003435
M003436
M003436
M003436
M003438
M003438
M003438
M003442
M003442
M003442
M003443
M003443
M003443
M003444
M003444
M003444
M003445
M003445
M003445
M003446
M003446
M003446
M003447
M003447
M003447
M003448
M003448
M003448
M003449
M003449
M003449
M003451
M003451
M003451
M003452
M003452
M003452
M003453
M003453
M003453
M003454
M003454
M003454
M003455
M003455
M003455
M003456
M003457
M003457
M003457
M003458
M003458
M003460
M003460
M003460
M003461
M003461
M003461
M003462
M003462
M003462
M003465
M003465
M003465
M003468
M003468
M003468
M003469
M003469
M003469
M003471
M003471
M003471
M003473
M003473
M003473
M003474
M003474
M003474
M003475
M003475
M003475
M003477
M003477
M003477
M003478
M003478
M003478
M003479
M003479
M003479
M003482
M003482
M003482
M003484
M003484
M003484
M003485
M003485
M003485
M003487
M003487
M003487
M003489
M003489
M003489
M003490
M003490
M003490
M003492
M003492
M003492
M003493
M003493
M003493
M003496
M003496
M003496
M003497
M003497
M003497
M003499
M003499
M003499
M003500
M003500
M003500
M003501
M003501
M003501
M003502
M003502
M003502
M003503
M003503
M003503
M003504
M003504
M003504
M003505
M003505
M003505
M003506
M003506
M003506
M003507
M003507
M003507
M003508
M003508
M003508
M003509
M003509
M003509
M003510
M003510
M003510
M003513
M003513
M003513
M003515
M003515
M003515
M003516
M003516
M003516
M003518
M003518
M003518
M003519
M003519
M003519
M003520
M003520
M003520
M003521
M003521
M003521
M003523
M003523
M003523
M003524
M003524
M003524
M003525
M003525
M003525
M003526
M003526
M003526
M003527
M003527
M003527
M003529
M003529
M003529
M003530
M003530
M003530
M003532
M003532
M003532
M003533
M003533
M003533
M003534
M003534
M003534
M003535
M003535
M003535
M003536
M003536
M003536
M003538
M003538
M003538
M003542
M003542
M003542
M003543
M003543
M003543
M003544
M003544
M003544
M003545
M003545
M003545
M003546
M003546
M003546
M003548
M003548
M003548
M003549
M003549
M003549
M003550
M003550
M003550
M003551
M003551
M003551
M003552
M003552
M003552
M003553
M003553
M003553
M003554
M003554
M003554
M003555
M003555
M003555
M003556
M003556
M003556
M003557
M003557
M003557
M003558
M003558
M003558
M003559
M003559
M003559
M003560
M003560
M003560
M003561
M003561
M003561
M003562
M003562
M003562
M003563
M003563
M003563
M003564
M003564
M003564
M003565
M003565
M003565
M003567
M003567
M003567
M003568
M003568
M003568
M003569
M003569
M003569
M003571
M003571
M003571
M003572
M003572
M003573
M003573
M003573
M003574
M003574
M003574
M003576
M003576
M003576
M003577
M003577
M003577
M003578
M003578
M003578
M003579
M003579
M003579
M003580
M003580
M003580
M003581
M003581
M003581
M003585
M003585
M003585
M003586
M003586
M003586
M003587
M003587
M003587
M003588
M003588
M003588
M003590
M003590
M003590
M003594
M003594
M003594
M003595
M003595
M003595
M003597
M003597
M003597
M003598
M003598
M003598
M003599
M003599
M003599
M003600
M003600
M003600
M003601
M003601
M003601
M003604
M003604
M003604
M003605
M003605
M003605
M003606
M003606
M003606
M003607
M003607
M003607
M003609
M003609
M003609
M003611
M003611
M003611
M003612
M003612
M003612
M003614
M003614
M003614
M003616
M003616
M003616
M003617
M003617
M003617
M003619
M003619
M003619
M003620
M003620
M003620
M003622
M003622
M003622
M003623
M003623
M003623
M003624
M003624
M003624
M003626
M003626
M003626
M003627
M003627
M003627
M003628
M003628
M003628
M003629
M003629
M003629
M003630
M003630
M003630
M003631
M003631
M003631
M003632
M003632
M003632
M003633
M003633
M003633
M003634
M003634
M003634
M003635
M003635
M003635
M003636
M003636
M003636
M003637
M003637
M003637
M003639
M003639
M003639
M003640
M003640
M003640
M003641
M003641
M003641
M003642
M003642
M003642
M003643
M003643
M003643
M003644
M003644
M003644
M003646
M003646
M003646
M003647
M003647
M003647
M003648
M003648
M003648
M003650
M003650
M003650
M003651
M003651
M003651
M003652
M003652
M003652
M003654
M003654
M003654
M003655
M003655
M003655
M003656
M003656
M003656
M003658
M003658
M003658
M003659
M003659
M003659
M003660
M003660
M003660
M003661
M003661
M003661
M003665
M003665
M003665
M003666
M003666
M003666
M003668
M003668
M003668
M003670
M003670
M003670
M003671
M003671
M003671
M003672
M003672
M003672
M003673
M003673
M003673
M003674
M003674
M003674
M003675
M003675
M003675
M003676
M003676
M003676
M003679
M003679
M003679
M003680
M003680
M003680
M003681
M003681
M003681
M003682
M003682
M003682
M003683
M003683
M003683
M003684
M003684
M003684
M003686
M003686
M003686
M003687
M003687
M003687
M003688
M003688
M003688
M003690
M003690
M003690
M003691
M003691
M003691
M003693
M003693
M003693
M003695
M003695
M003695
M003697
M003697
M003697
M003698
M003698
M003698
M003699
M003699
M003699
M003700
M003700
M003700
M003701
M003701
M003701
M003702
M003702
M003702
M003704
M003704
M003704
M003705
M003705
M003705
M003707
M003707
M003707
M003709
M003709
M003709
M003711
M003711
M003711
M003713
M003713
M003713
M003714
M003714
M003714
M003715
M003715
M003715
M003716
M003716
M003716
M003717
M003717
M003717
M003718
M003718
M003718
M003719
M003719
M003719
M003720
M003720
M003720
M003724
M003724
M003724
M003725
M003725
M003725
M003726
M003726
M003726
M003727
M003727
M003727
M003728
M003728
M003728
M003731
M003731
M003731
M003732
M003732
M003732
M003733
M003733
M003733
M003734
M003734
M003734
M003735
M003735
M003735
M003737
M003737
M003737
M003738
M003738
M003738
M003739
M003739
M003739
M003742
M003742
M003742
M003743
M003743
M003743
M003745
M003745
M003745
M003746
M003746
M003746
M003747
M003747
M003747
M003748
M003748
M003748
M003749
M003749
M003749
M003750
M003750
M003750
M003753
M003753
M003753
M003754
M003754
M003754
M003757
M003757
M003757
M003758
M003758
M003758
M003760
M003760
M003760
M003766
M003766
M003766
M003767
M003767
M003767
M003768
M003768
M003768
M003769
M003769
M003769
M003770
M003770
M003770
M003772
M003772
M003772
M003774
M003774
M003775
M003775
M003775
M003777
M003777
M003777
M003778
M003778
M003778
M003781
M003781
M003781
M003786
M003786
M003786
M003787
M003787
M003787
M003788
M003788
M003788
M003789
M003789
M003789
M003791
M003791
M003791
M003792
M003792
M003792
M003793
M003793
M003793
M003794
M003794
M003794
M003795
M003795
M003795
M003796
M003796
M003796
M003797
M003797
M003797
M003798
M003798
M003798
M003799
M003799
M003799
M003801
M003801
M003801
M003802
M003802
M003802
M003803
M003803
M003803
M003804
M003804
M003804
M003805
M003805
M003805
M003806
M003806
M003806
M003808
M003808
M003808
M003810
M003810
M003810
M003811
M003811
M003811
M003813
M003813
M003813
M003815
M003815
M003815
M003816
M003816
M003816
M003819
M003819
M003819
M003820
M003820
M003820
M003821
M003821
M003821
M003822
M003822
M003822
M003824
M003824
M003825
M003825
M003825
M003826
M003826
M003826
M003827
M003827
M003827
M003828
M003828
M003828
M003829
M003829
M003829
M003830
M003830
M003830
M003832
M003832
M003832
M003834
M003834
M003834
M003835
M003835
M003835
M003836
M003836
M003836
M003837
M003837
M003837
M003838
M003838
M003838
M003840
M003840
M003840
M003841
M003841
M003841
M003842
M003842
M003842
M003843
M003843
M003843
M003844
M003844
M003844
M003845
M003845
M003845
M003846
M003846
M003846
M003847
M003847
M003847
M003848
M003848
M003848
M003850
M003850
M003850
M003851
M003851
M003851
M003852
M003852
M003852
M003853
M003853
M003853
M003854
M003854
M003854
M003855
M003855
M003855
M003856
M003856
M003856
M003860
M003860
M003860
M003861
M003861
M003861
M003862
M003862
M003862
M003863
M003863
M003863
M003864
M003864
M003864
M003865
M003865
M003865
M003866
M003866
M003866
M003867
M003867
M003867
M003870
M003870
M003870
M003871
M003871
M003871
M003872
M003872
M003872
M003874
M003874
M003874
M003875
M003875
M003875
M003876
M003876
M003876
M003878
M003878
M003878
M003880
M003880
M003880
M003882
M003882
M003882
M003883
M003883
M003883
M003885
M003885
M003885
M003887
M003887
M003887
M003888
M003888
M003888
M003889
M003889
M003889
M003890
M003890
M003890
M003891
M003891
M003891
M003893
M003893
M003893
M003894
M003894
M003894
M003895
M003895
M003895
M003896
M003896
M003896
M003899
M003899
M003899
M003901
M003901
M003901
M003903
M003903
M003903
M003904
M003904
M003904
M003905
M003905
M003905
M003906
M003906
M003906
M003907
M003907
M003907
M003908
M003908
M003908
M003909
M003909
M003909
M003911
M003911
M003911
M003912
M003912
M003912
M003913
M003913
M003913
M003914
M003914
M003914
M003915
M003915
M003915
M003917
M003917
M003917
M003918
M003918
M003918
M003919
M003919
M003919
M003920
M003920
M003920
M003921
M003921
M003921
M003922
M003922
M003922
M003923
M003923
M003923
M003924
M003924
M003924
M003925
M003925
M003925
M003927
M003927
M003927
M003929
M003929
M003929
M003931
M003931
M003931
M003932
M003932
M003932
M003933
M003933
M003933
M003935
M003935
M003935
M003936
M003936
M003936
M003938
M003938
M003938
M003939
M003939
M003939
M003940
M003940
M003940
M003943
M003943
M003943
M003944
M003944
M003944
M003945
M003945
M003945
M003947
M003947
M003947
M003949
M003949
M003949
M003950
M003950
M003950
M003951
M003951
M003951
M003952
M003952
M003952
M003953
M003953
M003953
M003955
M003955
M003955
M003957
M003957
M003957
M003959
M003959
M003959
M003960
M003960
M003960
M003961
M003961
M003961
M003963
M003963
M003963
M003965
M003965
M003965
M003966
M003966
M003966
M003968
M003968
M003968
M003969
M003969
M003969
M003970
M003970
M003970
M003971
M003971
M003971
M003972
M003972
M003972
M003974
M003974
M003974
M003975
M003975
M003975
M003976
M003976
M003976
M003977
M003977
M003977
M003978
M003978
M003978
M003980
M003980
M003980
M003981
M003981
M003981
M003982
M003982
M003982
M003984
M003984
M003985
M003985
M003985
M003986
M003986
M003986
M003988
M003988
M003988
M003989
M003989
M003989
M003990
M003990
M003990
M003993
M003993
M003993
M003994
M003994
M003994
M003995
M003995
M003995
M003996
M003996
M003996
M003998
M003998
M003998
M003999
M003999
M003999
M004000
M004000
M004000
M004001
M004001
M004001
M004002
M004002
M004002
M004003
M004003
M004003
M004004
M004004
M004004
M004005
M004005
M004005
M004006
M004006
M004006
M004010
M004010
M004010
M004011
M004011
M004011
M004013
M004013
M004013
M004014
M004014
M004014
M004016
M004016
M004016
M004017
M004017
M004017
M004018
M004018
M004018
M004019
M004019
M004019
M004020
M004020
M004020
M004021
M004021
M004021
M004022
M004022
M004022
M004023
M004023
M004024
M004024
M004024
M004025
M004025
M004025
M004026
M004026
M004026
M004027
M004027
M004027
M004028
M004028
M004028
M004029
M004029
M004029
M004030
M004030
M004030
M004031
M004031
M004031
M004032
M004032
M004032
M004034
M004034
M004034
M004035
M004035
M004035
M004036
M004036
M004036
M004038
M004038
M004038
M004039
M004039
M004039
M004041
M004041
M004041
M004042
M004042
M004042
M004044
M004044
M004044
M004045
M004045
M004045
M004046
M004046
M004046
M004047
M004047
M004047
M004049
M004049
M004049
M004051
M004051
M004051
M004053
M004053
M004053
M004055
M004055
M004055
M004056
M004056
M004056
M004057
M004057
M004057
M004058
M004058
M004058
M004059
M004059
M004059
M004060
M004060
M004060
M004061
M004061
M004061
M004062
M004062
M004062
M004064
M004064
M004064
M004065
M004065
M004066
M004066
M004066
M004069
M004069
M004069
M004070
M004070
M004070
M004071
M004071
M004071
M004072
M004072
M004072
M004074
M004074
M004074
M004076
M004076
M004076
M004077
M004077
M004077
M004079
M004079
M004079
M004080
M004080
M004080
M004081
M004081
M004081
M004084
M004084
M004084
M004086
M004086
M004086
M004087
M004087
M004087
M004088
M004088
M004088
M004089
M004089
M004089
M004091
M004091
M004091
M004092
M004092
M004092
M004093
M004093
M004093
M004094
M004094
M004094
M004096
M004096
M004096
M004097
M004097
M004097
M004099
M004099
M004100
M004100
M004100
M004101
M004101
M004101
M004103
M004103
M004103
M004104
M004104
M004104
M004105
M004105
M004105
M004106
M004106
M004106
M004107
M004107
M004107
M004108
M004108
M004108
M004109
M004109
M004109
M004111
M004111
M004111
M004112
M004112
M004112
M004113
M004113
M004113
M004114
M004114
M004114
M004116
M004116
M004116
M004118
M004118
M004118
M004119
M004119
M004119
M004121
M004121
M004121
M004123
M004123
M004123
M004125
M004125
M004125
M004126
M004126
M004126
M004128
M004128
M004128
M004131
M004131
M004131
M004132
M004132
M004132
M004135
M004135
M004135
M004136
M004136
M004136
M004137
M004137
M004137
M004138
M004138
M004138
M004139
M004139
M004139
M004140
M004140
M004140
M004141
M004141
M004141
M004142
M004142
M004142
M004143
M004143
M004143
M004144
M004144
M004144
M004145
M004145
M004145
M004147
M004147
M004147
M004148
M004148
M004148
M004150
M004150
M004150
M004151
M004151
M004151
M004155
M004155
M004155
M004156
M004156
M004156
M004159
M004159
M004159
M004160
M004160
M004160
M004162
M004162
M004162
M004165
M004165
M004165
M004168
M004168
M004169
M004169
M004169
M004171
M004171
M004171
M004172
M004172
M004172
M004174
M004174
M004174
M004175
M004175
M004175
M004178
M004178
M004178
M004179
M004179
M004179
M004181
M004181
M004181
M004182
M004182
M004182
M004184
M004184
M004184
M004185
M004185
M004185
M004186
M004186
M004186
M004187
M004187
M004187
M004188
M004188
M004188
M004190
M004190
M004190
M004191
M004191
M004191
M004193
M004193
M004193
M004194
M004194
M004194
M004195
M004195
M004195
M004196
M004196
M004196
M004197
M004197
M004197
M004198
M004198
M004198
M004199
M004199
M004199
M004200
M004200
M004200
M004201
M004201
M004201
M004202
M004202
M004202
M004203
M004203
M004203
M004204
M004204
M004204
M004205
M004205
M004205
M004207
M004207
M004207
M004208
M004208
M004209
M004209
M004209
M004210
M004210
M004210
M004211
M004211
M004211
M004212
M004212
M004212
M004213
M004213
M004213
M004214
M004214
M004214
M004215
M004215
M004215
M004216
M004216
M004216
M004217
M004217
M004217
M004218
M004218
M004218
M004219
M004219
M004219
M004220
M004220
M004220
M004221
M004221
M004221
M004224
M004224
M004224
M004225
M004225
M004225
M004226
M004226
M004226
M004227
M004227
M004227
M004228
M004228
M004228
M004229
M004229
M004229
M004230
M004230
M004230
M004231
M004231
M004231
M004232
M004232
M004232
M004233
M004233
M004233
M004234
M004234
M004234
M004236
M004236
M004236
M004237
M004237
M004237
M004238
M004238
M004238
M004239
M004239
M004241
M004241
M004241
M004242
M004242
M004242
M004243
M004243
M004243
M004244
M004244
M004244
M004245
M004245
M004245
M004246
M004246
M004246
M004247
M004247
M004247
M004248
M004248
M004248
M004249
M004249
M004249
M004251
M004251
M004252
M004252
M004252
M004253
M004253
M004253
M004254
M004254
M004254
M004255
M004255
M004255
M004257
M004257
M004257
M004258
M004258
M004258
M004259
M004259
M004259
M004261
M004261
M004261
M004262
M004262
M004263
M004263
M004263
M004267
M004267
M004267
M004269
M004269
M004269
M004271
M004271
M004271
M004272
M004272
M004272
M004274
M004274
M004274
M004277
M004277
M004277
M004278
M004278
M004278
M004279
M004279
M004279
M004280
M004280
M004280
M004282
M004282
M004282
M004283
M004283
M004283
M004285
M004285
M004285
M004286
M004286
M004286
M004288
M004288
M004289
M004289
M004289
M004291
M004291
M004291
M004295
M004295
M004295
M004296
M004296
M004296
M004298
M004298
M004298
M004300
M004300
M004300
M004301
M004301
M004301
M004302
M004302
M004302
M004305
M004305
M004305
M004306
M004306
M004306
M004309
M004309
M004309
M004310
M004310
M004310
M004312
M004312
M004312
M004314
M004314
M004314
M004315
M004315
M004316
M004316
M004316
M004321
M004321
M004321
M004323
M004323
M004323
M004324
M004324
M004324
M004325
M004325
M004326
M004326
M004326
M004327
M004327
M004327
M004328
M004328
M004328
M004333
M004333
M004333
M004334
M004334
M004334
M004335
M004335
M004335
M004337
M004337
M004337
M004339
M004339
M004339
M004340
M004340
M004340
M004341
M004341
M004341
M004342
M004342
M004342
M004343
M004343
M004343
M004347
M004347
M004347
M004348
M004348
M004348
M004349
M004349
M004349
M004351
M004351
M004351
M004352
M004352
M004352
M004353
M004353
M004353
M004355
M004355
M004355
M004356
M004356
M004356
M004357
M004357
M004357
M004359
M004359
M004359
M004360
M004360
M004360
M004362
M004362
M004362
M004365
M004365
M004365
M004367
M004367
M004367
M004369
M004369
M004369
M004370
M004370
M004370
M004372
M004372
M004372
M004373
M004373
M004373
M004374
M004374
M004374
M004375
M004375
M004375
M004376
M004376
M004376
M004378
M004378
M004378
M004379
M004379
M004379
M004380
M004380
M004380
M004381
M004381
M004381
M004382
M004382
M004382
M004383
M004383
M004383
M004384
M004384
M004384
M004385
M004385
M004385
M004386
M004386
M004386
M004389
M004389
M004389
M004391
M004391
M004391
M004392
M004392
M004392
M004393
M004393
M004393
M004395
M004395
M004395
M004396
M004396
M004396
M004397
M004397
M004397
M004400
M004400
M004400
M004401
M004401
M004401
M004402
M004402
M004402
M004403
M004403
M004403
M004404
M004404
M004404
M004405
M004405
M004405
M004406
M004406
M004406
M004407
M004407
M004407
M004408
M004408
M004408
M004409
M004409
M004409
M004410
M004410
M004410
M004413
M004413
M004413
M004415
M004415
M004415
M004416
M004416
M004416
M004417
M004417
M004417
M004418
M004418
M004418
M004419
M004419
M004419
M004421
M004421
M004421
M004422
M004422
M004422
M004423
M004423
M004423
M004425
M004425
M004425
M004426
M004426
M004426
M004429
M004429
M004429
M004430
M004430
M004430
M004431
M004431
M004431
M004433
M004433
M004433
M004434
M004434
M004434
M004435
M004435
M004435
M004436
M004436
M004436
M004440
M004440
M004440
M004441
M004441
M004441
M004442
M004442
M004442
M004445
M004445
M004445
M004448
M004448
M004448
M004451
M004451
M004451
M004452
M004452
M004452
M004453
M004453
M004453
M004454
M004454
M004454
M004456
M004456
M004456
M004457
M004457
M004457
M004459
M004459
M004459
M004460
M004460
M004460
M004461
M004461
M004461
M004463
M004463
M004463
M004464
M004464
M004464
M004466
M004466
M004466
M004467
M004467
M004467
M004468
M004468
M004468
M004470
M004470
M004470
M004471
M004471
M004471
M004475
M004475
M004475
M004476
M004476
M004476
M004478
M004478
M004478
M004479
M004479
M004479
M004480
M004480
M004480
M004481
M004481
M004481
M004482
M004482
M004482
M004483
M004483
M004483
M004484
M004484
M004484
M004485
M004485
M004485
M004487
M004487
M004487
M004491
M004491
M004491
M004492
M004492
M004492
M004493
M004493
M004493
M004496
M004496
M004496
M004497
M004497
M004497
M004498
M004498
M004498
M004500
M004500
M004500
M004501
M004501
M004501
M004502
M004502
M004502
M004503
M004503
M004503
M004505
M004505
M004505
M004506
M004506
M004506
M004507
M004507
M004507
M004508
M004508
M004508
M004509
M004509
M004509
M004510
M004510
M004510
M004511
M004511
M004511
M004512
M004512
M004512
M004514
M004514
M004514
M004515
M004515
M004515
M004516
M004516
M004516
M004519
M004519
M004519
M004520
M004520
M004520
M004522
M004522
M004522
M004523
M004523
M004523
M004524
M004524
M004524
M004525
M004525
M004525
M004526
M004526
M004526
M004527
M004527
M004527
M004528
M004528
M004528
M004529
M004529
M004529
M004530
M004530
M004530
M004531
M004531
M004531
M004532
M004532
M004532
M004533
M004533
M004533
M004534
M004534
M004534
M004535
M004535
M004535
M004536
M004536
M004536
M004537
M004537
M004537
M004538
M004538
M004538
M004539
M004539
M004539
M004541
M004541
M004541
M004542
M004542
M004542
M004543
M004543
M004543
M004546
M004546
M004546
M004547
M004547
M004547
M004548
M004548
M004548
M004549
M004549
M004549
M004550
M004550
M004550
M004554
M004554
M004554
M004558
M004558
M004558
M004559
M004559
M004559
M004563
M004563
M004563
M004564
M004564
M004564
M004565
M004565
M004565
M004566
M004566
M004566
M004567
M004567
M004567
M004569
M004569
M004569
M004571
M004571
M004571
M004572
M004572
M004572
M004575
M004575
M004575
M004576
M004576
M004576
M004577
M004577
M004577
M004578
M004578
M004578
M004579
M004579
M004579
M004580
M004580
M004580
M004583
M004583
M004583
M004584
M004584
M004584
M004585
M004585
M004585
M004587
M004587
M004587
M004588
M004588
M004588
M004589
M004589
M004589
M004591
M004591
M004591
M004592
M004592
M004592
M004593
M004593
M004593
M004594
M004594
M004594
M004595
M004595
M004595
M004596
M004596
M004596
M004597
M004597
M004597
M004598
M004598
M004598
M004599
M004599
M004599
M004600
M004600
M004600
M004603
M004603
M004603
M004604
M004604
M004604
M004606
M004606
M004606
M004607
M004607
M004607
M004608
M004608
M004608
M004609
M004609
M004609
M004610
M004610
M004610
M004611
M004611
M004611
M004612
M004612
M004612
M004613
M004613
M004613
M004614
M004614
M004614
M004617
M004617
M004617
M004618
M004618
M004618
M004620
M004620
M004620
M004622
M004622
M004622
M004623
M004623
M004623
M004624
M004624
M004624
M004625
M004625
M004625
M004626
M004626
M004626
M004627
M004627
M004627
M004628
M004628
M004628
M004629
M004629
M004629
M004630
M004630
M004630
M004632
M004632
M004632
M004634
M004634
M004634
M004635
M004635
M004635
M004636
M004636
M004636
M004637
M004637
M004637
M004638
M004638
M004638
M004639
M004639
M004639
M004640
M004640
M004640
M004641
M004641
M004641
M004642
M004642
M004642
M004643
M004643
M004643
M004644
M004644
M004644
M004646
M004646
M004646
M004647
M004647
M004647
M004648
M004648
M004648
M004649
M004649
M004649
M004650
M004650
M004650
M004651
M004651
M004651
M004653
M004653
M004653
M004655
M004655
M004655
M004656
M004656
M004656
M004658
M004658
M004658
M004659
M004659
M004659
M004660
M004660
M004660
M004662
M004662
M004662
M004663
M004663
M004663
M004664
M004664
M004664
M004665
M004665
M004665
M004666
M004666
M004666
M004667
M004667
M004667
M004669
M004669
M004669
M004670
M004670
M004670
M004671
M004671
M004671
M004673
M004673
M004673
M004675
M004675
M004675
M004676
M004676
M004676
M004678
M004678
M004678
M004683
M004683
M004683
M004685
M004685
M004685
M004686
M004686
M004686
M004687
M004687
M004687
M004689
M004689
M004689
M004690
M004690
M004690
M004692
M004692
M004692
M004694
M004694
M004694
M004696
M004696
M004696
M004697
M004697
M004697
M004699
M004699
M004699
M004700
M004700
M004700
M004701
M004701
M004701
M004703
M004703
M004703
M004704
M004704
M004704
M004705
M004705
M004705
M004706
M004706
M004706
M004709
M004709
M004709
M004710
M004710
M004710
M004711
M004711
M004711
M004712
M004712
M004712
M004713
M004713
M004713
M004714
M004714
M004714
M004715
M004715
M004715
M004716
M004716
M004716
M004717
M004717
M004717
M004718
M004718
M004718
M004721
M004721
M004721
M004722
M004722
M004722
M004723
M004723
M004723
M004725
M004725
M004725
M004726
M004726
M004726
M004728
M004728
M004728
M004729
M004729
M004729
M004730
M004730
M004730
M004732
M004732
M004732
M004735
M004735
M004735
M004737
M004737
M004737
M004738
M004738
M004739
M004739
M004739
M004741
M004741
M004741
M004743
M004743
M004743
M004744
M004744
M004744
M004746
M004746
M004746
M004747
M004747
M004747
M004748
M004748
M004748
M004751
M004751
M004751
M004752
M004752
M004752
M004753
M004753
M004753
M004755
M004755
M004755
M004756
M004756
M004756
M004757
M004757
M004757
M004758
M004758
M004758
M004760
M004760
M004760
M004761
M004761
M004761
M004762
M004762
M004762
M004763
M004763
M004763
M004764
M004764
M004764
M004765
M004765
M004765
M004766
M004766
M004766
M004767
M004767
M004767
M004768
M004768
M004768
M004769
M004769
M004769
M004770
M004770
M004770
M004771
M004771
M004771
M004772
M004772
M004772
M004774
M004774
M004774
M004775
M004775
M004775
M004777
M004777
M004777
M004780
M004780
M004780
M004781
M004781
M004781
M004782
M004782
M004782
M004783
M004783
M004783
M004785
M004785
M004785
M004787
M004787
M004787
M004788
M004788
M004788
M004789
M004789
M004789
M004791
M004791
M004791
M004794
M004794
M004794
M004795
M004795
M004795
M004796
M004796
M004796
M004797
M004797
M004797
M004798
M004798
M004798
M004799
M004799
M004799
M004800
M004800
M004800
M004802
M004802
M004802
M004803
M004803
M004803
M004804
M004804
M004804
M004805
M004805
M004805
M004806
M004806
M004806
M004810
M004810
M004810
M004812
M004812
M004812
M004813
M004813
M004813
M004814
M004814
M004814
M004815
M004815
M004815
M004816
M004816
M004816
M004820
M004820
M004820
M004821
M004821
M004821
M004824
M004824
M004824
M004825
M004825
M004825
M004826
M004826
M004826
M004827
M004827
M004827
M004828
M004828
M004828
M004829
M004829
M004829
M004830
M004830
M004830
M004831
M004831
M004831
M004832
M004832
M004832
M004833
M004833
M004833
M004834
M004834
M004834
M004835
M004835
M004835
M004836
M004836
M004836
M004837
M004837
M004838
M004838
M004838
M004839
M004839
M004839
M004840
M004840
M004840
M004842
M004842
M004842
M004843
M004843
M004843
M004846
M004846
M004846
M004847
M004847
M004847
M004848
M004848
M004848
M004849
M004849
M004849
M004850
M004850
M004850
M004855
M004855
M004855
M004857
M004857
M004857
M004859
M004859
M004859
M004860
M004860
M004860
M004862
M004862
M004862
M004866
M004866
M004866
M004868
M004868
M004868
M004869
M004869
M004869
M004871
M004871
M004871
M004872
M004872
M004872
M004874
M004874
M004874
M004875
M004875
M004875
M004876
M004876
M004876
M004878
M004878
M004878
M004879
M004879
M004879
M004880
M004880
M004880
M004883
M004883
M004883
M004884
M004884
M004884
M004885
M004885
M004885
M004886
M004886
M004886
M004888
M004888
M004888
M004889
M004889
M004889
M004890
M004890
M004890
M004891
M004891
M004891
M004892
M004892
M004892
M004893
M004893
M004893
M004894
M004894
M004894
M004895
M004895
M004895
M004896
M004896
M004896
M004897
M004897
M004897
M004898
M004898
M004898
M004900
M004900
M004900
M004901
M004901
M004901
M004902
M004902
M004902
M004903
M004903
M004903
M004905
M004905
M004905
M004907
M004907
M004907
M004908
M004908
M004908
M004909
M004909
M004909
M004914
M004914
M004914
M004915
M004915
M004915
M004916
M004916
M004916
M004917
M004917
M004917
M004918
M004918
M004918
M004919
M004919
M004919
M004920
M004920
M004920
M004921
M004921
M004921
M004922
M004922
M004922
M004923
M004923
M004923
M004925
M004925
M004925
M004926
M004926
M004926
M004927
M004927
M004927
M004928
M004928
M004928
M004929
M004929
M004929
M004932
M004932
M004932
M004933
M004933
M004933
M004935
M004935
M004935
M004936
M004936
M004936
M004937
M004937
M004937
M004938
M004938
M004938
M004939
M004939
M004939
M004941
M004941
M004941
M004942
M004942
M004942
M004943
M004943
M004943
M004944
M004944
M004944
M004946
M004946
M004946
M004948
M004948
M004948
M004949
M004949
M004949
M004950
M004950
M004950
M004951
M004951
M004951
M004953
M004953
M004953
M004954
M004954
M004954
M004955
M004955
M004955
M004956
M004956
M004956
M004958
M004958
M004958
M004959
M004959
M004959
M004961
M004961
M004961
M004963
M004963
M004963
M004967
M004967
M004967
M004969
M004969
M004969
M004970
M004970
M004970
M004971
M004971
M004971
M004976
M004976
M004976
M004978
M004978
M004978
M004979
M004979
M004979
M004980
M004980
M004980
M004981
M004981
M004981
M004982
M004982
M004982
M004984
M004984
M004984
M004985
M004985
M004985
M004987
M004987
M004987
M004989
M004989
M004990
M004990
M004990
M004992
M004992
M004992
M004993
M004993
M004993
M004994
M004994
M004994
M004995
M004995
M004995
M004998
M004998
M004998
M004999
M004999
M004999
M005000
M005000
M005000
M005001
M005001
M005001
M005002
M005002
M005002
M005003
M005003
M005003
M005004
M005004
M005004
M005005
M005005
M005005
M005006
M005006
M005006
M005007
M005007
M005007
M005010
M005010
M005010
M005011
M005011
M005011
M005013
M005013
M005013
M005014
M005014
M005014
M005015
M005015
M005015
M005016
M005016
M005016
M005017
M005017
M005017
M005018
M005018
M005018
M005019
M005019
M005019
M005020
M005020
M005020
M005022
M005022
M005022
M005023
M005023
M005023
M005025
M005025
M005025
M005027
M005027
M005027
M005028
M005028
M005028
M005029
M005029
M005029
M005030
M005030
M005030
M005032
M005032
M005032
M005034
M005034
M005034
M005035
M005035
M005035
M005036
M005036
M005036
M005038
M005038
M005042
M005042
M005042
M005043
M005043
M005043
M005044
M005044
M005044
M005047
M005047
M005047
M005049
M005049
M005053
M005053
M005053
M005055
M005055
M005055
M005056
M005056
M005056
M005057
M005057
M005057
M005058
M005058
M005058
M005059
M005059
M005059
M005060
M005060
M005060
M005062
M005062
M005062
M005063
M005063
M005063
M005065
M005065
M005065
M005066
M005066
M005066
M005067
M005067
M005067
M005068
M005068
M005068
M005071
M005071
M005071
M005072
M005072
M005072
M005073
M005073
M005073
M005075
M005075
M005075
M005076
M005076
M005076
M005078
M005078
M005078
M005079
M005079
M005079
M005080
M005080
M005080
M005081
M005081
M005081
M005082
M005082
M005082
M005083
M005083
M005083
M005085
M005085
M005085
M005086
M005086
M005086
M005088
M005088
M005088
M005089
M005089
M005089
M005090
M005090
M005090
M005091
M005091
M005091
M005093
M005093
M005093
M005094
M005094
M005094
M005098
M005098
M005099
M005099
M005099
M005100
M005100
M005100
M005101
M005101
M005101
M005102
M005102
M005102
M005103
M005103
M005103
M005104
M005104
M005104
M005105
M005105
M005105
M005107
M005107
M005107
M005108
M005108
M005108
M005110
M005110
M005110
M005111
M005111
M005111
M005112
M005112
M005112
M005113
M005113
M005113
M005114
M005114
M005114
M005115
M005115
M005115
M005116
M005116
M005116
M005118
M005118
M005118
M005122
M005122
M005122
M005123
M005123
M005123
M005124
M005125
M005125
M005125
M005126
M005126
M005126
M005127
M005127
M005127
M005128
M005128
M005128
M005129
M005129
M005129
M005130
M005130
M005130
M005131
M005131
M005131
M005132
M005132
M005132
M005133
M005133
M005133
M005134
M005134
M005134
M005135
M005135
M005135
M005136
M005136
M005136
M005137
M005137
M005137
M005138
M005138
M005138
M005140
M005140
M005140
M005143
M005143
M005143
M005145
M005145
M005145
M005146
M005146
M005146
M005148
M005148
M005148
M005149
M005149
M005149
M005153
M005153
M005153
M005154
M005154
M005154
M005155
M005155
M005155
M005157
M005157
M005157
M005158
M005158
M005158
M005159
M005159
M005159
M005160
M005160
M005160
M005161
M005161
M005161
M005162
M005162
M005162
M005164
M005164
M005164
M005165
M005165
M005165
M005167
M005167
M005167
M005168
M005168
M005168
M005170
M005170
M005170
M005171
M005171
M005171
M005172
M005172
M005172
M005174
M005174
M005174
M005177
M005177
M005177
M005179
M005179
M005179
M005182
M005182
M005182
M005183
M005183
M005183
M005185
M005185
M005185
M005187
M005187
M005187
M005190
M005190
M005190
M005191
M005191
M005191
M005192
M005192
M005192
M005193
M005193
M005193
M005194
M005194
M005194
M005196
M005196
M005196
M005198
M005198
M005198
M005200
M005200
M005200
M005201
M005201
M005201
M005203
M005203
M005203
M005204
M005204
M005204
M005205
M005205
M005205
M005206
M005206
M005206
M005207
M005207
M005207
M005208
M005208
M005208
M005209
M005209
M005209
M005210
M005210
M005210
M005211
M005211
M005211
M005215
M005215
M005215
M005216
M005216
M005216
M005219
M005219
M005219
M005220
M005220
M005220
M005222
M005222
M005222
M005223
M005223
M005223
M005224
M005224
M005224
M005225
M005225
M005225
M005227
M005227
M005227
M005228
M005228
M005228
M005231
M005231
M005231
M005233
M005233
M005233
M005234
M005234
M005234
M005236
M005236
M005236
M005237
M005237
M005237
M005238
M005238
M005238
M005239
M005239
M005239
M005240
M005240
M005240
M005241
M005241
M005241
M005242
M005242
M005242
M005243
M005243
M005243
M005244
M005244
M005244
M005245
M005245
M005245
M005246
M005246
M005246
M005247
M005247
M005247
M005249
M005249
M005249
M005251
M005251
M005251
M005252
M005252
M005252
M005253
M005253
M005253
M005255
M005255
M005255
M005257
M005257
M005257
M005258
M005258
M005258
M005259
M005259
M005259
M005260
M005260
M005260
M005261
M005261
M005261
M005262
M005262
M005262
M005263
M005263
M005263
M005265
M005265
M005265
M005268
M005268
M005268
M005269
M005269
M005269
M005270
M005270
M005270
M005271
M005271
M005271
M005272
M005272
M005272
M005273
M005273
M005273
M005276
M005276
M005276
M005279
M005279
M005279
M005280
M005280
M005280
M005281
M005281
M005281
M005282
M005282
M005282
M005284
M005284
M005284
M005285
M005285
M005285
M005286
M005286
M005286
M005287
M005287
M005287
M005288
M005288
M005288
M005290
M005290
M005290
M005291
M005291
M005291
M005292
M005292
M005292
M005293
M005293
M005293
M005294
M005294
M005294
M005295
M005295
M005295
M005297
M005297
M005297
M005299
M005299
M005299
M005301
M005301
M005301
M005302
M005302
M005302
M005303
M005303
M005303
M005304
M005304
M005304
M005305
M005305
M005305
M005306
M005306
M005306
M005307
M005307
M005307
M005311
M005311
M005311
M005313
M005313
M005313
M005314
M005314
M005314
M005315
M005315
M005315
M005316
M005316
M005316
M005318
M005318
M005318
M005319
M005319
M005319
M005320
M005320
M005320
M005322
M005322
M005322
M005323
M005323
M005323
M005325
M005325
M005325
M005326
M005326
M005326
M005327
M005327
M005327
M005329
M005329
M005329
M005330
M005330
M005330
M005331
M005331
M005331
M005332
M005332
M005332
M005333
M005333
M005333
M005334
M005334
M005334
M005335
M005335
M005335
M005337
M005337
M005337
M005338
M005338
M005338
M005339
M005339
M005339
M005340
M005340
M005340
M005342
M005342
M005342
M005343
M005343
M005343
M005345
M005345
M005345
M005346
M005346
M005346
M005348
M005348
M005348
M005349
M005349
M005349
M005350
M005350
M005350
M005353
M005353
M005353
M005354
M005354
M005354
M005355
M005355
M005355
M005357
M005357
M005357
M005360
M005360
M005360
M005362
M005362
M005362
M005363
M005363
M005363
M005365
M005365
M005365
M005366
M005366
M005366
M005367
M005367
M005367
M005368
M005368
M005368
M005369
M005369
M005369
M005370
M005370
M005370
M005371
M005371
M005371
M005372
M005372
M005372
M005373
M005373
M005373
M005374
M005374
M005374
M005377
M005377
M005377
M005378
M005378
M005378
M005379
M005379
M005379
M005380
M005380
M005380
M005381
M005381
M005381
M005382
M005382
M005382
M005383
M005383
M005383
M005385
M005385
M005385
M005386
M005386
M005386
M005387
M005387
M005387
M005388
M005388
M005388
M005389
M005389
M005389
M005390
M005390
M005390
M005391
M005391
M005391
M005392
M005392
M005392
M005394
M005394
M005394
M005395
M005395
M005395
M005398
M005398
M005398
M005400
M005400
M005400
M005401
M005401
M005401
M005402
M005402
M005402
M005403
M005403
M005403
M005405
M005405
M005405
M005406
M005406
M005406
M005408
M005408
M005408
M005409
M005409
M005409
M005410
M005410
M005410
M005411
M005411
M005411
M005412
M005412
M005412
M005414
M005414
M005414
M005416
M005416
M005416
M005417
M005417
M005417
M005418
M005418
M005418
M005420
M005420
M005420
M005421
M005421
M005421
M005422
M005422
M005422
M005423
M005423
M005423
M005424
M005424
M005424
M005426
M005426
M005426
M005427
M005427
M005427
M005428
M005428
M005428
M005429
M005429
M005429
M005430
M005430
M005430
M005431
M005431
M005431
M005432
M005432
M005432
M005434
M005434
M005434
M005435
M005435
M005435
M005436
M005436
M005436
M005437
M005437
M005437
M005438
M005438
M005438
M005440
M005440
M005440
M005442
M005442
M005442
M005443
M005443
M005443
M005444
M005444
M005444
M005446
M005446
M005446
M005447
M005447
M005447
M005448
M005448
M005448
M005449
M005449
M005449
M005450
M005450
M005450
M005451
M005451
M005451
M005452
M005452
M005452
M005453
M005453
M005453
M005455
M005455
M005455
M005456
M005456
M005456
M005459
M005459
M005459
M005460
M005460
M005460
M005461
M005461
M005461
M005463
M005463
M005463
M005464
M005464
M005464
M005466
M005466
M005466
M005470
M005470
M005470
M005473
M005473
M005473
M005475
M005475
M005475
M005476
M005476
M005476
M005478
M005478
M005478
M005479
M005479
M005479
M005480
M005480
M005480
M005482
M005482
M005482
M005483
M005483
M005483
M005484
M005484
M005484
M005488
M005488
M005488
M005489
M005489
M005489
M005490
M005490
M005490
M005491
M005491
M005491
M005493
M005493
M005493
M005494
M005494
M005494
M005495
M005495
M005495
M005496
M005496
M005496
M005497
M005497
M005497
M005499
M005499
M005499
M005500
M005500
M005500
M005501
M005501
M005501
M005502
M005502
M005502
M005503
M005503
M005503
M005505
M005505
M005505
M005507
M005507
M005507
M005508
M005508
M005508
M005510
M005510
M005510
M005511
M005511
M005511
M005512
M005512
M005512
M005513
M005513
M005513
M005514
M005514
M005514
M005515
M005515
M005515
M005516
M005516
M005516
M005517
M005517
M005517
M005518
M005518
M005518
M005520
M005520
M005520
M005521
M005521
M005521
M005524
M005524
M005524
M005525
M005525
M005525
M005526
M005526
M005526
M005527
M005527
M005527
M005528
M005528
M005528
M005530
M005530
M005530
M005532
M005532
M005532
M005533
M005533
M005533
M005534
M005534
M005534
M005535
M005535
M005535
M005536
M005536
M005536
M005539
M005539
M005539
M005541
M005541
M005541
M005542
M005542
M005542
M005544
M005544
M005544
M005545
M005545
M005545
M005546
M005546
M005546
M005547
M005547
M005547
M005548
M005548
M005548
M005551
M005551
M005551
M005552
M005552
M005552
M005553
M005553
M005553
M005554
M005554
M005554
M005556
M005556
M005556
M005557
M005557
M005557
M005558
M005558
M005558
M005559
M005559
M005559
M005560
M005560
M005560
M005562
M005562
M005562
M005563
M005563
M005563
M005564
M005564
M005564
M005565
M005565
M005565
M005566
M005566
M005566
M005567
M005567
M005567
M005569
M005569
M005569
M005570
M005570
M005570
M005572
M005572
M005572
M005575
M005575
M005575
M005576
M005576
M005576
M005580
M005580
M005580
M005581
M005581
M005581
M005582
M005582
M005582
M005584
M005584
M005584
M005585
M005585
M005585
M005586
M005586
M005586
M005587
M005587
M005587
M005588
M005588
M005588
M005590
M005590
M005590
M005591
M005591
M005591
M005592
M005592
M005592
M005593
M005593
M005593
M005594
M005594
M005594
M005595
M005595
M005595
M005598
M005598
M005598
M005599
M005599
M005599
M005600
M005600
M005600
M005601
M005601
M005601
M005602
M005602
M005602
M005603
M005603
M005603
M005604
M005604
M005604
M005606
M005606
M005606
M005608
M005608
M005608
M005611
M005611
M005611
M005613
M005613
M005613
M005614
M005614
M005614
M005615
M005615
M005615
M005616
M005616
M005616
M005618
M005618
M005618
M005619
M005619
M005619
M005620
M005620
M005620
M005622
M005622
M005622
M005623
M005623
M005623
M005624
M005624
M005624
M005626
M005626
M005626
M005630
M005630
M005630
M005631
M005631
M005631
M005633
M005633
M005633
M005635
M005635
M005635
M005637
M005637
M005637
M005640
M005640
M005640
M005641
M005641
M005641
M005642
M005642
M005642
M005643
M005643
M005643
M005644
M005644
M005644
M005646
M005646
M005646
M005649
M005649
M005649
M005650
M005650
M005650
M005651
M005651
M005651
M005653
M005653
M005653
M005655
M005655
M005655
M005656
M005656
M005656
M005657
M005657
M005657
M005658
M005658
M005658
M005660
M005660
M005660
M005661
M005661
M005661
M005662
M005662
M005662
M005664
M005664
M005664
M005665
M005665
M005665
M005666
M005666
M005666
M005667
M005667
M005667
M005670
M005670
M005670
M005673
M005673
M005673
M005677
M005677
M005677
M005678
M005678
M005678
M005679
M005679
M005679
M005680
M005680
M005680
M005682
M005682
M005682
M005683
M005683
M005683
M005684
M005684
M005684
M005685
M005685
M005685
M005686
M005686
M005686
M005687
M005687
M005687
M005688
M005688
M005688
M005689
M005689
M005689
M005690
M005690
M005690
M005691
M005691
M005691
M005692
M005692
M005692
M005693
M005693
M005693
M005695
M005695
M005695
M005696
M005696
M005696
M005699
M005699
M005699
M005700
M005700
M005700
M005701
M005701
M005701
M005703
M005703
M005703
M005705
M005705
M005705
M005706
M005706
M005706
M005707
M005707
M005707
M005708
M005708
M005708
M005709
M005709
M005709
M005710
M005710
M005710
M005711
M005711
M005711
M005713
M005713
M005713
M005715
M005715
M005715
M005716
M005716
M005716
M005717
M005717
M005717
M005718
M005718
M005718
M005719
M005719
M005719
M005720
M005720
M005720
M005721
M005721
M005721
M005723
M005723
M005723
M005724
M005724
M005724
M005727
M005727
M005727
M005730
M005730
M005730
M005731
M005731
M005731
M005732
M005732
M005732
M005733
M005733
M005733
M005734
M005734
M005734
M005735
M005735
M005735
M005736
M005736
M005736
M005737
M005737
M005737
M005738
M005738
M005738
M005739
M005739
M005739
M005743
M005743
M005743
M005745
M005745
M005745
M005748
M005748
M005748
M005750
M005750
M005750
M005752
M005752
M005752
M005753
M005753
M005753
M005754
M005754
M005754
M005755
M005755
M005755
M005757
M005757
M005757
M005758
M005758
M005758
M005760
M005760
M005760
M005762
M005762
M005762
M005763
M005763
M005763
M005764
M005764
M005764
M005765
M005765
M005765
M005766
M005766
M005766
M005767
M005767
M005767
M005768
M005768
M005768
M005769
M005769
M005769
M005773
M005773
M005773
M005774
M005774
M005774
M005775
M005775
M005775
M005776
M005776
M005776
M005777
M005777
M005777
M005778
M005778
M005778
M005779
M005779
M005779
M005780
M005780
M005780
M005781
M005781
M005781
M005782
M005782
M005782
M005783
M005783
M005783
M005784
M005784
M005784
M005785
M005785
M005785
M005786
M005786
M005786
M005788
M005788
M005788
M005789
M005789
M005789
M005791
M005791
M005791
M005792
M005792
M005792
M005794
M005794
M005794
M005795
M005795
M005795
M005796
M005796
M005796
M005798
M005798
M005798
M005800
M005800
M005800
M005801
M005801
M005801
M005804
M005804
M005804
M005806
M005806
M005806
M005807
M005807
M005807
M005808
M005808
M005808
M005810
M005810
M005810
M005811
M005811
M005811
M005812
M005812
M005812
M005814
M005814
M005814
M005815
M005815
M005815
M005817
M005817
M005817
M005819
M005819
M005819
M005820
M005820
M005820
M005822
M005822
M005822
M005823
M005823
M005823
M005824
M005824
M005824
M005825
M005825
M005825
M005827
M005827
M005827
M005828
M005828
M005828
M005829
M005829
M005829
M005830
M005830
M005830
M005832
M005832
M005832
M005834
M005834
M005834
M005835
M005835
M005835
M005837
M005837
M005837
M005838
M005838
M005838
M005839
M005839
M005839
M005840
M005840
M005840
M005841
M005841
M005841
M005842
M005842
M005842
M005843
M005843
M005843
M005844
M005844
M005844
M005845
M005845
M005845
M005847
M005847
M005847
M005848
M005848
M005848
M005849
M005849
M005849
M005852
M005852
M005852
M005853
M005853
M005853
M005855
M005855
M005855
M005856
M005856
M005856
M005857
M005857
M005857
M005858
M005858
M005858
M005860
M005860
M005860
M005861
M005861
M005861
M005863
M005863
M005863
M005865
M005865
M005865
M005866
M005866
M005866
M005867
M005867
M005867
M005868
M005868
M005868
M005870
M005870
M005870
M005872
M005872
M005872
M005875
M005875
M005875
M005877
M005877
M005877
M005878
M005878
M005878
M005879
M005879
M005879
M005880
M005880
M005880
M005881
M005881
M005881
M005882
M005882
M005882
M005883
M005883
M005883
M005884
M005884
M005884
M005885
M005885
M005885
M005886
M005886
M005886
M005887
M005887
M005887
M005888
M005888
M005888
M005890
M005890
M005890
M005892
M005892
M005892
M005893
M005893
M005893
M005894
M005894
M005894
M005896
M005896
M005896
M005897
M005897
M005897
M005898
M005898
M005898
M005899
M005899
M005899
M005900
M005900
M005900
M005902
M005902
M005902
M005903
M005903
M005903
M005905
M005905
M005905
M005906
M005906
M005906
M005907
M005907
M005907
M005908
M005908
M005908
M005909
M005909
M005909
M005910
M005910
M005910
M005911
M005911
M005911
M005912
M005912
M005912
M005913
M005913
M005913
M005914
M005914
M005914
M005915
M005915
M005915
M005916
M005916
M005916
M005917
M005917
M005917
M005918
M005918
M005918
M005919
M005919
M005919
M005921
M005921
M005921
M005923
M005923
M005923
M005924
M005924
M005924
M005925
M005925
M005925
M005926
M005926
M005926
M005927
M005927
M005927
M005929
M005929
M005929
M005930
M005930
M005930
M005931
M005931
M005931
M005934
M005934
M005934
M005936
M005936
M005936
M005938
M005938
M005938
M005939
M005939
M005939
M005940
M005940
M005940
M005941
M005941
M005941
M005943
M005943
M005943
M005944
M005944
M005944
M005945
M005945
M005945
M005947
M005947
M005947
M005948
M005948
M005948
M005949
M005949
M005949
M005950
M005950
M005950
M005952
M005952
M005952
M005953
M005953
M005953
M005954
M005954
M005954
M005956
M005956
M005956
M005957
M005957
M005957
M005958
M005958
M005958
M005959
M005959
M005959
M005962
M005962
M005962
M005963
M005963
M005963
M005964
M005964
M005964
M005965
M005965
M005965
M005966
M005966
M005966
M005967
M005967
M005967
M005970
M005970
M005970
M005971
M005971
M005971
M005972
M005972
M005972
M005975
M005975
M005975
M005976
M005976
M005976
M005977
M005977
M005977
M005979
M005979
M005979
M005980
M005980
M005980
M005982
M005982
M005982
M005984
M005984
M005984
M005985
M005985
M005985
M005986
M005986
M005986
M005988
M005988
M005988
M005989
M005989
M005989
M005990
M005990
M005990
M005991
M005991
M005991
M005992
M005992
M005992
M005993
M005993
M005993
M005994
M005994
M005994
M005995
M005995
M005995
M005996
M005996
M005996
M005997
M005997
M005997
M005998
M005998
M005998
M006000
M006000
M006000
M006001
M006001
M006001
M006002
M006002
M006002
M006003
M006003
M006003
M006004
M006004
M006004
M006008
M006008
M006008
M006009
M006009
M006009
M006010
M006010
M006010
M006011
M006011
M006011
M006013
M006013
M006013
M006015
M006015
M006015
M006018
M006018
M006018
M006019
M006019
M006019
M006020
M006020
M006020
M006021
M006021
M006021
M006023
M006023
M006023
M006025
M006025
M006025
M006026
M006026
M006026
M006027
M006027
M006027
M006028
M006028
M006028
M006029
M006029
M006029
M006030
M006030
M006030
M006032
M006032
M006032
M006035
M006035
M006035
M006037
M006037
M006037
M006038
M006038
M006038
M006039
M006039
M006039
M006040
M006040
M006040
M006042
M006042
M006042
M006043
M006043
M006043
M006044
M006044
M006044
M006046
M006046
M006046
M006047
M006047
M006047
M006048
M006048
M006048
M006049
M006049
M006049
M006050
M006050
M006050
M006052
M006052
M006052
M006054
M006054
M006054
M006055
M006055
M006055
M006056
M006056
M006056
M006057
M006057
M006057
M006059
M006059
M006059
M006060
M006060
M006060
M006062
M006062
M006062
M006063
M006063
M006063
M006066
M006066
M006066
M006067
M006067
M006067
M006069
M006069
M006069
M006070
M006070
M006070
M006071
M006071
M006071
M006073
M006073
M006073
M006074
M006074
M006074
M006075
M006075
M006075
M006076
M006076
M006076
M006077
M006077
M006077
M006078
M006078
M006078
M006080
M006080
M006080
M006081
M006081
M006081
M006082
M006082
M006082
M006083
M006083
M006083
M006084
M006084
M006084
M006085
M006085
M006085
M006087
M006087
M006087
M006088
M006088
M006088
M006090
M006090
M006090
M006092
M006092
M006092
M006093
M006093
M006093
M006094
M006094
M006094
M006096
M006096
M006096
M006097
M006097
M006097
M006099
M006099
M006099
M006100
M006100
M006100
M006102
M006102
M006102
M006103
M006103
M006103
M006104
M006104
M006104
M006105
M006105
M006105
M006107
M006107
M006107
M006108
M006108
M006108
M006110
M006110
M006110
M006111
M006111
M006111
M006112
M006112
M006112
M006113
M006113
M006113
M006114
M006114
M006115
M006115
M006115
M006119
M006119
M006119
M006120
M006120
M006120
M006122
M006122
M006122
M006124
M006124
M006124
M006125
M006125
M006125
M006126
M006126
M006126
M006127
M006127
M006127
M006128
M006128
M006128
M006129
M006129
M006129
M006130
M006130
M006130
M006131
M006131
M006131
M006134
M006134
M006134
M006135
M006135
M006135
M006136
M006136
M006136
M006138
M006138
M006138
M006139
M006139
M006139
M006140
M006140
M006140
M006141
M006141
M006141
M006143
M006143
M006143
M006144
M006144
M006144
M006146
M006146
M006146
M006147
M006147
M006147
M006148
M006148
M006148
M006151
M006151
M006151
M006153
M006153
M006153
M006154
M006154
M006154
M006155
M006155
M006155
M006156
M006156
M006156
M006157
M006157
M006157
M006158
M006158
M006158
M006159
M006159
M006159
M006160
M006160
M006160
M006161
M006161
M006161
M006162
M006162
M006162
M006164
M006164
M006164
M006165
M006165
M006165
M006166
M006166
M006166
M006167
M006167
M006167
M006168
M006168
M006168
M006171
M006171
M006171
M006173
M006173
M006173
M006174
M006174
M006174
M006175
M006175
M006175
M006176
M006176
M006176
M006178
M006178
M006178
M006179
M006179
M006179
M006180
M006180
M006180
M006182
M006182
M006182
M006183
M006183
M006183
M006184
M006184
M006184
M006187
M006187
M006187
M006188
M006188
M006188
M006189
M006189
M006189
M006190
M006190
M006190
M006191
M006191
M006191
M006193
M006193
M006193
M006194
M006194
M006194
M006196
M006196
M006196
M006197
M006197
M006197
M006198
M006198
M006198
M006200
M006200
M006200
M006201
M006201
M006201
M006202
M006202
M006202
M006206
M006206
M006206
M006207
M006207
M006207
M006208
M006208
M006208
M006209
M006209
M006209
M006211
M006211
M006211
M006216
M006216
M006216
M006217
M006217
M006217
M006218
M006218
M006218
M006219
M006219
M006219
M006220
M006220
M006220
M006223
M006223
M006223
M006224
M006224
M006224
M006227
M006227
M006227
M006228
M006228
M006228
M006229
M006229
M006229
M006231
M006231
M006231
M006232
M006232
M006232
M006234
M006234
M006234
M006237
M006237
M006237
M006238
M006238
M006238
M006239
M006239
M006239
M006240
M006240
M006240
M006242
M006242
M006242
M006243
M006243
M006243
M006244
M006244
M006244
M006247
M006247
M006247
M006248
M006248
M006248
M006250
M006250
M006250
M006252
M006252
M006252
M006253
M006253
M006253
M006254
M006254
M006254
M006255
M006255
M006255
M006256
M006256
M006256
M006259
M006259
M006259
M006261
M006261
M006261
M006262
M006262
M006262
M006264
M006264
M006264
M006265
M006265
M006265
M006266
M006266
M006266
M006268
M006268
M006268
M006269
M006269
M006269
M006270
M006270
M006270
M006271
M006271
M006271
M006273
M006273
M006273
M006274
M006274
M006274
M006275
M006275
M006275
M006277
M006277
M006277
M006280
M006280
M006280
M006282
M006282
M006282
M006283
M006283
M006283
M006284
M006284
M006284
M006285
M006285
M006285
M006287
M006287
M006287
M006289
M006289
M006289
M006291
M006291
M006291
M006292
M006292
M006292
M006293
M006293
M006293
M006296
M006296
M006296
M006298
M006298
M006298
M006300
M006300
M006300
M006301
M006301
M006301
M006302
M006302
M006302
M006303
M006303
M006303
M006305
M006305
M006305
M006307
M006307
M006307
M006308
M006308
M006308
M006309
M006309
M006309
M006310
M006310
M006310
M006311
M006311
M006311
M006315
M006315
M006315
M006317
M006317
M006317
M006318
M006318
M006318
M006319
M006319
M006319
M006320
M006320
M006320
M006321
M006321
M006321
M006322
M006322
M006322
M006323
M006323
M006323
M006324
M006324
M006324
M006325
M006325
M006325
M006326
M006326
M006326
M006327
M006327
M006327
M006328
M006328
M006328
M006333
M006333
M006333
M006334
M006334
M006334
M006335
M006335
M006335
M006336
M006336
M006336
M006338
M006338
M006338
M006339
M006339
M006339
M006340
M006340
M006340
M006341
M006341
M006341
M006342
M006342
M006342
M006344
M006344
M006344
M006345
M006345
M006345
M006346
M006346
M006346
M006347
M006347
M006347
M006348
M006348
M006348
M006349
M006349
M006349
M006350
M006350
M006350
M006352
M006352
M006352
M006354
M006354
M006354
M006355
M006355
M006355
M006356
M006356
M006356
M006358
M006358
M006358
M006359
M006359
M006359
M006360
M006360
M006360
M006361
M006361
M006361
M006362
M006362
M006362
M006363
M006363
M006363
M006364
M006364
M006364
M006365
M006365
M006365
M006366
M006366
M006366
M006367
M006367
M006367
M006368
M006368
M006368
M006369
M006369
M006369
M006370
M006370
M006373
M006373
M006373
M006374
M006374
M006374
M006375
M006375
M006375
M006376
M006376
M006376
M006377
M006377
M006377
M006379
M006379
M006379
M006380
M006380
M006380
M006381
M006381
M006381
M006382
M006382
M006382
M006384
M006384
M006384
M006386
M006386
M006386
M006387
M006387
M006387
M006388
M006388
M006388
M006391
M006391
M006391
M006392
M006392
M006392
M006395
M006395
M006395
M006396
M006396
M006396
M006397
M006397
M006397
M006398
M006398
M006398
M006399
M006399
M006399
M006400
M006400
M006400
M006402
M006402
M006402
M006403
M006403
M006403
M006404
M006404
M006404
M006405
M006405
M006405
M006406
M006406
M006406
M006407
M006407
M006407
M006408
M006408
M006408
M006409
M006409
M006409
M006410
M006410
M006410
M006412
M006412
M006412
M006413
M006413
M006413
M006414
M006414
M006414
M006415
M006415
M006415
M006416
M006416
M006416
M006417
M006417
M006417
M006418
M006418
M006418
M006419
M006419
M006419
M006421
M006421
M006421
M006422
M006422
M006422
M006423
M006423
M006423
M006424
M006424
M006424
M006425
M006425
M006425
M006427
M006427
M006427
M006428
M006428
M006428
M006429
M006429
M006429
M006430
M006430
M006430
M006431
M006431
M006431
M006434
M006434
M006434
M006436
M006436
M006436
M006437
M006437
M006437
M006438
M006438
M006438
M006439
M006439
M006439
M006440
M006440
M006440
M006441
M006441
M006441
M006443
M006443
M006443
M006444
M006444
M006444
M006445
M006445
M006445
M006447
M006447
M006447
M006448
M006448
M006448
M006449
M006449
M006449
M006450
M006450
M006450
M006451
M006451
M006451
M006452
M006452
M006452
M006453
M006453
M006453
M006455
M006455
M006455
M006456
M006456
M006456
M006458
M006458
M006458
M006460
M006460
M006460
M006461
M006461
M006461
M006462
M006462
M006462
M006464
M006464
M006464
M006465
M006465
M006465
M006466
M006466
M006466
M006468
M006468
M006468
M006469
M006469
M006469
M006470
M006470
M006470
M006471
M006471
M006471
M006472
M006472
M006472
M006474
M006474
M006474
M006475
M006475
M006475
M006476
M006476
M006476
M006478
M006478
M006478
M006479
M006479
M006479
M006480
M006480
M006480
M006482
M006482
M006482
M006483
M006483
M006483
M006484
M006484
M006484
M006485
M006485
M006485
M006486
M006486
M006486
M006487
M006487
M006487
M006488
M006488
M006488
M006489
M006489
M006489
M006490
M006490
M006490
M006491
M006491
M006491
M006492
M006492
M006492
M006496
M006496
M006496
M006497
M006497
M006497
M006498
M006498
M006498
M006499
M006499
M006499
M006500
M006500
M006500
M006502
M006502
M006502
M006503
M006503
M006503
M006505
M006505
M006505
M006506
M006506
M006506
M006507
M006507
M006507
M006508
M006508
M006508
M006509
M006509
M006509
M006510
M006510
M006510
M006511
M006511
M006511
M006513
M006513
M006513
M006515
M006515
M006515
M006517
M006517
M006517
M006519
M006519
M006519
M006520
M006520
M006520
M006522
M006522
M006522
M006524
M006524
M006524
M006527
M006527
M006527
M006528
M006528
M006528
M006529
M006529
M006529
M006530
M006530
M006530
M006532
M006532
M006532
M006534
M006534
M006534
M006535
M006535
M006535
M006536
M006536
M006536
M006537
M006537
M006537
M006539
M006539
M006539
M006541
M006541
M006541
M006543
M006543
M006543
M006545
M006545
M006545
M006547
M006547
M006547
M006548
M006548
M006548
M006550
M006550
M006550
M006551
M006551
M006551
M006552
M006552
M006552
M006553
M006553
M006553
M006554
M006554
M006554
M006555
M006555
M006555
M006557
M006557
M006557
M006558
M006558
M006558
M006559
M006559
M006559
M006560
M006560
M006560
M006562
M006562
M006562
M006563
M006563
M006563
M006564
M006564
M006564
M006565
M006565
M006565
M006569
M006569
M006569
M006571
M006571
M006571
M006572
M006572
M006572
M006578
M006578
M006578
M006579
M006579
M006579
M006581
M006581
M006581
M006582
M006582
M006582
M006583
M006583
M006583
M006584
M006584
M006584
M006585
M006585
M006585
M006586
M006586
M006586
M006587
M006587
M006587
M006590
M006590
M006590
M006591
M006591
M006591
M006592
M006592
M006592
M006593
M006593
M006593
M006594
M006594
M006594
M006596
M006596
M006596
M006597
M006597
M006597
M006598
M006598
M006598
M006599
M006599
M006599
M006600
M006600
M006600
M006601
M006601
M006601
M006602
M006602
M006602
M006603
M006603
M006603
M006604
M006604
M006604
M006605
M006605
M006605
M006606
M006606
M006606
M006607
M006607
M006607
M006608
M006608
M006608
M006609
M006609
M006609
M006611
M006611
M006611
M006612
M006612
M006612
M006613
M006613
M006613
M006614
M006614
M006614
M006615
M006615
M006615
M006616
M006616
M006616
M006617
M006617
M006617
M006618
M006618
M006618
M006619
M006619
M006619
M006621
M006621
M006621
M006622
M006622
M006622
M006623
M006623
M006623
M006624
M006624
M006624
M006625
M006625
M006625
M006628
M006628
M006628
M006629
M006629
M006629
M006632
M006632
M006632
M006633
M006633
M006633
M006635
M006635
M006635
M006636
M006636
M006636
M006638
M006638
M006638
M006639
M006639
M006639
M006641
M006641
M006641
M006642
M006642
M006642
M006643
M006643
M006643
M006645
M006645
M006645
M006646
M006646
M006646
M006647
M006647
M006647
M006649
M006649
M006649
M006650
M006650
M006650
M006651
M006651
M006651
M006653
M006653
M006653
M006654
M006654
M006654
M006655
M006655
M006655
M006656
M006656
M006656
M006657
M006657
M006657
M006659
M006659
M006659
M006660
M006660
M006660
M006661
M006661
M006661
M006663
M006663
M006663
M006664
M006664
M006664
M006665
M006665
M006665
M006666
M006666
M006666
M006667
M006667
M006667
M006668
M006668
M006668
M006669
M006669
M006669
M006670
M006670
M006670
M006671
M006671
M006671
M006672
M006672
M006672
M006673
M006673
M006673
M006675
M006675
M006675
M006676
M006676
M006676
M006677
M006677
M006677
M006678
M006678
M006678
M006679
M006679
M006679
M006680
M006680
M006680
M006681
M006681
M006681
M006682
M006682
M006682
M006683
M006683
M006683
M006684
M006684
M006684
M006685
M006685
M006685
M006688
M006688
M006688
M006689
M006689
M006689
M006691
M006691
M006691
M006695
M006695
M006695
M006696
M006696
M006696
M006697
M006697
M006697
M006698
M006698
M006698
M006700
M006700
M006700
M006702
M006702
M006702
M006704
M006704
M006704
M006706
M006706
M006706
M006707
M006707
M006707
M006710
M006710
M006710
M006711
M006711
M006711
M006713
M006713
M006713
M006714
M006714
M006714
M006715
M006715
M006715
M006716
M006716
M006716
M006717
M006717
M006717
M006719
M006719
M006719
M006720
M006720
M006720
M006721
M006721
M006721
M006722
M006722
M006722
M006725
M006725
M006725
M006727
M006727
M006727
M006729
M006729
M006729
M006730
M006730
M006730
M006731
M006731
M006731
M006732
M006732
M006732
M006734
M006734
M006734
M006736
M006736
M006736
M006737
M006737
M006737
M006738
M006738
M006738
M006740
M006740
M006740
M006742
M006742
M006742
M006743
M006743
M006743
M006744
M006744
M006744
M006746
M006746
M006746
M006748
M006748
M006748
M006749
M006749
M006749
M006750
M006750
M006750
M006751
M006751
M006751
M006752
M006752
M006752
M006753
M006753
M006753
M006754
M006754
M006754
M006757
M006757
M006757
M006761
M006761
M006761
M006763
M006763
M006763
M006764
M006764
M006764
M006767
M006767
M006767
M006768
M006768
M006768
M006769
M006769
M006769
M006770
M006770
M006770
M006771
M006771
M006771
M006773
M006773
M006773
M006775
M006775
M006775
M006778
M006778
M006778
M006779
M006779
M006779
M006780
M006780
M006780
M006782
M006782
M006782
M006783
M006783
M006783
M006785
M006785
M006785
M006786
M006786
M006786
M006787
M006787
M006787
M006788
M006788
M006788
M006789
M006789
M006789
M006790
M006790
M006790
M006791
M006791
M006791
M006792
M006792
M006792
M006793
M006793
M006793
M006794
M006794
M006794
M006795
M006795
M006795
M006796
M006796
M006796
M006798
M006798
M006798
M006799
M006799
M006799
M006800
M006800
M006800
M006801
M006801
M006801
M006802
M006802
M006802
M006803
M006803
M006803
M006804
M006804
M006804
M006805
M006805
M006805
M006808
M006808
M006808
M006809
M006809
M006809
M006810
M006810
M006810
M006812
M006812
M006812
M006813
M006813
M006815
M006815
M006815
M006816
M006816
M006816
M006817
M006817
M006817
M006820
M006820
M006820
M006821
M006821
M006821
M006822
M006822
M006822
M006823
M006823
M006823
M006824
M006824
M006824
M006825
M006825
M006825
M006826
M006826
M006826
M006827
M006827
M006827
M006829
M006829
M006829
M006830
M006830
M006830
M006831
M006831
M006831
M006832
M006832
M006832
M006833
M006833
M006833
M006835
M006835
M006835
M006837
M006837
M006837
M006838
M006838
M006838
M006841
M006841
M006841
M006842
M006842
M006842
M006843
M006843
M006843
M006845
M006845
M006845
M006847
M006847
M006847
M006849
M006849
M006849
M006850
M006850
M006850
M006851
M006851
M006851
M006854
M006854
M006854
M006855
M006855
M006855
M006856
M006856
M006856
M006857
M006857
M006857
M006858
M006858
M006858
M006859
M006859
M006859
M006861
M006861
M006861
M006862
M006862
M006862
M006863
M006863
M006863
M006864
M006864
M006864
M006865
M006865
M006865
M006867
M006867
M006867
M006868
M006868
M006868
M006869
M006869
M006869
M006870
M006870
M006870
M006873
M006873
M006873
M006874
M006874
M006874
M006875
M006875
M006875
M006879
M006879
M006879
M006880
M006880
M006880
M006881
M006881
M006881
M006882
M006882
M006882
M006884
M006884
M006884
M006885
M006885
M006885
M006886
M006886
M006886
M006889
M006889
M006889
M006890
M006890
M006890
M006891
M006891
M006891
M006892
M006892
M006892
M006893
M006893
M006893
M006894
M006894
M006894
M006895
M006895
M006895
M006896
M006896
M006896
M006897
M006897
M006897
M006898
M006898
M006898
M006899
M006899
M006899
M006900
M006900
M006900
M006901
M006901
M006901
M006902
M006902
M006902
M006903
M006903
M006903
M006904
M006904
M006904
M006905
M006905
M006905
M006906
M006906
M006906
M006907
M006907
M006907
M006908
M006908
M006908
M006909
M006909
M006909
M006910
M006910
M006910
M006911
M006911
M006911
M006913
M006913
M006913
M006914
M006914
M006914
M006915
M006915
M006915
M006916
M006916
M006916
M006917
M006917
M006917
M006918
M006918
M006918
M006919
M006919
M006919
M006920
M006920
M006920
M006921
M006921
M006921
M006922
M006922
M006922
M006923
M006923
M006923
M006924
M006924
M006924
M006925
M006925
M006925
M006926
M006926
M006926
M006927
M006927
M006927
M006928
M006928
M006928
M006929
M006929
M006929
M006930
M006930
M006930
M006931
M006931
M006931
M006932
M006932
M006932
M006933
M006933
M006933
M006934
M006934
M006934
M006935
M006935
M006935
M006936
M006936
M006936
M006939
M006939
M006939
M006940
M006940
M006940
M006941
M006941
M006941
M006942
M006942
M006942
M006943
M006943
M006943
M006945
M006945
M006945
M006946
M006946
M006946
M006947
M006947
M006947
M006948
M006948
M006948
M006951
M006951
M006951
M006952
M006952
M006952
M006954
M006954
M006954
M006955
M006955
M006955
M006956
M006956
M006956
M006957
M006957
M006957
M006958
M006958
M006958
M006959
M006959
M006959
M006960
M006960
M006960
M006962
M006962
M006962
M006963
M006963
M006963
M006964
M006964
M006964
M006965
M006965
M006965
M006966
M006966
M006966
M006968
M006968
M006968
M006969
M006969
M006969
M006970
M006970
M006970
M006971
M006971
M006971
M006973
M006973
M006973
M006976
M006976
M006976
M006977
M006977
M006977
M006978
M006978
M006978
M006981
M006981
M006981
M006983
M006983
M006983
M006984
M006984
M006984
M006985
M006985
M006985
M006989
M006989
M006989
M006991
M006991
M006991
M006993
M006993
M006993
M006994
M006994
M006994
M006995
M006995
M006995
M006996
M006996
M006996
M006997
M006997
M006997
M006998
M006998
M006998
M006999
M006999
M006999
M007002
M007002
M007002
M007003
M007003
M007003
M007004
M007004
M007004
M007005
M007005
M007005
M007006
M007006
M007006
M007008
M007008
M007008
M007009
M007009
M007009
M007010
M007010
M007010
M007011
M007011
M007012
M007012
M007012
M007013
M007013
M007013
M007015
M007015
M007015
M007016
M007016
M007016
M007018
M007018
M007018
M007019
M007019
M007019
M007021
M007021
M007021
M007022
M007022
M007022
M007023
M007023
M007023
M007024
M007024
M007024
M007026
M007026
M007026
M007028
M007028
M007028
M007029
M007029
M007029
M007030
M007030
M007030
M007031
M007031
M007031
M007032
M007032
M007032
M007033
M007033
M007033
M007035
M007035
M007035
M007036
M007036
M007036
M007038
M007038
M007038
M007039
M007039
M007039
M007040
M007040
M007040
M007042
M007042
M007042
M007043
M007043
M007043
M007045
M007045
M007045
M007046
M007046
M007046
M007047
M007047
M007047
M007048
M007048
M007048
M007051
M007051
M007051
M007052
M007052
M007052
M007053
M007053
M007053
M007054
M007054
M007054
M007056
M007056
M007056
M007057
M007057
M007057
M007059
M007059
M007059
M007060
M007060
M007060
M007061
M007061
M007061
M007064
M007064
M007064
M007065
M007065
M007065
M007066
M007066
M007066
M007067
M007067
M007067
M007068
M007068
M007068
M007069
M007069
M007069
M007070
M007070
M007070
M007071
M007071
M007071
M007072
M007072
M007072
M007073
M007073
M007073
M007074
M007074
M007074
M007076
M007076
M007076
M007077
M007077
M007077
M007078
M007078
M007078
M007079
M007079
M007079
M007080
M007080
M007080
M007081
M007081
M007081
M007082
M007082
M007082
M007084
M007084
M007084
M007086
M007086
M007086
M007087
M007087
M007087
M007088
M007088
M007088
M007090
M007090
M007090
M007091
M007091
M007091
M007092
M007092
M007092
M007094
M007094
M007094
M007096
M007096
M007096
M007098
M007098
M007098
M007099
M007099
M007099
M007100
M007100
M007100
M007103
M007103
M007103
M007104
M007104
M007104
M007105
M007105
M007105
M007106
M007106
M007106
M007108
M007108
M007108
M007109
M007109
M007109
M007110
M007110
M007110
M007111
M007111
M007111
M007112
M007112
M007112
M007113
M007113
M007113
M007115
M007115
M007115
M007116
M007116
M007116
M007117
M007117
M007118
M007118
M007118
M007119
M007119
M007119
M007122
M007122
M007122
M007123
M007123
M007123
M007127
M007127
M007127
M007128
M007128
M007128
M007129
M007129
M007129
M007130
M007130
M007130
M007132
M007132
M007132
M007133
M007133
M007133
M007135
M007135
M007135
M007137
M007137
M007137
M007138
M007138
M007138
M007139
M007139
M007139
M007140
M007140
M007140
M007141
M007141
M007141
M007142
M007142
M007142
M007143
M007143
M007143
M007144
M007144
M007144
M007145
M007145
M007145
M007146
M007146
M007146
M007147
M007147
M007147
M007148
M007148
M007148
M007150
M007150
M007150
M007151
M007151
M007151
M007152
M007152
M007152
M007153
M007153
M007153
M007154
M007154
M007154
M007155
M007155
M007155
M007156
M007156
M007156
M007158
M007158
M007158
M007159
M007159
M007159
M007160
M007160
M007160
M007161
M007161
M007161
M007162
M007162
M007162
M007163
M007163
M007163
M007164
M007164
M007164
M007166
M007166
M007166
M007167
M007167
M007167
M007168
M007168
M007168
M007170
M007170
M007170
M007172
M007172
M007172
M007173
M007173
M007173
M007174
M007174
M007174
M007175
M007175
M007175
M007177
M007177
M007177
M007179
M007179
M007179
M007180
M007180
M007180
M007181
M007181
M007181
M007182
M007182
M007182
M007183
M007183
M007183
M007184
M007184
M007184
M007185
M007185
M007185
M007186
M007186
M007186
M007188
M007188
M007188
M007190
M007190
M007190
M007192
M007192
M007192
M007194
M007194
M007194
M007195
M007195
M007195
M007196
M007196
M007196
M007197
M007197
M007197
M007198
M007198
M007198
M007200
M007200
M007200
M007201
M007201
M007202
M007202
M007202
M007203
M007203
M007203
M007204
M007204
M007204
M007205
M007205
M007205
M007206
M007206
M007206
M007207
M007207
M007207
M007208
M007208
M007208
M007210
M007210
M007210
M007211
M007211
M007211
M007212
M007212
M007212
M007213
M007213
M007213
M007214
M007214
M007214
M007215
M007215
M007215
M007217
M007217
M007217
M007218
M007218
M007218
M007219
M007219
M007219
M007220
M007220
M007220
M007221
M007221
M007221
M007223
M007223
M007223
M007224
M007224
M007224
M007225
M007225
M007226
M007226
M007226
M007227
M007227
M007227
M007228
M007228
M007228
M007229
M007229
M007229
M007230
M007230
M007230
M007231
M007231
M007231
M007233
M007233
M007233
M007234
M007234
M007234
M007235
M007235
M007235
M007236
M007236
M007236
M007237
M007237
M007237
M007238
M007238
M007238
M007239
M007239
M007239
M007241
M007241
M007241
M007242
M007242
M007242
M007243
M007243
M007243
M007244
M007244
M007244
M007247
M007247
M007247
M007248
M007248
M007248
M007249
M007249
M007249
M007250
M007250
M007250
M007252
M007252
M007252
M007253
M007253
M007253
M007254
M007254
M007254
M007256
M007256
M007256
M007257
M007257
M007257
M007258
M007258
M007258
M007259
M007259
M007259
M007260
M007260
M007260
M007261
M007261
M007261
M007262
M007262
M007262
M007265
M007265
M007265
M007266
M007266
M007266
M007267
M007267
M007267
M007268
M007268
M007268
M007269
M007269
M007269
M007270
M007270
M007270
M007271
M007271
M007271
M007272
M007272
M007272
M007273
M007273
M007273
M007274
M007274
M007274
M007275
M007275
M007275
M007278
M007278
M007278
M007279
M007279
M007279
M007282
M007282
M007282
M007284
M007284
M007284
M007285
M007285
M007285
M007287
M007287
M007287
M007288
M007288
M007288
M007289
M007289
M007289
M007292
M007292
M007292
M007293
M007293
M007293
M007294
M007294
M007294
M007295
M007295
M007295
M007296
M007296
M007296
M007299
M007299
M007299
M007300
M007300
M007300
M007302
M007302
M007302
M007303
M007303
M007303
M007304
M007304
M007304
M007305
M007305
M007305
M007306
M007306
M007306
M007307
M007307
M007307
M007308
M007308
M007308
M007309
M007309
M007309
M007310
M007310
M007310
M007312
M007312
M007312
M007313
M007313
M007313
M007315
M007315
M007315
M007316
M007316
M007316
M007319
M007319
M007319
M007321
M007321
M007321
M007323
M007323
M007323
M007326
M007326
M007326
M007327
M007327
M007327
M007328
M007328
M007328
M007329
M007329
M007329
M007330
M007330
M007330
M007331
M007331
M007331
M007332
M007332
M007332
M007333
M007333
M007333
M007334
M007334
M007334
M007335
M007335
M007335
M007336
M007336
M007336
M007337
M007337
M007337
M007338
M007338
M007338
M007340
M007340
M007340
M007341
M007341
M007341
M007342
M007342
M007342
M007343
M007343
M007343
M007344
M007344
M007344
M007345
M007345
M007345
M007346
M007346
M007346
M007347
M007347
M007347
M007349
M007349
M007349
M007350
M007350
M007350
M007351
M007351
M007351
M007356
M007356
M007356
M007357
M007357
M007357
M007358
M007358
M007358
M007360
M007360
M007360
M007361
M007361
M007361
M007364
M007364
M007364
M007366
M007366
M007366
M007367
M007367
M007367
M007368
M007368
M007368
M007370
M007370
M007370
M007371
M007371
M007371
M007372
M007372
M007372
M007373
M007373
M007373
M007374
M007374
M007374
M007375
M007375
M007375
M007377
M007377
M007377
M007378
M007378
M007378
M007379
M007379
M007379
M007380
M007380
M007380
M007381
M007381
M007381
M007382
M007382
M007382
M007383
M007383
M007383
M007385
M007385
M007385
M007386
M007386
M007386
M007387
M007387
M007387
M007388
M007388
M007388
M007389
M007389
M007389
M007390
M007390
M007390
M007391
M007391
M007391
M007392
M007392
M007392
M007393
M007393
M007393
M007394
M007394
M007394
M007395
M007395
M007395
M007396
M007396
M007396
M007397
M007397
M007397
M007398
M007398
M007398
M007400
M007400
M007400
M007401
M007401
M007401
M007402
M007402
M007402
M007403
M007403
M007403
M007404
M007404
M007404
M007406
M007406
M007406
M007407
M007407
M007407
M007408
M007408
M007408
M007410
M007410
M007410
M007412
M007412
M007412
M007413
M007413
M007413
M007414
M007414
M007414
M007415
M007415
M007415
M007416
M007416
M007416
M007417
M007417
M007417
M007420
M007420
M007420
M007422
M007422
M007422
M007424
M007424
M007424
M007425
M007425
M007425
M007426
M007426
M007426
M007427
M007427
M007427
M007430
M007430
M007430
M007431
M007431
M007431
M007433
M007433
M007433
M007434
M007434
M007434
M007435
M007435
M007435
M007437
M007437
M007437
M007441
M007441
M007441
M007442
M007442
M007442
M007443
M007443
M007443
M007446
M007446
M007446
M007447
M007447
M007447
M007448
M007448
M007448
M007449
M007449
M007449
M007453
M007453
M007453
M007455
M007455
M007455
M007457
M007457
M007457
M007460
M007460
M007460
M007461
M007461
M007461
M007462
M007462
M007462
M007463
M007463
M007463
M007464
M007464
M007464
M007465
M007465
M007465
M007466
M007466
M007466
M007467
M007467
M007467
M007468
M007468
M007468
M007469
M007469
M007469
M007470
M007470
M007470
M007471
M007471
M007471
M007474
M007474
M007474
M007476
M007476
M007476
M007477
M007477
M007477
M007478
M007478
M007478
M007479
M007479
M007479
M007482
M007482
M007482
M007483
M007483
M007483
M007484
M007484
M007484
M007485
M007485
M007485
M007486
M007486
M007486
M007487
M007487
M007487
M007488
M007488
M007488
M007489
M007489
M007489
M007490
M007490
M007490
M007491
M007491
M007491
M007493
M007493
M007493
M007494
M007494
M007494
M007495
M007495
M007495
M007497
M007497
M007497
M007498
M007498
M007498
M007499
M007499
M007499
M007500
M007500
M007500
M007501
M007501
M007501
M007502
M007502
M007502
M007504
M007504
M007504
M007505
M007505
M007505
M007506
M007506
M007506
M007507
M007507
M007507
M007508
M007508
M007508
M007509
M007509
M007509
M007510
M007510
M007510
M007512
M007512
M007512
M007515
M007515
M007515
M007517
M007517
M007517
M007518
M007518
M007518
M007519
M007519
M007519
M007520
M007520
M007520
M007521
M007521
M007521
M007524
M007524
M007524
M007525
M007525
M007525
M007526
M007526
M007526
M007527
M007527
M007527
M007529
M007529
M007529
M007530
M007530
M007530
M007531
M007531
M007531
M007532
M007532
M007532
M007533
M007533
M007533
M007534
M007534
M007534
M007537
M007537
M007537
M007538
M007538
M007538
M007539
M007539
M007539
M007541
M007541
M007541
M007542
M007542
M007542
M007545
M007545
M007545
M007546
M007546
M007546
M007547
M007547
M007547
M007548
M007548
M007548
M007552
M007552
M007552
M007553
M007553
M007553
M007555
M007555
M007555
M007557
M007557
M007557
M007560
M007560
M007560
M007562
M007562
M007562
M007563
M007563
M007563
M007564
M007564
M007564
M007565
M007565
M007565
M007569
M007569
M007569
M007570
M007570
M007570
M007571
M007571
M007571
M007574
M007574
M007574
M007575
M007575
M007575
M007576
M007576
M007576
M007578
M007578
M007578
M007579
M007579
M007579
M007580
M007580
M007580
M007582
M007582
M007582
M007583
M007583
M007583
M007584
M007584
M007584
M007586
M007586
M007586
M007588
M007588
M007588
M007590
M007590
M007590
M007591
M007591
M007591
M007592
M007592
M007592
M007594
M007594
M007594
M007595
M007595
M007595
M007596
M007596
M007596
M007600
M007600
M007600
M007601
M007601
M007601
M007602
M007602
M007602
M007603
M007603
M007603
M007604
M007604
M007604
M007605
M007605
M007605
M007606
M007606
M007606
M007608
M007608
M007608
M007609
M007609
M007609
M007611
M007611
M007611
M007613
M007613
M007613
M007614
M007614
M007614
M007615
M007615
M007615
M007616
M007616
M007616
M007618
M007618
M007618
M007619
M007619
M007619
M007620
M007620
M007620
M007621
M007621
M007621
M007622
M007622
M007622
M007623
M007623
M007623
M007631
M007631
M007631
M007632
M007632
M007632
M007633
M007633
M007633
M007634
M007634
M007634
M007636
M007636
M007636
M007637
M007637
M007637
M007638
M007638
M007638
M007639
M007639
M007639
M007640
M007640
M007640
M007642
M007642
M007642
M007643
M007643
M007643
M007646
M007646
M007646
M007647
M007647
M007647
M007648
M007648
M007648
M007649
M007649
M007649
M007650
M007650
M007650
M007651
M007651
M007651
M007652
M007652
M007652
M007653
M007653
M007653
M007656
M007656
M007656
M007657
M007657
M007657
M007658
M007658
M007658
M007662
M007662
M007662
M007663
M007663
M007663
M007664
M007664
M007664
M007665
M007665
M007665
M007668
M007668
M007668
M007669
M007669
M007669
M007670
M007670
M007670
M007671
M007671
M007671
M007672
M007672
M007672
M007673
M007673
M007673
M007674
M007674
M007674
M007677
M007677
M007677
M007680
M007680
M007680
M007681
M007681
M007681
M007682
M007682
M007682
M007683
M007683
M007683
M007684
M007684
M007684
M007685
M007685
M007685
M007686
M007686
M007686
M007687
M007687
M007687
M007688
M007688
M007688
M007690
M007690
M007690
M007694
M007694
M007694
M007696
M007696
M007696
M007697
M007697
M007697
M007698
M007698
M007698
M007699
M007699
M007699
M007700
M007700
M007700
M007701
M007701
M007701
M007702
M007702
M007702
M007703
M007703
M007703
M007704
M007704
M007704
M007705
M007705
M007705
M007710
M007710
M007710
M007711
M007711
M007711
M007712
M007712
M007712
M007713
M007713
M007713
M007714
M007714
M007714
M007716
M007716
M007716
M007717
M007717
M007717
M007718
M007718
M007718
M007719
M007719
M007719
M007720
M007720
M007720
M007721
M007721
M007721
M007722
M007722
M007722
M007723
M007723
M007723
M007724
M007724
M007724
M007725
M007725
M007725
M007726
M007726
M007726
M007727
M007727
M007727
M007728
M007728
M007728
M007729
M007729
M007729
M007731
M007731
M007731
M007733
M007733
M007733
M007734
M007734
M007734
M007735
M007735
M007735
M007736
M007736
M007736
M007737
M007737
M007737
M007738
M007738
M007738
M007739
M007739
M007739
M007740
M007740
M007741
M007741
M007741
M007743
M007743
M007743
M007744
M007744
M007744
M007746
M007746
M007746
M007748
M007748
M007748
M007749
M007749
M007749
M007752
M007752
M007752
M007753
M007753
M007753
M007754
M007754
M007754
M007755
M007755
M007755
M007757
M007757
M007757
M007760
M007760
M007760
M007762
M007762
M007762
M007763
M007763
M007763
M007764
M007764
M007764
M007765
M007765
M007765
M007766
M007766
M007766
M007768
M007768
M007768
M007769
M007769
M007769
M007771
M007771
M007771
M007773
M007773
M007773
M007775
M007775
M007775
M007778
M007778
M007778
M007780
M007780
M007780
M007782
M007782
M007782
M007783
M007783
M007783
M007784
M007784
M007784
M007785
M007785
M007785
M007786
M007786
M007786
M007787
M007787
M007787
M007788
M007788
M007788
M007789
M007789
M007789
M007790
M007790
M007790
M007792
M007792
M007792
M007793
M007793
M007793
M007794
M007794
M007794
M007795
M007795
M007795
M007796
M007796
M007796
M007797
M007797
M007797
M007798
M007798
M007798
M007800
M007800
M007800
M007801
M007801
M007801
M007802
M007802
M007802
M007803
M007803
M007803
M007804
M007804
M007804
M007805
M007805
M007805
M007807
M007807
M007807
M007809
M007809
M007809
M007810
M007810
M007810
M007813
M007813
M007813
M007814
M007814
M007814
M007815
M007815
M007815
M007816
M007816
M007816
M007817
M007817
M007817
M007819
M007819
M007819
M007823
M007823
M007823
M007825
M007825
M007825
M007826
M007826
M007826
M007827
M007827
M007827
M007829
M007829
M007829
M007830
M007830
M007830
M007831
M007831
M007831
M007832
M007832
M007832
M007833
M007833
M007833
M007834
M007834
M007834
M007835
M007835
M007835
M007836
M007836
M007836
M007837
M007837
M007837
M007838
M007838
M007838
M007839
M007839
M007839
M007840
M007840
M007840
M007841
M007841
M007841
M007842
M007842
M007842
M007843
M007843
M007843
M007844
M007844
M007844
M007845
M007845
M007845
M007846
M007846
M007846
M007848
M007848
M007848
M007851
M007851
M007851
M007852
M007852
M007852
M007853
M007853
M007853
M007854
M007854
M007854
M007855
M007855
M007855
M007856
M007856
M007856
M007857
M007857
M007857
M007858
M007858
M007858
M007859
M007859
M007859
M007860
M007860
M007860
M007861
M007861
M007861
M007863
M007863
M007863
M007866
M007866
M007866
M007868
M007868
M007868
M007869
M007869
M007869
M007870
M007870
M007870
M007871
M007871
M007871
M007873
M007873
M007873
M007874
M007874
M007874
M007875
M007875
M007875
M007876
M007876
M007876
M007877
M007877
M007877
M007879
M007879
M007879
M007880
M007880
M007880
M007881
M007881
M007881
M007882
M007882
M007882
M007883
M007883
M007883
M007885
M007885
M007885
M007891
M007891
M007891
M007892
M007892
M007892
M007894
M007894
M007894
M007895
M007895
M007895
M007897
M007897
M007897
M007899
M007899
M007899
M007900
M007900
M007900
M007901
M007901
M007901
M007902
M007902
M007902
M007903
M007903
M007903
M007904
M007904
M007904
M007905
M007905
M007905
M007907
M007907
M007907
M007908
M007908
M007908
M007909
M007909
M007909
M007910
M007910
M007910
M007911
M007911
M007911
M007913
M007913
M007913
M007914
M007914
M007914
M007915
M007915
M007915
M007916
M007916
M007916
M007917
M007917
M007917
M007919
M007919
M007919
M007920
M007920
M007920
M007921
M007921
M007921
M007922
M007922
M007922
M007923
M007923
M007923
M007925
M007925
M007925
M007926
M007926
M007926
M007928
M007928
M007928
M007929
M007929
M007929
M007930
M007930
M007930
M007931
M007931
M007931
M007934
M007934
M007934
M007935
M007935
M007935
M007936
M007936
M007936
M007937
M007937
M007937
M007938
M007938
M007938
M007942
M007942
M007942
M007943
M007943
M007943
M007944
M007944
M007944
M007945
M007945
M007945
M007947
M007947
M007947
M007948
M007948
M007948
M007950
M007950
M007950
M007951
M007951
M007951
M007952
M007952
M007952
M007953
M007953
M007953
M007954
M007954
M007954
M007955
M007955
M007955
M007957
M007957
M007957
M007958
M007958
M007958
M007959
M007959
M007959
M007961
M007961
M007961
M007962
M007962
M007962
M007963
M007963
M007963
M007964
M007964
M007964
M007965
M007965
M007965
M007966
M007966
M007966
M007967
M007967
M007967
M007968
M007968
M007968
M007969
M007969
M007969
M007972
M007972
M007972
M007973
M007973
M007973
M007974
M007974
M007974
M007976
M007976
M007976
M007977
M007977
M007977
M007978
M007978
M007978
M007979
M007979
M007979
M007980
M007980
M007980
M007981
M007981
M007981
M007982
M007982
M007982
M007983
M007983
M007983
M007984
M007984
M007984
M007985
M007985
M007985
M007986
M007986
M007986
M007987
M007987
M007987
M007988
M007988
M007988
M007989
M007989
M007989
M007990
M007990
M007990
M007991
M007991
M007991
M007992
M007992
M007993
M007993
M007993
M007994
M007994
M007994
M007996
M007996
M007996
M007997
M007997
M007997
M007998
M007998
M007998
M008000
M008000
M008000
M008001
M008001
M008001
M008003
M008003
M008003
M008005
M008005
M008005
M008007
M008007
M008007
M008008
M008008
M008008
M008010
M008010
M008010
M008011
M008011
M008011
M008012
M008012
M008012
M008013
M008013
M008013
M008015
M008015
M008015
M008017
M008017
M008017
M008018
M008018
M008018
M008019
M008019
M008019
M008020
M008020
M008020
M008021
M008021
M008021
M008022
M008022
M008022
M008023
M008023
M008023
M008024
M008024
M008024
M008026
M008026
M008026
M008027
M008027
M008027
M008028
M008028
M008028
M008030
M008030
M008030
M008031
M008031
M008031
M008033
M008033
M008033
M008034
M008034
M008034
M008035
M008035
M008035
M008036
M008036
M008036
M008037
M008037
M008037
M008038
M008038
M008038
M008040
M008040
M008040
M008041
M008041
M008041
M008042
M008042
M008042
M008043
M008043
M008043
M008044
M008044
M008044
M008045
M008045
M008045
M008046
M008046
M008046
M008047
M008047
M008047
M008048
M008048
M008048
M008049
M008049
M008049
M008050
M008050
M008050
M008051
M008051
M008051
M008054
M008054
M008054
M008056
M008056
M008056
M008058
M008058
M008058
M008059
M008059
M008059
M008061
M008061
M008061
M008062
M008062
M008062
M008063
M008063
M008063
M008064
M008064
M008064
M008065
M008065
M008065
M008067
M008067
M008067
M008070
M008070
M008070
M008071
M008071
M008071
M008072
M008072
M008072
M008073
M008073
M008073
M008074
M008074
M008074
M008075
M008075
M008075
M008076
M008076
M008076
M008078
M008078
M008078
M008079
M008079
M008079
M008080
M008080
M008080
M008081
M008081
M008081
M008085
M008085
M008085
M008086
M008086
M008086
M008089
M008089
M008089
M008090
M008090
M008090
M008091
M008091
M008091
M008093
M008093
M008093
M008094
M008094
M008094
M008095
M008095
M008095
M008096
M008096
M008096
M008097
M008097
M008097
M008098
M008098
M008098
M008099
M008099
M008099
M008101
M008101
M008101
M008102
M008102
M008102
M008103
M008103
M008103
M008104
M008104
M008104
M008106
M008106
M008106
M008108
M008108
M008108
M008109
M008109
M008109
M008110
M008110
M008110
M008112
M008112
M008112
M008113
M008113
M008113
M008115
M008115
M008115
M008116
M008116
M008116
M008118
M008118
M008119
M008119
M008119
M008120
M008120
M008120
M008122
M008122
M008122
M008123
M008123
M008123
M008124
M008124
M008124
M008125
M008125
M008125
M008126
M008126
M008126
M008127
M008127
M008127
M008128
M008128
M008128
M008129
M008129
M008129
M008130
M008130
M008130
M008132
M008132
M008132
M008133
M008133
M008133
M008134
M008134
M008134
M008135
M008135
M008135
M008136
M008136
M008136
M008137
M008137
M008137
M008138
M008138
M008138
M008140
M008140
M008140
M008142
M008142
M008142
M008143
M008143
M008143
M008145
M008145
M008145
M008146
M008146
M008146
M008149
M008149
M008149
M008150
M008150
M008150
M008151
M008151
M008151
M008153
M008153
M008153
M008154
M008154
M008154
M008155
M008155
M008155
M008156
M008156
M008156
M008158
M008158
M008158
M008160
M008160
M008160
M008161
M008161
M008161
M008163
M008163
M008163
M008164
M008164
M008164
M008165
M008165
M008165
M008167
M008167
M008167
M008169
M008169
M008169
M008171
M008171
M008171
M008172
M008172
M008172
M008175
M008175
M008175
M008176
M008176
M008176
M008178
M008178
M008178
M008180
M008180
M008180
M008181
M008181
M008181
M008182
M008182
M008182
M008184
M008184
M008184
M008185
M008185
M008185
M008186
M008186
M008186
M008188
M008188
M008188
M008189
M008189
M008189
M008190
M008190
M008190
M008193
M008193
M008193
M008195
M008195
M008195
M008197
M008197
M008197
M008198
M008198
M008198
M008200
M008200
M008200
M008201
M008201
M008201
M008202
M008202
M008202
M008203
M008203
M008203
M008204
M008204
M008204
M008206
M008206
M008206
M008209
M008209
M008209
M008210
M008210
M008210
M008212
M008212
M008212
M008213
M008213
M008213
M008214
M008214
M008214
M008215
M008215
M008215
M008217
M008217
M008217
M008218
M008218
M008218
M008219
M008219
M008219
M008220
M008220
M008221
M008221
M008221
M008222
M008222
M008222
M008223
M008223
M008223
M008224
M008224
M008224
M008225
M008225
M008225
M008226
M008226
M008226
M008228
M008228
M008228
M008229
M008229
M008229
M008230
M008230
M008230
M008231
M008231
M008231
M008233
M008233
M008233
M008234
M008234
M008234
M008236
M008236
M008236
M008237
M008237
M008237
M008239
M008239
M008239
M008240
M008240
M008240
M008241
M008241
M008241
M008242
M008242
M008242
M008243
M008243
M008243
M008245
M008245
M008245
M008246
M008246
M008246
M008247
M008247
M008247
M008248
M008248
M008248
M008249
M008249
M008249
M008250
M008250
M008250
M008251
M008251
M008251
M008252
M008252
M008252
M008253
M008253
M008253
M008255
M008255
M008255
M008257
M008257
M008257
M008258
M008258
M008258
M008259
M008259
M008259
M008260
M008260
M008260
M008261
M008261
M008261
M008263
M008263
M008263
M008264
M008264
M008264
M008265
M008265
M008265
M008267
M008267
M008267
M008268
M008268
M008268
M008269
M008269
M008269
M008270
M008270
M008270
M008271
M008271
M008271
M008272
M008272
M008272
M008273
M008273
M008273
M008274
M008274
M008274
M008277
M008277
M008277
M008278
M008278
M008278
M008279
M008279
M008279
M008280
M008280
M008280
M008285
M008285
M008285
M008286
M008286
M008286
M008288
M008288
M008288
M008289
M008289
M008289
M008290
M008290
M008290
M008293
M008293
M008293
M008294
M008294
M008294
M008295
M008295
M008295
M008297
M008297
M008297
M008299
M008299
M008299
M008300
M008300
M008300
M008301
M008301
M008301
M008302
M008302
M008302
M008303
M008303
M008303
M008305
M008305
M008305
M008306
M008306
M008306
M008307
M008307
M008307
M008308
M008308
M008308
M008309
M008309
M008309
M008311
M008311
M008311
M008313
M008313
M008313
M008314
M008314
M008314
M008316
M008316
M008316
M008318
M008318
M008318
M008319
M008319
M008319
M008321
M008321
M008321
M008322
M008322
M008323
M008323
M008323
M008324
M008324
M008324
M008325
M008325
M008325
M008326
M008326
M008326
M008327
M008327
M008327
M008328
M008328
M008328
M008330
M008330
M008330
M008332
M008332
M008332
M008334
M008334
M008334
M008335
M008335
M008335
M008336
M008336
M008336
M008337
M008337
M008337
M008341
M008341
M008341
M008342
M008342
M008342
M008344
M008344
M008344
M008345
M008345
M008345
M008347
M008347
M008347
M008348
M008348
M008348
M008350
M008350
M008350
M008351
M008351
M008351
M008353
M008353
M008353
M008355
M008355
M008355
M008356
M008356
M008356
M008359
M008359
M008359
M008361
M008361
M008361
M008364
M008364
M008364
M008365
M008365
M008365
M008366
M008366
M008366
M008368
M008368
M008368
M008369
M008369
M008369
M008370
M008370
M008370
M008372
M008372
M008372
M008373
M008373
M008373
M008374
M008374
M008374
M008375
M008375
M008375
M008376
M008376
M008376
M008377
M008377
M008377
M008379
M008379
M008379
M008380
M008380
M008380
M008384
M008384
M008384
M008385
M008385
M008385
M008386
M008386
M008386
M008387
M008387
M008387
M008389
M008389
M008389
M008390
M008390
M008390
M008392
M008392
M008392
M008393
M008393
M008393
M008394
M008394
M008394
M008396
M008396
M008396
M008397
M008397
M008397
M008398
M008400
M008400
M008400
M008402
M008402
M008402
M008403
M008403
M008403
M008404
M008404
M008404
M008406
M008406
M008406
M008407
M008407
M008407
M008408
M008408
M008408
M008409
M008409
M008409
M008410
M008410
M008410
M008411
M008411
M008411
M008412
M008412
M008412
M008413
M008413
M008413
M008414
M008414
M008414
M008415
M008415
M008415
M008416
M008416
M008416
M008418
M008418
M008418
M008419
M008419
M008419
M008420
M008420
M008420
M008421
M008421
M008421
M008422
M008422
M008422
M008423
M008423
M008423
M008426
M008426
M008426
M008427
M008427
M008427
M008428
M008428
M008428
M008430
M008430
M008430
M008432
M008432
M008432
M008434
M008434
M008434
M008435
M008435
M008435
M008436
M008436
M008436
M008437
M008437
M008437
M008438
M008438
M008438
M008439
M008439
M008439
M008441
M008441
M008441
M008442
M008442
M008442
M008444
M008444
M008444
M008445
M008445
M008445
M008446
M008446
M008446
M008447
M008447
M008447
M008448
M008448
M008448
M008450
M008450
M008452
M008452
M008452
M008453
M008453
M008453
M008455
M008455
M008455
M008456
M008456
M008456
M008459
M008459
M008459
M008460
M008460
M008460
M008462
M008462
M008462
M008465
M008465
M008465
M008466
M008466
M008466
M008467
M008467
M008467
M008468
M008468
M008468
M008471
M008471
M008471
M008472
M008472
M008472
M008473
M008473
M008473
M008476
M008476
M008476
M008477
M008477
M008477
M008478
M008478
M008478
M008479
M008479
M008479
M008480
M008480
M008480
M008482
M008482
M008482
M008483
M008483
M008483
M008485
M008485
M008488
M008488
M008488
M008491
M008491
M008491
M008492
M008492
M008492
M008494
M008494
M008494
M008495
M008495
M008495
M008497
M008497
M008497
M008499
M008499
M008499
M008501
M008501
M008501
M008503
M008503
M008503
M008507
M008507
M008507
M008508
M008508
M008508
M008509
M008509
M008509
M008510
M008510
M008510
M008513
M008513
M008513
M008514
M008514
M008514
M008515
M008515
M008515
M008516
M008516
M008516
M008519
M008519
M008519
M008520
M008520
M008520
M008521
M008521
M008521
M008522
M008522
M008522
M008523
M008523
M008523
M008524
M008524
M008524
M008525
M008525
M008525
M008527
M008527
M008527
M008529
M008529
M008529
M008530
M008530
M008530
M008531
M008531
M008531
M008532
M008532
M008532
M008533
M008533
M008534
M008534
M008534
M008535
M008535
M008535
M008536
M008536
M008536
M008537
M008537
M008537
M008538
M008538
M008538
M008541
M008541
M008541
M008544
M008544
M008544
M008545
M008545
M008545
M008546
M008546
M008546
M008547
M008547
M008547
M008548
M008548
M008548
M008549
M008549
M008549
M008550
M008550
M008550
M008551
M008551
M008551
M008552
M008552
M008552
M008553
M008553
M008553
M008555
M008555
M008555
M008557
M008557
M008557
M008558
M008558
M008558
M008561
M008561
M008561
M008562
M008562
M008562
M008563
M008563
M008563
M008566
M008566
M008566
M008568
M008568
M008568
M008570
M008570
M008570
M008571
M008571
M008571
M008572
M008572
M008572
M008573
M008573
M008573
M008574
M008574
M008574
M008575
M008575
M008575
M008577
M008577
M008577
M008579
M008579
M008579
M008580
M008580
M008580
M008581
M008581
M008581
M008582
M008582
M008582
M008584
M008584
M008584
M008585
M008585
M008585
M008586
M008586
M008586
M008587
M008587
M008587
M008589
M008589
M008589
M008590
M008590
M008590
M008591
M008591
M008591
M008593
M008593
M008593
M008596
M008596
M008596
M008599
M008599
M008599
M008600
M008600
M008600
M008601
M008601
M008601
M008602
M008602
M008602
M008604
M008604
M008604
M008605
M008605
M008605
M008606
M008606
M008606
M008607
M008607
M008607
M008608
M008608
M008608
M008609
M008609
M008609
M008611
M008611
M008611
M008612
M008612
M008612
M008613
M008613
M008613
M008615
M008615
M008615
M008616
M008616
M008616
M008618
M008618
M008618
M008619
M008619
M008619
M008621
M008621
M008621
M008622
M008622
M008622
M008623
M008623
M008623
M008624
M008624
M008624
M008625
M008625
M008625
M008626
M008626
M008626
M008627
M008627
M008627
M008628
M008628
M008628
M008629
M008629
M008629
M008631
M008631
M008631
M008634
M008634
M008634
M008637
M008637
M008637
M008638
M008638
M008638
M008639
M008639
M008639
M008640
M008640
M008640
M008641
M008641
M008641
M008642
M008642
M008642
M008643
M008643
M008643
M008644
M008644
M008644
M008645
M008645
M008645
M008647
M008647
M008647
M008648
M008648
M008648
M008650
M008650
M008650
M008651
M008651
M008651
M008652
M008652
M008652
M008654
M008654
M008654
M008655
M008655
M008655
M008656
M008656
M008656
M008658
M008658
M008658
M008659
M008659
M008659
M008660
M008660
M008660
M008661
M008661
M008661
M008662
M008662
M008662
M008663
M008663
M008663
M008665
M008665
M008665
M008666
M008666
M008666
M008667
M008667
M008667
M008669
M008669
M008669
M008670
M008670
M008670
M008671
M008671
M008671
M008672
M008672
M008672
M008673
M008673
M008673
M008674
M008674
M008674
M008675
M008675
M008675
M008677
M008677
M008677
M008678
M008678
M008678
M008679
M008679
M008679
M008680
M008680
M008680
M008681
M008681
M008681
M008682
M008682
M008682
M008684
M008684
M008684
M008685
M008685
M008685
M008686
M008686
M008686
M008687
M008687
M008687
M008688
M008688
M008688
M008689
M008689
M008689
M008690
M008690
M008690
M008693
M008693
M008693
M008695
M008695
M008695
M008698
M008698
M008698
M008699
M008699
M008699
M008703
M008703
M008703
M008706
M008706
M008706
M008709
M008709
M008709
M008710
M008710
M008710
M008711
M008711
M008711
M008712
M008712
M008712
M008713
M008713
M008713
M008714
M008714
M008714
M008715
M008715
M008715
M008716
M008716
M008716
M008717
M008717
M008717
M008719
M008719
M008721
M008721
M008721
M008722
M008722
M008722
M008723
M008723
M008723
M008726
M008726
M008726
M008727
M008727
M008727
M008728
M008728
M008728
M008731
M008731
M008731
M008732
M008732
M008732
M008733
M008733
M008733
M008735
M008735
M008735
M008736
M008736
M008736
M008737
M008737
M008737
M008738
M008738
M008738
M008741
M008741
M008741
M008742
M008742
M008742
M008743
M008743
M008743
M008744
M008744
M008744
M008745
M008745
M008745
M008746
M008746
M008746
M008747
M008747
M008747
M008750
M008750
M008750
M008751
M008751
M008751
M008753
M008753
M008753
M008754
M008754
M008754
M008756
M008756
M008756
M008757
M008757
M008757
M008760
M008760
M008760
M008762
M008762
M008762
M008763
M008763
M008763
M008764
M008764
M008764
M008765
M008765
M008765
M008766
M008766
M008766
M008767
M008767
M008767
M008769
M008769
M008769
M008770
M008770
M008770
M008771
M008771
M008771
M008772
M008772
M008772
M008773
M008773
M008773
M008776
M008776
M008776
M008777
M008777
M008777
M008778
M008778
M008778
M008779
M008779
M008779
M008780
M008780
M008780
M008781
M008781
M008781
M008783
M008783
M008783
M008784
M008784
M008784
M008785
M008785
M008785
M008786
M008786
M008786
M008787
M008787
M008787
M008788
M008788
M008788
M008789
M008789
M008789
M008790
M008790
M008790
M008791
M008791
M008791
M008792
M008792
M008792
M008793
M008793
M008793
M008794
M008794
M008794
M008795
M008795
M008795
M008796
M008796
M008796
M008798
M008798
M008798
M008799
M008799
M008799
M008800
M008800
M008800
M008802
M008802
M008802
M008804
M008804
M008804
M008805
M008805
M008805
M008806
M008806
M008806
M008808
M008808
M008808
M008809
M008809
M008809
M008810
M008810
M008810
M008811
M008811
M008811
M008812
M008812
M008812
M008813
M008813
M008813
M008814
M008814
M008814
M008815
M008815
M008815
M008816
M008816
M008816
M008819
M008819
M008819
M008820
M008820
M008820
M008823
M008823
M008823
M008825
M008825
M008825
M008826
M008826
M008826
M008827
M008827
M008827
M008829
M008829
M008829
M008830
M008830
M008830
M008831
M008831
M008831
M008832
M008832
M008832
M008833
M008833
M008833
M008836
M008836
M008836
M008839
M008839
M008839
M008841
M008841
M008841
M008842
M008842
M008842
M008844
M008844
M008844
M008845
M008845
M008845
M008846
M008846
M008846
M008847
M008847
M008847
M008848
M008848
M008848
M008849
M008849
M008849
M008852
M008852
M008852
M008854
M008854
M008854
M008855
M008855
M008855
M008856
M008856
M008856
M008857
M008857
M008857
M008858
M008858
M008858
M008860
M008860
M008860
M008863
M008863
M008863
M008865
M008865
M008865
M008866
M008866
M008866
M008867
M008867
M008867
M008868
M008868
M008868
M008869
M008869
M008869
M008870
M008870
M008870
M008872
M008872
M008872
M008873
M008873
M008873
M008874
M008874
M008874
M008875
M008875
M008875
M008876
M008876
M008876
M008878
M008878
M008878
M008879
M008879
M008879
M008880
M008880
M008880
M008881
M008881
M008881
M008882
M008882
M008882
M008883
M008883
M008883
M008884
M008884
M008884
M008885
M008885
M008885
M008886
M008886
M008886
M008889
M008889
M008889
M008890
M008890
M008890
M008892
M008892
M008892
M008893
M008893
M008893
M008894
M008894
M008894
M008896
M008896
M008896
M008897
M008897
M008897
M008898
M008898
M008898
M008899
M008899
M008899
M008901
M008901
M008901
M008903
M008903
M008903
M008908
M008908
M008908
M008909
M008909
M008909
M008911
M008911
M008911
M008912
M008912
M008912
M008913
M008913
M008913
M008914
M008914
M008914
M008916
M008916
M008916
M008917
M008917
M008917
M008918
M008918
M008918
M008919
M008919
M008919
M008920
M008920
M008920
M008921
M008921
M008921
M008922
M008922
M008922
M008924
M008924
M008924
M008925
M008925
M008925
M008926
M008926
M008926
M008928
M008928
M008928
M008929
M008929
M008929
M008930
M008930
M008930
M008931
M008931
M008931
M008932
M008932
M008932
M008933
M008933
M008933
M008935
M008935
M008935
M008937
M008937
M008937
M008938
M008938
M008938
M008940
M008940
M008940
M008941
M008941
M008941
M008942
M008942
M008942
M008945
M008945
M008945
M008946
M008946
M008946
M008947
M008947
M008947
M008949
M008949
M008949
M008950
M008950
M008950
M008951
M008951
M008951
M008952
M008952
M008952
M008954
M008954
M008954
M008956
M008956
M008956
M008957
M008957
M008957
M008958
M008958
M008958
M008960
M008960
M008960
M008961
M008961
M008961
M008962
M008962
M008962
M008963
M008963
M008963
M008964
M008964
M008964
M008965
M008965
M008965
M008968
M008968
M008968
M008969
M008969
M008969
M008972
M008972
M008972
M008974
M008974
M008974
M008975
M008975
M008975
M008976
M008976
M008976
M008977
M008977
M008977
M008978
M008978
M008978
M008979
M008979
M008979
M008980
M008980
M008980
M008981
M008981
M008981
M008983
M008983
M008983
M008985
M008985
M008985
M008986
M008986
M008986
M008987
M008987
M008987
M008988
M008988
M008988
M008989
M008989
M008989
M008990
M008990
M008990
M008990
M008991
M008991
M008991
M008992
M008992
M008992
M008993
M008993
M008993
M008994
M008994
M008994
M008996
M008996
M008996
M008997
M008997
M008997
M008999
M008999
M008999
M009000
M009000
M009000
M009003
M009003
M009003
M009004
M009004
M009004
M009005
M009005
M009005
M009006
M009006
M009006
M009007
M009007
M009007
M009009
M009009
M009009
M009010
M009010
M009010
M009012
M009012
M009012
M009013
M009013
M009013
M009014
M009014
M009014
M009015
M009015
M009015
M009016
M009016
M009016
M009017
M009017
M009017
M009018
M009018
M009018
M009019
M009019
M009019
M009020
M009020
M009020
M009021
M009021
M009021
M009023
M009023
M009023
M009025
M009025
M009025
M009026
M009026
M009026
M009027
M009027
M009027
M009028
M009028
M009028
M009029
M009029
M009029
M009030
M009030
M009030
M009032
M009032
M009032
M009033
M009033
M009033
M009034
M009034
M009034
M009035
M009035
M009035
M009036
M009036
M009036
M009037
M009037
M009037
M009038
M009038
M009038
M009039
M009039
M009039
M009040
M009040
M009040
M009042
M009042
M009044
M009044
M009044
M009045
M009045
M009045
M009046
M009046
M009046
M009047
M009047
M009047
M009048
M009048
M009048
M009050
M009050
M009050
M009053
M009053
M009053
M009054
M009054
M009054
M009056
M009056
M009056
M009060
M009060
M009060
M009061
M009061
M009061
M009062
M009062
M009062
M009063
M009063
M009063
M009064
M009064
M009064
M009065
M009065
M009065
M009066
M009066
M009066
M009067
M009067
M009067
M009069
M009069
M009069
M009070
M009070
M009070
M009071
M009071
M009071
M009073
M009073
M009073
M009074
M009074
M009074
M009076
M009076
M009076
M009079
M009079
M009079
M009080
M009080
M009080
M009081
M009081
M009081
M009082
M009082
M009082
M009083
M009083
M009083
M009085
M009085
M009085
M009086
M009086
M009086
M009087
M009087
M009087
M009089
M009089
M009089
M009090
M009090
M009090
M009091
M009091
M009091
M009092
M009092
M009092
M009093
M009093
M009093
M009095
M009095
M009095
M009097
M009097
M009097
M009099
M009099
M009099
M009100
M009100
M009100
M009101
M009101
M009101
M009104
M009104
M009104
M009105
M009105
M009105
M009106
M009106
M009106
M009107
M009107
M009107
M009108
M009108
M009108
M009109
M009109
M009109
M009110
M009110
M009110
M009111
M009111
M009111
M009112
M009112
M009112
M009114
M009114
M009114
M009115
M009115
M009115
M009116
M009116
M009116
M009117
M009117
M009117
M009118
M009118
M009118
M009119
M009119
M009119
M009120
M009120
M009120
M009121
M009121
M009121
M009122
M009122
M009122
M009124
M009124
M009124
M009126
M009126
M009126
M009127
M009127
M009127
M009128
M009128
M009128
M009129
M009129
M009129
M009130
M009130
M009130
M009131
M009131
M009131
M009132
M009132
M009132
M009133
M009133
M009134
M009134
M009134
M009138
M009138
M009138
M009139
M009139
M009139
M009141
M009141
M009141
M009142
M009142
M009142
M009143
M009143
M009143
M009144
M009144
M009144
M009145
M009145
M009145
M009146
M009146
M009146
M009147
M009147
M009147
M009149
M009149
M009149
M009151
M009151
M009151
M009152
M009152
M009152
M009153
M009153
M009153
M009154
M009154
M009154
M009155
M009155
M009155
M009156
M009156
M009156
M009157
M009157
M009157
M009158
M009158
M009158
M009160
M009160
M009160
M009162
M009162
M009162
M009163
M009163
M009163
M009164
M009164
M009164
M009166
M009166
M009166
M009167
M009167
M009167
M009168
M009168
M009168
M009169
M009169
M009169
M009170
M009170
M009170
M009172
M009172
M009172
M009173
M009173
M009173
M009174
M009174
M009174
M009175
M009175
M009175
M009176
M009176
M009176
M009177
M009177
M009177
M009178
M009178
M009178
M009179
M009179
M009179
M009180
M009180
M009180
M009182
M009182
M009182
M009183
M009183
M009183
M009185
M009185
M009185
M009188
M009188
M009188
M009189
M009189
M009189
M009190
M009190
M009190
M009191
M009191
M009191
M009192
M009192
M009192
M009193
M009193
M009193
M009194
M009194
M009194
M009195
M009195
M009195
M009196
M009196
M009196
M009197
M009197
M009197
M009198
M009198
M009198
M009200
M009200
M009200
M009201
M009201
M009201
M009202
M009202
M009202
M009203
M009203
M009203
M009204
M009204
M009204
M009205
M009205
M009205
M009206
M009206
M009206
M009208
M009208
M009208
M009210
M009210
M009210
M009211
M009211
M009211
M009213
M009213
M009213
M009214
M009214
M009214
M009215
M009215
M009215
M009218
M009218
M009218
M009219
M009219
M009219
M009221
M009221
M009221
M009222
M009222
M009222
M009223
M009223
M009223
M009224
M009224
M009224
M009226
M009226
M009226
M009227
M009227
M009227
M009228
M009228
M009228
M009229
M009229
M009229
M009231
M009231
M009231
M009232
M009232
M009232
M009234
M009234
M009234
M009235
M009235
M009235
M009236
M009236
M009236
M009237
M009237
M009237
M009239
M009239
M009239
M009240
M009240
M009240
M009241
M009241
M009241
M009242
M009242
M009242
M009243
M009243
M009243
M009245
M009245
M009245
M009246
M009246
M009246
M009247
M009247
M009247
M009248
M009248
M009248
M009249
M009249
M009249
M009250
M009250
M009250
M009253
M009253
M009253
M009254
M009254
M009254
M009255
M009255
M009255
M009257
M009257
M009257
M009258
M009258
M009258
M009259
M009259
M009259
M009260
M009260
M009260
M009261
M009261
M009261
M009262
M009262
M009262
M009263
M009263
M009263
M009264
M009264
M009264
M009266
M009266
M009266
M009267
M009267
M009267
M009268
M009268
M009268
M009269
M009269
M009269
M009271
M009271
M009271
M009272
M009272
M009272
M009274
M009274
M009274
M009275
M009275
M009275
M009276
M009276
M009276
M009277
M009277
M009277
M009278
M009278
M009278
M009279
M009279
M009279
M009280
M009280
M009280
M009281
M009281
M009281
M009282
M009282
M009282
M009284
M009284
M009284
M009285
M009285
M009285
M009286
M009286
M009286
M009288
M009288
M009288
M009290
M009290
M009290
M009292
M009292
M009292
M009293
M009293
M009293
M009294
M009294
M009294
M009295
M009295
M009295
M009296
M009296
M009296
M009299
M009299
M009299
M009300
M009300
M009300
M009301
M009301
M009301
M009304
M009304
M009304
M009305
M009305
M009305
M009306
M009306
M009306
M009307
M009307
M009307
M009308
M009308
M009308
M009309
M009309
M009309
M009310
M009310
M009310
M009311
M009311
M009311
M009312
M009312
M009312
M009313
M009313
M009313
M009315
M009315
M009315
M009317
M009317
M009317
M009318
M009318
M009318
M009319
M009319
M009319
M009320
M009320
M009320
M009321
M009321
M009321
M009322
M009322
M009322
M009323
M009323
M009323
M009324
M009324
M009324
M009325
M009325
M009325
M009326
M009326
M009326
M009327
M009327
M009327
M009328
M009328
M009328
M009329
M009329
M009330
M009330
M009330
M009333
M009333
M009333
M009334
M009334
M009334
M009335
M009335
M009335
M009336
M009336
M009336
M009337
M009337
M009337
M009339
M009339
M009339
M009340
M009340
M009340
M009342
M009342
M009342
M009343
M009343
M009343
M009344
M009344
M009344
M009345
M009345
M009345
M009346
M009346
M009346
M009347
M009347
M009347
M009348
M009348
M009348
M009350
M009350
M009350
M009353
M009353
M009353
M009356
M009356
M009356
M009358
M009358
M009358
M009360
M009360
M009360
M009361
M009361
M009361
M009362
M009362
M009362
M009364
M009364
M009364
M009365
M009365
M009365
M009367
M009367
M009367
M009368
M009368
M009368
M009369
M009369
M009369
M009371
M009371
M009371
M009372
M009372
M009372
M009374
M009374
M009374
M009375
M009375
M009375
M009376
M009376
M009376
M009378
M009378
M009378
M009379
M009379
M009379
M009381
M009381
M009381
M009382
M009382
M009382
M009384
M009384
M009384
M009386
M009386
M009386
M009387
M009387
M009387
M009389
M009389
M009389
M009390
M009390
M009390
M009392
M009392
M009392
M009393
M009393
M009393
M009394
M009394
M009394
M009395
M009395
M009395
M009396
M009396
M009396
M009397
M009397
M009397
M009398
M009398
M009398
M009403
M009403
M009403
M009404
M009404
M009404
M009406
M009406
M009406
M009407
M009407
M009407
M009408
M009408
M009408
M009409
M009409
M009409
M009411
M009411
M009411
M009412
M009412
M009412
M009413
M009413
M009413
M009414
M009414
M009414
M009415
M009415
M009415
M009416
M009416
M009416
M009417
M009417
M009417
M009418
M009418
M009418
M009419
M009419
M009419
M009420
M009420
M009420
M009422
M009422
M009422
M009423
M009423
M009423
M009424
M009424
M009424
M009426
M009426
M009426
M009427
M009427
M009427
M009428
M009428
M009428
M009429
M009429
M009429
M009430
M009430
M009430
M009431
M009431
M009431
M009434
M009434
M009434
M009435
M009435
M009435
M009436
M009436
M009436
M009438
M009438
M009438
M009439
M009439
M009439
M009442
M009442
M009442
M009444
M009444
M009444
M009446
M009446
M009446
M009447
M009447
M009447
M009448
M009448
M009448
M009451
M009451
M009451
M009452
M009452
M009452
M009453
M009453
M009453
M009454
M009454
M009454
M009456
M009456
M009456
M009457
M009457
M009457
M009458
M009458
M009458
M009460
M009460
M009460
M009461
M009461
M009461
M009463
M009463
M009463
M009464
M009464
M009464
M009465
M009465
M009465
M009466
M009466
M009466
M009467
M009467
M009467
M009468
M009468
M009468
M009469
M009469
M009469
M009470
M009470
M009470
M009471
M009471
M009471
M009472
M009472
M009472
M009473
M009473
M009473
M009474
M009474
M009474
M009475
M009475
M009475
M009476
M009476
M009476
M009480
M009480
M009480
M009481
M009481
M009481
M009482
M009482
M009482
M009483
M009483
M009483
M009486
M009486
M009486
M009487
M009487
M009487
M009489
M009489
M009489
M009490
M009490
M009490
M009491
M009491
M009491
M009492
M009492
M009492
M009494
M009494
M009494
M009495
M009495
M009495
M009496
M009496
M009496
M009497
M009497
M009497
M009498
M009498
M009498
M009499
M009499
M009499
M009501
M009501
M009501
M009502
M009502
M009502
M009503
M009503
M009503
M009504
M009504
M009504
M009505
M009505
M009505
M009506
M009506
M009506
M009507
M009507
M009507
M009508
M009508
M009508
M009509
M009509
M009509
M009510
M009510
M009510
M009512
M009512
M009512
M009513
M009513
M009513
M009514
M009514
M009514
M009515
M009515
M009515
M009518
M009518
M009518
M009522
M009522
M009522
M009523
M009523
M009523
M009524
M009524
M009524
M009525
M009525
M009525
M009526
M009526
M009526
M009527
M009527
M009527
M009529
M009529
M009529
M009530
M009530
M009530
M009531
M009531
M009531
M009532
M009532
M009532
M009533
M009533
M009533
M009534
M009534
M009534
M009536
M009536
M009536
M009538
M009538
M009538
M009540
M009540
M009540
M009542
M009542
M009542
M009544
M009544
M009544
M009545
M009545
M009545
M009546
M009546
M009546
M009547
M009547
M009547
M009548
M009548
M009548
M009549
M009549
M009549
M009550
M009550
M009550
M009551
M009551
M009551
M009552
M009552
M009552
M009553
M009553
M009553
M009555
M009555
M009555
M009557
M009557
M009557
M009558
M009558
M009558
M009559
M009559
M009559
M009560
M009560
M009560
M009563
M009563
M009564
M009564
M009564
M009567
M009567
M009567
M009568
M009568
M009568
M009569
M009569
M009569
M009570
M009570
M009570
M009571
M009571
M009571
M009572
M009572
M009572
M009573
M009573
M009573
M009574
M009574
M009574
M009575
M009575
M009575
M009576
M009576
M009576
M009578
M009578
M009578
M009580
M009580
M009580
M009581
M009581
M009581
M009582
M009582
M009582
M009583
M009583
M009583
M009585
M009585
M009585
M009586
M009586
M009586
M009588
M009588
M009588
M009589
M009589
M009589
M009590
M009590
M009590
M009592
M009592
M009592
M009593
M009593
M009593
M009594
M009594
M009594
M009595
M009595
M009595
M009596
M009596
M009596
M009597
M009597
M009598
M009598
M009598
M009599
M009599
M009599
M009601
M009601
M009601
M009602
M009602
M009602
M009603
M009603
M009603
M009604
M009604
M009604
M009605
M009605
M009605
M009607
M009607
M009607
M009610
M009610
M009610
M009611
M009611
M009611
M009612
M009612
M009612
M009615
M009615
M009615
M009616
M009616
M009616
M009617
M009617
M009617
M009619
M009619
M009619
M009620
M009620
M009620
M009622
M009622
M009622
M009624
M009624
M009624
M009627
M009627
M009627
M009628
M009628
M009628
M009629
M009629
M009629
M009630
M009630
M009630
M009631
M009631
M009631
M009632
M009632
M009632
M009634
M009634
M009634
M009635
M009635
M009635
M009636
M009636
M009636
M009637
M009637
M009637
M009638
M009638
M009638
M009639
M009639
M009639
M009640
M009640
M009640
M009641
M009641
M009641
M009644
M009644
M009644
M009647
M009647
M009647
M009648
M009649
M009649
M009649
M009650
M009650
M009650
M009651
M009651
M009651
M009652
M009652
M009652
M009655
M009655
M009655
M009656
M009656
M009656
M009657
M009657
M009657
M009658
M009658
M009658
M009659
M009659
M009659
M009660
M009660
M009660
M009661
M009661
M009661
M009662
M009662
M009662
M009663
M009663
M009663
M009665
M009665
M009665
M009667
M009667
M009667
M009669
M009669
M009669
M009670
M009670
M009670
M009672
M009672
M009672
M009674
M009674
M009674
M009675
M009675
M009676
M009676
M009676
M009677
M009677
M009677
M009678
M009678
M009678
M009680
M009680
M009680
M009681
M009681
M009681
M009682
M009682
M009682
M009683
M009683
M009683
M009684
M009684
M009684
M009685
M009685
M009685
M009686
M009686
M009686
M009687
M009687
M009687
M009688
M009688
M009688
M009690
M009690
M009690
M009691
M009691
M009691
M009692
M009692
M009692
M009693
M009693
M009693
M009694
M009694
M009694
M009695
M009695
M009695
M009696
M009696
M009696
M009697
M009697
M009697
M009698
M009698
M009698
M009699
M009699
M009699
M009700
M009700
M009700
M009701
M009701
M009701
M009702
M009702
M009702
M009704
M009704
M009704
M009705
M009705
M009705
M009706
M009706
M009706
M009708
M009708
M009708
M009711
M009711
M009711
M009713
M009713
M009713
M009715
M009715
M009715
M009718
M009718
M009718
M009719
M009719
M009719
M009721
M009721
M009721
M009723
M009723
M009723
M009725
M009725
M009725
M009728
M009728
M009728
M009731
M009731
M009731
M009732
M009732
M009732
M009733
M009733
M009733
M009734
M009734
M009734
M009735
M009735
M009735
M009736
M009736
M009736
M009737
M009737
M009737
M009738
M009738
M009738
M009739
M009739
M009739
M009740
M009740
M009740
M009741
M009741
M009741
M009742
M009742
M009742
M009743
M009743
M009743
M009744
M009744
M009744
M009745
M009745
M009745
M009746
M009746
M009746
M009747
M009747
M009747
M009748
M009748
M009748
M009752
M009752
M009752
M009753
M009753
M009753
M009754
M009754
M009754
M009755
M009755
M009755
M009756
M009756
M009756
M009759
M009759
M009759
M009760
M009760
M009760
M009764
M009764
M009764
M009765
M009765
M009765
M009766
M009766
M009766
M009767
M009767
M009767
M009769
M009769
M009769
M009772
M009772
M009772
M009774
M009774
M009774
M009775
M009775
M009775
M009778
M009778
M009778
M009779
M009779
M009779
M009780
M009780
M009780
M009781
M009781
M009781
M009782
M009782
M009782
M009783
M009783
M009783
M009784
M009784
M009784
M009785
M009785
M009785
M009786
M009786
M009786
M009787
M009787
M009787
M009788
M009788
M009788
M009789
M009789
M009789
M009791
M009791
M009791
M009792
M009792
M009792
M009795
M009795
M009795
M009796
M009796
M009796
M009797
M009797
M009797
M009798
M009798
M009798
M009799
M009799
M009799
M009800
M009800
M009800
M009802
M009802
M009802
M009803
M009803
M009803
M009804
M009804
M009804
M009805
M009805
M009805
M009806
M009806
M009806
M009807
M009807
M009807
M009808
M009808
M009808
M009809
M009809
M009809
M009810
M009810
M009810
M009812
M009812
M009812
M009813
M009813
M009813
M009814
M009814
M009815
M009815
M009815
M009818
M009818
M009818
M009819
M009819
M009819
M009820
M009820
M009820
M009821
M009821
M009821
M009823
M009823
M009823
M009824
M009824
M009824
M009825
M009825
M009825
M009826
M009826
M009826
M009827
M009827
M009827
M009828
M009828
M009828
M009829
M009829
M009829
M009830
M009830
M009830
M009832
M009832
M009832
M009833
M009833
M009833
M009834
M009834
M009834
M009835
M009835
M009835
M009836
M009836
M009836
M009837
M009837
M009837
M009838
M009838
M009838
M009839
M009839
M009839
M009840
M009840
M009840
M009842
M009842
M009842
M009845
M009845
M009845
M009847
M009847
M009847
M009848
M009848
M009848
M009850
M009850
M009850
M009851
M009851
M009851
M009853
M009853
M009853
M009854
M009854
M009854
M009855
M009855
M009855
M009856
M009856
M009856
M009857
M009857
M009857
M009858
M009858
M009858
M009859
M009859
M009859
M009860
M009860
M009860
M009861
M009861
M009861
M009862
M009862
M009862
M009864
M009864
M009864
M009865
M009865
M009865
M009866
M009866
M009866
M009868
M009868
M009868
M009869
M009869
M009869
M009870
M009870
M009870
M009872
M009872
M009872
M009873
M009873
M009873
M009874
M009874
M009874
M009875
M009875
M009875
M009876
M009876
M009876
M009878
M009878
M009878
M009879
M009879
M009879
M009882
M009882
M009882
M009883
M009883
M009883
M009884
M009884
M009884
M009885
M009885
M009885
M009886
M009886
M009886
M009887
M009887
M009887
M009888
M009888
M009888
M009889
M009889
M009889
M009891
M009891
M009891
M009892
M009892
M009892
M009893
M009893
M009893
M009895
M009895
M009895
M009897
M009897
M009897
M009898
M009898
M009898
M009899
M009899
M009899
M009900
M009900
M009900
M009902
M009902
M009902
M009904
M009904
M009904
M009906
M009906
M009906
M009907
M009907
M009907
M009909
M009909
M009909
M009911
M009911
M009911
M009912
M009912
M009912
M009914
M009914
M009914
M009915
M009915
M009915
M009916
M009916
M009916
M009918
M009918
M009918
M009920
M009920
M009920
M009921
M009921
M009921
M009922
M009922
M009922
M009923
M009923
M009923
M009925
M009925
M009925
M009927
M009927
M009927
M009929
M009929
M009929
M009931
M009931
M009931
M009932
M009932
M009932
M009934
M009934
M009934
M009935
M009935
M009935
M009936
M009936
M009936
M009937
M009937
M009937
M009938
M009938
M009938
M009940
M009940
M009940
M009943
M009943
M009943
M009944
M009944
M009944
M009947
M009947
M009947
M009948
M009948
M009948
M009950
M009950
M009950
M009951
M009951
M009951
M009952
M009952
M009952
M009953
M009953
M009953
M009956
M009956
M009956
M009957
M009957
M009957
M009959
M009959
M009959
M009962
M009962
M009962
M009963
M009963
M009963
M009964
M009964
M009964
M009965
M009965
M009965
M009966
M009966
M009966
M009967
M009967
M009967
M009969
M009969
M009969
M009970
M009970
M009970
M009971
M009971
M009971
M009973
M009973
M009973
M009974
M009974
M009974
M009975
M009975
M009975
M009976
M009976
M009976
M009978
M009978
M009978
M009980
M009980
M009980
M009981
M009981
M009981
M009982
M009982
M009982
M009983
M009983
M009983
M009984
M009984
M009984
M009985
M009985
M009985
M009987
M009987
M009987
M009988
M009988
M009988
M009989
M009989
M009989
M009990
M009990
M009990
M009993
M009993
M009993
M009994
M009994
M009994
M009995
M009995
M009995
M009997
M009997
M009997
M009998
M009998
M009998
M009999
M009999
M009999
M010001
M010001
M010001
M010002
M010002
M010002
M010004
M010004
M010004
M010005
M010005
M010005
M010006
M010006
M010006
M010008
M010008
M010008
M010009
M010009
M010009
M010010
M010010
M010010
M010011
M010011
M010011
M010012
M010012
M010012
M010013
M010013
M010013
M010014
M010014
M010014
M010015
M010015
M010015
M010017
M010017
M010019
M010019
M010019
M010020
M010020
M010020
M010021
M010021
M010021
M010022
M010022
M010022
M010024
M010024
M010024
M010025
M010025
M010025
M010027
M010027
M010027
M010030
M010030
M010030
M010031
M010031
M010031
M010033
M010033
M010033
M010034
M010034
M010034
M010035
M010035
M010035
M010036
M010036
M010036
M010038
M010038
M010038
M010040
M010040
M010040
M010041
M010041
M010041
M010042
M010042
M010042
M010044
M010044
M010044
M010047
M010047
M010047
M010048
M010048
M010048
M010049
M010049
M010049
M010050
M010050
M010050
M010051
M010051
M010051
M010053
M010053
M010053
M010055
M010055
M010055
M010056
M010056
M010056
M010058
M010058
M010058
M010059
M010059
M010059
M010060
M010060
M010060
M010061
M010061
M010061
M010062
M010062
M010062
M010063
M010063
M010063
M010064
M010064
M010064
M010065
M010065
M010065
M010066
M010066
M010066
M010067
M010067
M010067
M010069
M010069
M010069
M010073
M010073
M010073
M010075
M010075
M010075
M010077
M010077
M010077
M010078
M010078
M010078
M010079
M010079
M010079
M010081
M010081
M010081
M010085
M010085
M010085
M010086
M010086
M010086
M010087
M010087
M010087
M010089
M010089
M010089
M010090
M010090
M010090
M010091
M010091
M010091
M010092
M010092
M010092
M010094
M010094
M010094
M010095
M010095
M010095
M010098
M010098
M010098
M010099
M010099
M010099
M010100
M010100
M010100
M010101
M010101
M010101
M010102
M010102
M010102
M010103
M010103
M010103
M010104
M010104
M010104
M010105
M010105
M010105
M010107
M010107
M010107
M010108
M010108
M010108
M010109
M010109
M010109
M010111
M010111
M010111
M010112
M010112
M010112
M010113
M010113
M010113
M010115
M010115
M010115
M010117
M010117
M010117
M010119
M010119
M010119
M010120
M010120
M010120
M010121
M010121
M010121
M010122
M010122
M010122
M010123
M010123
M010123
M010124
M010124
M010124
M010125
M010125
M010125
M010127
M010127
M010127
M010128
M010128
M010129
M010129
M010129
M010132
M010132
M010132
M010133
M010133
M010133
M010134
M010134
M010134
M010136
M010136
M010136
M010137
M010137
M010137
M010138
M010138
M010138
M010139
M010139
M010139
M010140
M010140
M010140
M010144
M010144
M010144
M010146
M010146
M010147
M010147
M010147
M010149
M010149
M010149
M010151
M010151
M010151
M010152
M010152
M010152
M010153
M010153
M010153
M010154
M010154
M010154
M010155
M010155
M010155
M010156
M010156
M010156
M010158
M010158
M010158
M010159
M010159
M010159
M010163
M010163
M010163
M010166
M010166
M010166
M010168
M010168
M010168
M010169
M010169
M010169
M010171
M010171
M010171
M010172
M010172
M010172
M010173
M010173
M010173
M010175
M010175
M010175
M010176
M010176
M010176
M010177
M010177
M010177
M010178
M010178
M010178
M010179
M010179
M010179
M010180
M010180
M010180
M010181
M010181
M010181
M010184
M010184
M010184
M010185
M010185
M010185
M010186
M010186
M010186
M010187
M010187
M010187
M010188
M010188
M010188
M010190
M010190
M010190
M010191
M010191
M010191
M010197
M010197
M010197
M010198
M010198
M010198
M010200
M010200
M010200
M010201
M010201
M010201
M010202
M010202
M010202
M010203
M010203
M010203
M010204
M010204
M010204
M010205
M010205
M010205
M010206
M010206
M010206
M010207
M010207
M010207
M010208
M010208
M010208
M010209
M010209
M010209
M010210
M010210
M010210
M010211
M010211
M010211
M010212
M010212
M010212
M010215
M010215
M010215
M010216
M010216
M010216
M010217
M010217
M010217
M010218
M010218
M010218
M010220
M010220
M010220
M010221
M010221
M010221
M010222
M010222
M010222
M010224
M010224
M010224
M010225
M010225
M010225
M010227
M010227
M010227
M010228
M010228
M010228
M010229
M010229
M010229
M010230
M010230
M010230
M010231
M010231
M010231
M010232
M010232
M010232
M010235
M010235
M010235
M010237
M010237
M010237
M010239
M010239
M010239
M010240
M010240
M010240
M010241
M010241
M010241
M010242
M010242
M010242
M010243
M010243
M010243
M010244
M010244
M010244
M010246
M010246
M010246
M010247
M010247
M010247
M010249
M010249
M010249
M010250
M010250
M010250
M010251
M010251
M010251
M010252
M010252
M010252
M010253
M010253
M010253
M010255
M010255
M010255
M010256
M010256
M010256
M010257
M010257
M010257
M010258
M010258
M010258
M010259
M010259
M010259
M010260
M010260
M010260
M010261
M010261
M010261
M010262
M010262
M010262
M010263
M010263
M010263
M010264
M010264
M010264
M010265
M010265
M010265
M010266
M010266
M010266
M010268
M010268
M010268
M010269
M010269
M010269
M010271
M010271
M010271
M010272
M010272
M010272
M010273
M010273
M010273
M010274
M010274
M010274
M010276
M010276
M010276
M010277
M010277
M010277
M010278
M010278
M010278
M010279
M010279
M010279
M010281
M010281
M010281
M010283
M010283
M010283
M010284
M010284
M010284
M010285
M010285
M010285
M010287
M010287
M010287
M010289
M010289
M010289
M010290
M010290
M010290
M010291
M010291
M010291
M010292
M010292
M010292
M010293
M010293
M010293
M010294
M010294
M010294
M010295
M010295
M010295
M010296
M010296
M010296
M010297
M010297
M010297
M010299
M010299
M010299
M010300
M010300
M010300
M010301
M010301
M010301
M010302
M010302
M010303
M010303
M010303
M010304
M010304
M010304
M010306
M010306
M010306
M010307
M010307
M010307
M010309
M010309
M010309
M010310
M010310
M010310
M010311
M010311
M010311
M010312
M010312
M010312
M010313
M010313
M010313
M010314
M010314
M010314
M010316
M010316
M010316
M010318
M010318
M010318
M010319
M010319
M010319
M010320
M010320
M010320
M010321
M010321
M010321
M010322
M010322
M010322
M010323
M010323
M010323
M010324
M010324
M010324
M010325
M010325
M010325
M010326
M010326
M010326
M010328
M010328
M010328
M010330
M010330
M010330
M010332
M010332
M010332
M010333
M010333
M010333
M010335
M010335
M010335
M010336
M010336
M010336
M010337
M010337
M010337
M010338
M010338
M010338
M010339
M010339
M010339
M010340
M010340
M010340
M010341
M010341
M010341
M010344
M010344
M010344
M010345
M010345
M010345
M010346
M010346
M010346
M010347
M010347
M010347
M010348
M010348
M010348
M010349
M010349
M010350
M010350
M010350
M010351
M010351
M010351
M010352
M010352
M010352
M010353
M010353
M010353
M010354
M010354
M010354
M010355
M010355
M010355
M010357
M010357
M010357
M010358
M010358
M010358
M010359
M010359
M010359
M010361
M010361
M010361
M010362
M010362
M010362
M010363
M010363
M010363
M010365
M010365
M010365
M010366
M010366
M010366
M010367
M010367
M010367
M010368
M010368
M010368
M010369
M010369
M010369
M010370
M010370
M010370
M010371
M010371
M010371
M010372
M010372
M010372
M010373
M010373
M010373
M010374
M010374
M010374
M010375
M010375
M010375
M010376
M010376
M010376
M010377
M010377
M010377
M010379
M010379
M010379
M010380
M010380
M010380
M010382
M010382
M010382
M010383
M010383
M010383
M010386
M010386
M010386
M010387
M010387
M010387
M010389
M010389
M010389
M010391
M010391
M010391
M010393
M010393
M010393
M010394
M010394
M010394
M010395
M010395
M010395
M010396
M010396
M010396
M010397
M010397
M010397
M010398
M010398
M010398
M010399
M010399
M010399
M010400
M010400
M010400
M010402
M010402
M010402
M010403
M010403
M010403
M010406
M010406
M010406
M010407
M010407
M010407
M010408
M010408
M010408
M010410
M010410
M010410
M010411
M010411
M010411
M010412
M010412
M010412
M010413
M010413
M010413
M010414
M010414
M010414
M010415
M010415
M010415
M010416
M010416
M010416
M010417
M010417
M010417
M010418
M010418
M010418
M010419
M010419
M010419
M010420
M010420
M010420
M010422
M010422
M010422
M010423
M010423
M010423
M010424
M010424
M010424
M010425
M010425
M010425
M010426
M010426
M010426
M010427
M010427
M010427
M010428
M010428
M010428
M010430
M010430
M010430
M010431
M010431
M010431
M010433
M010433
M010433
M010434
M010434
M010434
M010435
M010435
M010435
M010437
M010437
M010437
M010438
M010438
M010438
M010440
M010440
M010440
M010442
M010442
M010442
M010444
M010444
M010444
M010446
M010446
M010446
M010448
M010448
M010448
M010449
M010449
M010449
M010450
M010450
M010450
M010451
M010451
M010451
M010453
M010453
M010453
M010454
M010454
M010454
M010455
M010455
M010455
M010457
M010457
M010457
M010459
M010459
M010459
M010460
M010460
M010460
M010461
M010461
M010461
M010462
M010462
M010462
M010463
M010463
M010463
M010465
M010465
M010465
M010466
M010466
M010466
M010467
M010467
M010467
M010468
M010468
M010468
M010469
M010469
M010470
M010470
M010470
M010471
M010471
M010471
M010472
M010472
M010472
M010475
M010475
M010475
M010476
M010476
M010476
M010477
M010477
M010477
M010478
M010478
M010478
M010480
M010480
M010480
M010482
M010482
M010482
M010483
M010483
M010483
M010484
M010484
M010484
M010485
M010485
M010485
M010486
M010486
M010486
M010488
M010489
M010489
M010489
M010490
M010490
M010490
M010491
M010491
M010491
M010493
M010493
M010493
M010494
M010494
M010494
M010497
M010497
M010497
M010498
M010498
M010498
M010500
M010500
M010500
M010501
M010501
M010501
M010502
M010502
M010502
M010503
M010503
M010503
M010504
M010504
M010504
M010505
M010505
M010505
M010506
M010506
M010506
M010507
M010507
M010507
M010508
M010508
M010508
M010510
M010510
M010510
M010511
M010511
M010511
M010513
M010513
M010513
M010514
M010514
M010514
M010515
M010515
M010515
M010519
M010519
M010519
M010521
M010521
M010521
M010523
M010523
M010523
M010524
M010524
M010524
M010527
M010527
M010527
M010528
M010528
M010528
M010530
M010530
M010530
M010531
M010531
M010531
M010532
M010532
M010532
M010533
M010533
M010533
M010535
M010535
M010535
M010536
M010536
M010536
M010537
M010537
M010537
M010538
M010538
M010538
M010539
M010539
M010539
M010540
M010540
M010540
M010542
M010542
M010542
M010544
M010544
M010544
M010548
M010548
M010548
M010550
M010550
M010550
M010554
M010554
M010554
M010555
M010555
M010555
M010556
M010556
M010556
M010559
M010559
M010559
M010560
M010560
M010560
M010561
M010561
M010561
M010564
M010564
M010564
M010566
M010566
M010566
M010567
M010567
M010567
M010568
M010568
M010568
M010569
M010569
M010569
M010570
M010570
M010570
M010571
M010571
M010571
M010572
M010572
M010572
M010573
M010573
M010573
M010574
M010574
M010574
M010575
M010575
M010575
M010577
M010577
M010577
M010578
M010578
M010578
M010581
M010581
M010581
M010582
M010582
M010582
M010583
M010583
M010583
M010584
M010584
M010584
M010585
M010585
M010585
M010589
M010589
M010589
M010590
M010590
M010590
M010591
M010591
M010591
M010592
M010592
M010592
M010593
M010593
M010593
M010594
M010594
M010594
M010595
M010595
M010595
M010596
M010596
M010596
M010597
M010597
M010597
M010599
M010599
M010599
M010602
M010602
M010602
M010604
M010604
M010604
M010605
M010605
M010605
M010606
M010606
M010606
M010607
M010607
M010607
M010608
M010608
M010608
M010609
M010609
M010609
M010610
M010610
M010610
M010611
M010611
M010611
M010612
M010612
M010612
M010613
M010613
M010613
M010614
M010614
M010614
M010615
M010615
M010615
M010619
M010619
M010619
M010620
M010620
M010620
M010621
M010621
M010621
M010622
M010622
M010622
M010623
M010623
M010623
M010624
M010624
M010624
M010625
M010625
M010625
M010626
M010626
M010626
M010627
M010627
M010627
M010628
M010628
M010628
M010629
M010629
M010629
M010630
M010630
M010630
M010631
M010631
M010631
M010632
M010632
M010632
M010633
M010633
M010633
M010636
M010636
M010636
M010640
M010640
M010640
M010643
M010643
M010643
M010644
M010644
M010644
M010645
M010645
M010645
M010646
M010646
M010646
M010649
M010649
M010649
M010652
M010652
M010652
M010653
M010653
M010653
M010654
M010654
M010654
M010655
M010655
M010655
M010656
M010656
M010656
M010657
M010657
M010657
M010659
M010659
M010659
M010661
M010661
M010661
M010662
M010662
M010662
M010663
M010663
M010663
M010664
M010664
M010664
M010666
M010666
M010666
M010667
M010667
M010667
M010668
M010668
M010668
M010669
M010669
M010669
M010670
M010670
M010670
M010672
M010672
M010672
M010673
M010673
M010673
M010674
M010674
M010674
M010675
M010675
M010675
M010676
M010676
M010676
M010677
M010677
M010677
M010678
M010678
M010678
M010679
M010679
M010679
M010680
M010680
M010680
M010681
M010681
M010681
M010682
M010682
M010682
M010683
M010683
M010683
M010684
M010684
M010686
M010686
M010686
M010687
M010687
M010687
M010688
M010688
M010688
M010689
M010689
M010689
M010690
M010690
M010690
M010691
M010691
M010691
M010692
M010692
M010692
M010693
M010693
M010693
M010694
M010694
M010694
M010696
M010696
M010696
M010697
M010697
M010697
M010700
M010700
M010700
M010701
M010701
M010701
M010702
M010702
M010702
M010705
M010705
M010705
M010707
M010707
M010707
M010708
M010708
M010708
M010710
M010710
M010710
M010712
M010712
M010712
M010716
M010716
M010716
M010717
M010717
M010717
M010718
M010718
M010718
M010719
M010719
M010719
M010721
M010721
M010721
M010722
M010722
M010722
M010723
M010723
M010723
M010724
M010724
M010724
M010725
M010725
M010725
M010726
M010726
M010726
M010727
M010727
M010727
M010728
M010728
M010728
M010730
M010730
M010730
M010732
M010732
M010732
M010733
M010733
M010733
M010734
M010734
M010734
M010735
M010735
M010735
M010738
M010738
M010738
M010740
M010740
M010740
M010741
M010741
M010741
M010742
M010742
M010742
M010744
M010744
M010744
M010746
M010746
M010746
M010747
M010747
M010747
M010748
M010748
M010748
M010749
M010749
M010749
M010750
M010750
M010750
M010751
M010751
M010751
M010757
M010757
M010757
M010758
M010758
M010758
M010760
M010760
M010760
M010761
M010761
M010761
M010762
M010762
M010762
M010763
M010763
M010763
M010764
M010764
M010764
M010765
M010765
M010765
M010766
M010766
M010766
M010767
M010767
M010767
M010769
M010769
M010769
M010770
M010770
M010770
M010771
M010771
M010771
M010772
M010772
M010772
M010774
M010774
M010774
M010775
M010775
M010775
M010776
M010776
M010776
M010777
M010777
M010777
M010778
M010778
M010778
M010779
M010779
M010779
M010780
M010780
M010780
M010781
M010781
M010781
M010782
M010782
M010782
M010783
M010783
M010783
M010786
M010786
M010786
M010787
M010787
M010787
M010788
M010788
M010788
M010789
M010789
M010789
M010790
M010790
M010790
M010791
M010791
M010791
M010794
M010794
M010794
M010796
M010796
M010796
M010798
M010798
M010798
M010799
M010799
M010799
M010800
M010800
M010800
M010801
M010801
M010801
M010802
M010802
M010802
M010803
M010803
M010803
M010804
M010804
M010804
M010805
M010805
M010805
M010806
M010806
M010806
M010807
M010807
M010807
M010808
M010808
M010808
M010812
M010812
M010812
M010813
M010813
M010813
M010814
M010814
M010814
M010815
M010815
M010815
M010818
M010818
M010818
M010820
M010820
M010820
M010821
M010821
M010821
M010822
M010822
M010822
M010824
M010824
M010824
M010825
M010825
M010825
M010826
M010826
M010826
M010829
M010829
M010829
M010830
M010830
M010830
M010831
M010831
M010831
M010832
M010832
M010832
M010833
M010833
M010833
M010834
M010834
M010834
M010836
M010836
M010836
M010837
M010837
M010837
M010839
M010839
M010839
M010840
M010840
M010840
M010842
M010842
M010842
M010844
M010844
M010844
M010845
M010845
M010845
M010846
M010846
M010846
M010847
M010847
M010847
M010848
M010848
M010848
M010849
M010849
M010849
M010851
M010851
M010851
M010853
M010853
M010853
M010854
M010854
M010854
M010856
M010856
M010856
M010857
M010857
M010857
M010858
M010858
M010858
M010859
M010859
M010859
M010860
M010860
M010860
M010864
M010864
M010864
M010865
M010865
M010865
M010866
M010866
M010866
M010867
M010867
M010867
M010868
M010868
M010868
M010869
M010869
M010869
M010870
M010870
M010870
M010871
M010871
M010871
M010872
M010872
M010872
M010873
M010873
M010873
M010875
M010875
M010875
M010876
M010876
M010876
M010877
M010877
M010877
M010879
M010879
M010879
M010880
M010880
M010880
M010881
M010881
M010881
M010882
M010882
M010882
M010883
M010883
M010883
M010884
M010884
M010884
M010885
M010885
M010885
M010886
M010886
M010886
M010887
M010887
M010887
M010888
M010888
M010888
M010889
M010889
M010889
M010890
M010890
M010890
M010892
M010892
M010892
M010893
M010893
M010893
M010894
M010894
M010894
M010896
M010896
M010896
M010899
M010899
M010899
M010900
M010900
M010900
M010903
M010903
M010903
M010904
M010904
M010904
M010906
M010906
M010906
M010907
M010907
M010907
M010910
M010910
M010910
M010911
M010911
M010911
M010912
M010912
M010912
M010913
M010913
M010913
M010914
M010914
M010914
M010916
M010916
M010916
M010918
M010918
M010918
M010920
M010920
M010920
M010922
M010922
M010922
M010923
M010923
M010923
M010924
M010924
M010924
M010925
M010925
M010925
M010926
M010926
M010926
M010929
M010929
M010929
M010931
M010931
M010931
M010932
M010932
M010932
M010933
M010933
M010933
M010935
M010935
M010935
M010937
M010937
M010937
M010939
M010939
M010939
M010941
M010941
M010941
M010942
M010942
M010942
M010943
M010943
M010943
M010944
M010944
M010944
M010947
M010947
M010947
M010948
M010948
M010948
M010949
M010949
M010949
M010950
M010950
M010950
M010951
M010951
M010951
M010952
M010952
M010952
M010953
M010953
M010953
M010954
M010954
M010954
M010955
M010955
M010955
M010957
M010957
M010957
M010958
M010958
M010958
M010961
M010961
M010961
M010963
M010963
M010963
M010965
M010965
M010965
M010966
M010966
M010966
M010968
M010968
M010968
M010969
M010969
M010969
M010970
M010970
M010970
M010971
M010971
M010971
M010972
M010972
M010972
M010973
M010973
M010973
M010974
M010974
M010974
M010975
M010975
M010975
M010977
M010977
M010977
M010980
M010980
M010980
M010982
M010982
M010982
M010983
M010983
M010983
M010984
M010984
M010984
M010986
M010986
M010986
M010987
M010987
M010987
M010988
M010988
M010988
M010989
M010989
M010989
M010990
M010990
M010990
M010991
M010991
M010991
M010992
M010992
M010992
M010993
M010993
M010993
M010994
M010994
M010994
M010998
M010998
M010998
M010999
M010999
M010999
M011000
M011000
M011000
M011001
M011001
M011001
M011002
M011002
M011002
M011003
M011003
M011003
M011005
M011005
M011005
M011006
M011006
M011006
M011007
M011007
M011007
M011009
M011009
M011009
M011010
M011010
M011010
M011012
M011012
M011012
M011013
M011013
M011013
M011015
M011015
M011015
M011016
M011016
M011016
M011017
M011017
M011017
M011019
M011019
M011019
M011020
M011020
M011020
M011023
M011023
M011023
M011024
M011024
M011024
M011025
M011025
M011025
M011027
M011027
M011027
M011029
M011029
M011029
M011033
M011033
M011033
M011034
M011034
M011034
M011038
M011038
M011038
M011039
M011039
M011039
M011040
M011040
M011041
M011041
M011041
M011042
M011042
M011042
M011043
M011043
M011043
M011044
M011044
M011044
M011045
M011045
M011045
M011047
M011047
M011047
M011048
M011048
M011048
M011049
M011049
M011049
M011050
M011050
M011050
M011051
M011051
M011051
M011052
M011052
M011052
M011053
M011053
M011053
M011054
M011054
M011054
M011056
M011056
M011056
M011057
M011057
M011057
M011060
M011060
M011060
M011061
M011061
M011061
M011062
M011062
M011062
M011063
M011063
M011063
M011064
M011064
M011064
M011065
M011065
M011065
M011066
M011066
M011066
M011067
M011067
M011067
M011068
M011068
M011068
M011069
M011069
M011069
M011070
M011070
M011070
M011071
M011071
M011071
M011072
M011072
M011072
M011076
M011076
M011076
M011077
M011077
M011077
M011078
M011078
M011078
M011079
M011079
M011079
M011080
M011080
M011080
M011081
M011081
M011081
M011082
M011082
M011082
M011083
M011083
M011083
M011085
M011085
M011085
M011086
M011086
M011086
M011087
M011087
M011087
M011088
M011088
M011088
M011090
M011090
M011090
M011092
M011092
M011092
M011093
M011093
M011093
M011094
M011094
M011094
M011096
M011096
M011096
M011097
M011097
M011097
M011098
M011098
M011098
M011099
M011099
M011099
M011100
M011100
M011100
M011102
M011102
M011102
M011103
M011103
M011103
M011104
M011104
M011104
M011105
M011105
M011105
M011106
M011106
M011106
M011107
M011107
M011107
M011108
M011108
M011108
M011109
M011109
M011109
M011110
M011110
M011110
M011111
M011111
M011111
M011112
M011112
M011112
M011113
M011113
M011113
M011114
M011114
M011114
M011115
M011115
M011115
M011116
M011116
M011116
M011117
M011117
M011117
M011120
M011120
M011120
M011121
M011121
M011121
M011122
M011122
M011122
M011123
M011123
M011123
M011124
M011124
M011124
M011125
M011125
M011125
M011129
M011129
M011129
M011130
M011130
M011130
M011131
M011131
M011131
M011134
M011134
M011134
M011135
M011135
M011135
M011137
M011137
M011137
M011138
M011138
M011138
M011139
M011139
M011139
M011141
M011141
M011141
M011142
M011142
M011142
M011143
M011143
M011143
M011145
M011145
M011145
M011147
M011147
M011147
M011148
M011148
M011148
M011149
M011149
M011149
M011150
M011150
M011150
M011151
M011151
M011151
M011152
M011152
M011152
M011153
M011153
M011153
M011154
M011154
M011154
M011155
M011155
M011155
M011156
M011156
M011156
M011157
M011157
M011157
M011159
M011159
M011159
M011160
M011160
M011160
M011161
M011161
M011161
M011163
M011163
M011163
M011164
M011164
M011164
M011165
M011165
M011165
M011166
M011166
M011166
M011168
M011168
M011168
M011169
M011169
M011169
M011170
M011170
M011170
M011172
M011172
M011172
M011173
M011173
M011173
M011174
M011174
M011174
M011175
M011175
M011175
M011176
M011176
M011176
M011177
M011177
M011177
M011178
M011178
M011178
M011179
M011179
M011179
M011180
M011180
M011180
M011183
M011183
M011183
M011186
M011186
M011186
M011187
M011187
M011187
M011188
M011188
M011188
M011190
M011190
M011190
M011191
M011191
M011191
M011193
M011193
M011193
M011194
M011194
M011194
M011195
M011195
M011195
M011196
M011196
M011196
M011197
M011197
M011197
M011198
M011198
M011198
M011200
M011200
M011200
M011202
M011202
M011202
M011203
M011203
M011203
M011204
M011204
M011204
M011205
M011205
M011205
M011206
M011206
M011208
M011208
M011208
M011209
M011209
M011209
M011212
M011212
M011212
M011214
M011214
M011214
M011217
M011217
M011217
M011218
M011218
M011218
M011219
M011219
M011219
M011221
M011221
M011221
M011225
M011225
M011225
M011227
M011227
M011227
M011228
M011228
M011228
M011229
M011229
M011229
M011230
M011230
M011230
M011231
M011231
M011231
M011232
M011232
M011232
M011233
M011233
M011233
M011235
M011235
M011235
M011236
M011236
M011236
M011237
M011237
M011237
M011238
M011238
M011238
M011240
M011240
M011240
M011241
M011241
M011241
M011243
M011243
M011243
M011244
M011244
M011244
M011245
M011245
M011245
M011246
M011246
M011246
M011247
M011247
M011247
M011248
M011248
M011248
M011250
M011250
M011250
M011251
M011251
M011251
M011253
M011253
M011253
M011254
M011254
M011254
M011256
M011256
M011256
M011259
M011259
M011259
M011260
M011260
M011260
M011262
M011262
M011262
M011263
M011263
M011263
M011264
M011264
M011264
M011265
M011265
M011265
M011266
M011266
M011266
M011267
M011267
M011267
M011268
M011268
M011268
M011269
M011269
M011269
M011272
M011272
M011272
M011273
M011273
M011273
M011274
M011274
M011274
M011275
M011275
M011275
M011276
M011276
M011276
M011277
M011277
M011277
M011278
M011278
M011278
M011279
M011279
M011279
M011281
M011281
M011281
M011282
M011282
M011282
M011283
M011283
M011283
M011285
M011285
M011285
M011286
M011286
M011286
M011287
M011287
M011287
M011288
M011288
M011288
M011290
M011290
M011290
M011291
M011291
M011291
M011292
M011292
M011292
M011293
M011293
M011293
M011294
M011294
M011294
M011298
M011298
M011298
M011299
M011299
M011299
M011300
M011300
M011300
M011302
M011302
M011302
M011304
M011304
M011304
M011305
M011305
M011305
M011306
M011306
M011306
M011309
M011309
M011309
M011311
M011311
M011311
M011312
M011312
M011312
M011313
M011313
M011313
M011314
M011314
M011314
M011315
M011315
M011315
M011316
M011316
M011316
M011318
M011318
M011318
M011319
M011319
M011319
M011320
M011320
M011320
M011321
M011321
M011321
M011322
M011322
M011322
M011324
M011324
M011324
M011325
M011325
M011325
M011326
M011326
M011326
M011327
M011327
M011327
M011328
M011328
M011328
M011329
M011329
M011329
M011330
M011330
M011330
M011331
M011331
M011331
M011333
M011333
M011333
M011335
M011335
M011335
M011336
M011336
M011336
M011337
M011337
M011337
M011338
M011338
M011338
M011341
M011341
M011341
M011344
M011344
M011344
M011346
M011346
M011346
M011347
M011347
M011347
M011348
M011348
M011348
M011349
M011349
M011349
M011350
M011350
M011350
M011353
M011353
M011353
M011354
M011354
M011354
M011355
M011355
M011355
M011357
M011357
M011357
M011360
M011360
M011360
M011361
M011361
M011361
M011362
M011362
M011362
M011364
M011364
M011364
M011366
M011366
M011366
M011367
M011367
M011367
M011369
M011369
M011369
M011370
M011370
M011371
M011371
M011371
M011373
M011373
M011373
M011376
M011376
M011376
M011377
M011377
M011377
M011380
M011380
M011380
M011381
M011381
M011381
M011383
M011383
M011383
M011386
M011386
M011386
M011388
M011388
M011388
M011389
M011389
M011389
M011391
M011391
M011391
M011392
M011392
M011392
M011393
M011393
M011393
M011394
M011394
M011394
M011395
M011395
M011395
M011399
M011399
M011399
M011400
M011400
M011400
M011403
M011403
M011403
M011404
M011404
M011404
M011405
M011405
M011405
M011407
M011407
M011407
M011408
M011408
M011408
M011409
M011409
M011409
M011410
M011410
M011410
M011411
M011411
M011411
M011413
M011413
M011413
M011414
M011414
M011414
M011415
M011415
M011415
M011416
M011416
M011416
M011417
M011417
M011417
M011418
M011418
M011418
M011421
M011421
M011421
M011422
M011422
M011422
M011423
M011423
M011423
M011424
M011424
M011424
M011425
M011425
M011425
M011426
M011426
M011426
M011427
M011427
M011427
M011428
M011428
M011428
M011429
M011429
M011429
M011432
M011432
M011432
M011433
M011433
M011433
M011434
M011434
M011437
M011437
M011437
M011439
M011439
M011439
M011440
M011440
M011440
M011443
M011443
M011443
M011444
M011444
M011444
M011446
M011446
M011446
M011448
M011448
M011448
M011449
M011449
M011449
M011450
M011450
M011450
M011451
M011451
M011451
M011452
M011452
M011452
M011453
M011453
M011453
M011454
M011454
M011454
M011455
M011455
M011455
M011456
M011456
M011456
M011457
M011457
M011457
M011459
M011459
M011459
M011460
M011460
M011460
M011461
M011461
M011461
M011462
M011462
M011462
M011464
M011464
M011464
M011466
M011466
M011466
M011467
M011467
M011467
M011468
M011468
M011468
M011470
M011470
M011470
M011472
M011472
M011472
M011473
M011473
M011473
M011474
M011474
M011474
M011475
M011475
M011475
M011476
M011476
M011476
M011478
M011478
M011478
M011479
M011479
M011479
M011480
M011480
M011480
M011481
M011481
M011481
M011482
M011482
M011482
M011483
M011483
M011483
M011485
M011485
M011485
M011486
M011486
M011486
M011487
M011487
M011487
M011488
M011488
M011488
M011489
M011489
M011489
M011490
M011490
M011490
M011492
M011492
M011492
M011494
M011494
M011494
M011495
M011495
M011495
M011497
M011497
M011497
M011498
M011498
M011498
M011499
M011499
M011499
M011500
M011500
M011500
M011501
M011501
M011501
M011502
M011502
M011502
M011503
M011503
M011503
M011505
M011505
M011505
M011506
M011506
M011506
M011507
M011507
M011507
M011508
M011508
M011508
M011509
M011509
M011509
M011510
M011510
M011510
M011513
M011513
M011513
M011514
M011514
M011514
M011515
M011515
M011515
M011516
M011516
M011516
M011518
M011518
M011518
M011519
M011519
M011519
M011520
M011520
M011520
M011521
M011521
M011521
M011522
M011522
M011522
M011523
M011523
M011523
M011524
M011524
M011524
M011525
M011525
M011525
M011527
M011527
M011527
M011528
M011528
M011528
M011529
M011529
M011529
M011530
M011530
M011530
M011531
M011531
M011531
M011533
M011533
M011533
M011535
M011535
M011535
M011537
M011537
M011537
M011538
M011538
M011538
M011539
M011539
M011539
M011540
M011540
M011540
M011541
M011541
M011541
M011542
M011542
M011542
M011544
M011544
M011544
M011546
M011546
M011546
M011548
M011548
M011548
M011549
M011549
M011549
M011551
M011551
M011551
M011552
M011552
M011552
M011553
M011553
M011553
M011554
M011554
M011554
M011556
M011556
M011556
M011557
M011557
M011557
M011559
M011559
M011559
M011560
M011560
M011560
M011562
M011562
M011562
M011563
M011563
M011563
M011564
M011564
M011564
M011565
M011565
M011565
M011570
M011570
M011570
M011571
M011571
M011571
M011572
M011572
M011572
M011574
M011574
M011574
M011575
M011575
M011575
M011578
M011578
M011578
M011580
M011580
M011580
M011581
M011581
M011581
M011582
M011582
M011582
M011584
M011584
M011584
M011585
M011585
M011585
M011586
M011586
M011586
M011587
M011587
M011587
M011588
M011588
M011588
M011591
M011591
M011591
M011593
M011593
M011593
M011596
M011596
M011596
M011597
M011597
M011597
M011598
M011598
M011598
M011599
M011599
M011599
M011600
M011600
M011600
M011601
M011601
M011601
M011602
M011602
M011602
M011603
M011603
M011603
M011604
M011604
M011604
M011605
M011605
M011605
M011606
M011606
M011606
M011610
M011610
M011610
M011612
M011612
M011612
M011613
M011613
M011613
M011614
M011614
M011614
M011616
M011616
M011616
M011617
M011617
M011617
M011618
M011618
M011618
M011619
M011619
M011619
M011620
M011620
M011620
M011621
M011621
M011621
M011623
M011623
M011623
M011624
M011624
M011624
M011625
M011625
M011625
M011626
M011626
M011626
M011627
M011627
M011627
M011628
M011628
M011628
M011631
M011631
M011631
M011633
M011633
M011633
M011634
M011634
M011634
M011635
M011635
M011635
M011637
M011637
M011637
M011638
M011638
M011638
M011639
M011639
M011639
M011642
M011642
M011642
M011644
M011644
M011644
M011647
M011647
M011647
M011648
M011648
M011648
M011649
M011649
M011649
M011650
M011650
M011650
M011651
M011651
M011651
M011654
M011654
M011654
M011655
M011655
M011655
M011656
M011656
M011656
M011657
M011657
M011657
M011658
M011658
M011658
M011659
M011659
M011659
M011660
M011660
M011660
M011661
M011661
M011661
M011662
M011662
M011662
M011663
M011663
M011663
M011664
M011664
M011664
M011665
M011665
M011665
M011666
M011666
M011666
M011669
M011669
M011669
M011671
M011671
M011671
M011672
M011672
M011672
M011674
M011674
M011674
M011675
M011675
M011675
M011676
M011676
M011676
M011678
M011678
M011678
M011679
M011679
M011679
M011680
M011680
M011680
M011681
M011681
M011681
M011685
M011685
M011685
M011686
M011686
M011686
M011689
M011689
M011689
M011691
M011691
M011691
M011692
M011692
M011692
M011693
M011693
M011693
M011695
M011695
M011695
M011696
M011696
M011696
M011697
M011697
M011697
M011699
M011699
M011699
M011700
M011700
M011702
M011702
M011702
M011704
M011704
M011704
M011705
M011705
M011705
M011706
M011706
M011706
M011707
M011707
M011707
M011708
M011708
M011708
M011709
M011709
M011709
M011710
M011710
M011710
M011711
M011711
M011711
M011713
M011713
M011713
M011714
M011714
M011714
M011715
M011715
M011715
M011718
M011718
M011718
M011719
M011719
M011719
M011720
M011720
M011720
M011721
M011721
M011721
M011722
M011722
M011722
M011723
M011723
M011723
M011724
M011724
M011724
M011725
M011725
M011725
M011726
M011726
M011726
M011727
M011727
M011727
M011728
M011728
M011728
M011729
M011729
M011729
M011730
M011730
M011730
M011733
M011733
M011733
M011734
M011734
M011734
M011735
M011735
M011735
M011736
M011736
M011736
M011737
M011737
M011737
M011739
M011739
M011739
M011741
M011741
M011741
M011742
M011742
M011742
M011744
M011744
M011744
M011745
M011745
M011745
M011747
M011747
M011747
M011748
M011748
M011748
M011749
M011749
M011749
M011750
M011750
M011750
M011752
M011752
M011752
M011756
M011756
M011756
M011758
M011758
M011758
M011759
M011759
M011759
M011760
M011760
M011760
M011761
M011761
M011761
M011762
M011762
M011762
M011763
M011763
M011763
M011765
M011765
M011765
M011766
M011766
M011766
M011769
M011769
M011769
M011770
M011770
M011770
M011771
M011771
M011771
M011772
M011772
M011772
M011773
M011773
M011773
M011774
M011774
M011774
M011775
M011775
M011775
M011776
M011776
M011776
M011778
M011778
M011778
M011779
M011779
M011779
M011780
M011780
M011780
M011781
M011781
M011781
M011783
M011783
M011783
M011784
M011784
M011784
M011786
M011786
M011786
M011787
M011787
M011787
M011788
M011788
M011788
M011790
M011790
M011790
M011791
M011791
M011791
M011792
M011792
M011792
M011794
M011794
M011794
M011799
M011799
M011799
M011800
M011800
M011800
M011801
M011801
M011801
M011803
M011803
M011803
M011804
M011804
M011804
M011807
M011807
M011807
M011808
M011808
M011808
M011814
M011814
M011814
M011815
M011815
M011815
M011816
M011816
M011816
M011817
M011817
M011819
M011819
M011819
M011820
M011820
M011820
M011822
M011822
M011822
M011824
M011824
M011824
M011826
M011826
M011826
M011828
M011828
M011828
M011829
M011829
M011829
M011830
M011830
M011830
M011831
M011831
M011831
M011832
M011832
M011832
M011835
M011835
M011836
M011836
M011836
M011837
M011837
M011837
M011838
M011838
M011838
M011839
M011839
M011839
M011840
M011840
M011840
M011842
M011842
M011842
M011844
M011844
M011844
M011845
M011845
M011845
M011846
M011846
M011846
M011847
M011847
M011847
M011848
M011848
M011848
M011849
M011849
M011849
M011850
M011850
M011850
M011851
M011851
M011851
M011852
M011852
M011852
M011853
M011853
M011853
M011855
M011855
M011855
M011856
M011856
M011856
M011857
M011857
M011857
M011858
M011858
M011858
M011860
M011860
M011860
M011862
M011862
M011862
M011865
M011865
M011865
M011866
M011866
M011866
M011867
M011867
M011867
M011868
M011868
M011868
M011869
M011869
M011869
M011870
M011870
M011870
M011871
M011871
M011871
M011872
M011872
M011872
M011874
M011874
M011874
M011875
M011875
M011875
M011876
M011876
M011876
M011877
M011877
M011877
M011878
M011878
M011878
M011879
M011879
M011879
M011880
M011880
M011880
M011881
M011881
M011881
M011882
M011882
M011882
M011883
M011883
M011883
M011884
M011884
M011884
M011885
M011885
M011885
M011886
M011886
M011886
M011887
M011887
M011887
M011888
M011888
M011888
M011889
M011889
M011889
M011891
M011891
M011891
M011893
M011893
M011893
M011896
M011896
M011896
M011898
M011898
M011898
M011899
M011899
M011899
M011900
M011900
M011900
M011901
M011901
M011901
M011902
M011902
M011902
M011903
M011903
M011903
M011908
M011908
M011908
M011909
M011909
M011909
M011912
M011912
M011912
M011913
M011913
M011913
M011914
M011914
M011914
M011915
M011915
M011915
M011916
M011916
M011916
M011917
M011917
M011917
M011919
M011919
M011919
M011920
M011920
M011920
M011921
M011921
M011921
M011922
M011922
M011922
M011923
M011923
M011923
M011924
M011924
M011924
M011925
M011925
M011925
M011927
M011927
M011927
M011928
M011928
M011928
M011929
M011929
M011929
M011930
M011930
M011930
M011931
M011931
M011931
M011932
M011932
M011932
M011933
M011933
M011933
M011936
M011936
M011938
M011938
M011938
M011939
M011939
M011939
M011941
M011941
M011941
M011942
M011942
M011942
M011943
M011943
M011943
M011944
M011944
M011944
M011945
M011945
M011945
M011946
M011946
M011946
M011947
M011947
M011947
M011948
M011948
M011948
M011949
M011949
M011949
M011950
M011950
M011950
M011951
M011951
M011951
M011952
M011952
M011952
M011953
M011953
M011953
M011954
M011954
M011954
M011955
M011955
M011955
M011957
M011957
M011957
M011959
M011959
M011959
M011960
M011960
M011960
M011961
M011961
M011961
M011963
M011963
M011963
M011964
M011964
M011964
M011966
M011966
M011966
M011967
M011967
M011967
M011968
M011968
M011968
M011970
M011970
M011970
M011971
M011971
M011971
M011973
M011973
M011973
M011974
M011974
M011974
M011975
M011975
M011975
M011976
M011976
M011976
M011977
M011977
M011979
M011979
M011979
M011980
M011980
M011980
M011982
M011982
M011982
M011983
M011983
M011983
M011984
M011984
M011984
M011986
M011986
M011986
M011987
M011987
M011987
M011989
M011989
M011989
M011990
M011990
M011990
M011992
M011992
M011992
M011995
M011995
M011995
M011998
M011998
M011998
M012000
M012000
M012000
M012002
M012002
M012002
M012003
M012003
M012003
M012004
M012004
M012004
M012006
M012006
M012006
M012007
M012007
M012007
M012008
M012008
M012008
M012009
M012009
M012009
M012010
M012010
M012010
M012011
M012011
M012011
M012012
M012012
M012012
M012013
M012013
M012013
M012014
M012014
M012014
M012015
M012015
M012015
M012016
M012016
M012016
M012017
M012017
M012017
M012018
M012018
M012018
M012019
M012019
M012019
M012022
M012022
M012022
M012024
M012024
M012024
M012026
M012026
M012026
M012027
M012027
M012027
M012028
M012028
M012028
M012029
M012029
M012029
M012030
M012030
M012030
M012031
M012031
M012031
M012034
M012034
M012034
M012035
M012035
M012035
M012036
M012036
M012036
M012037
M012037
M012037
M012038
M012038
M012038
M012039
M012039
M012039
M012040
M012040
M012040
M012042
M012042
M012042
M012043
M012043
M012043
M012045
M012045
M012045
M012047
M012047
M012047
M012048
M012048
M012048
M012050
M012050
M012050
M012052
M012052
M012052
M012054
M012054
M012054
M012055
M012055
M012055
M012056
M012056
M012056
M012057
M012057
M012057
M012058
M012058
M012058
M012061
M012061
M012061
M012062
M012062
M012062
M012063
M012063
M012063
M012064
M012064
M012064
M012066
M012067
M012067
M012067
M012068
M012068
M012068
M012070
M012070
M012070
M012072
M012072
M012072
M012073
M012073
M012073
M012074
M012074
M012074
M012076
M012076
M012076
M012077
M012077
M012077
M012078
M012078
M012078
M012079
M012079
M012079
M012080
M012080
M012080
M012081
M012081
M012081
M012082
M012082
M012082
M012083
M012083
M012083
M012085
M012085
M012085
M012086
M012086
M012086
M012088
M012088
M012088
M012090
M012090
M012090
M012091
M012091
M012091
M012092
M012092
M012092
M012093
M012093
M012093
M012095
M012095
M012095
M012096
M012096
M012096
M012097
M012097
M012097
M012101
M012101
M012101
M012102
M012102
M012102
M012104
M012104
M012104
M012105
M012105
M012105
M012106
M012106
M012106
M012107
M012107
M012107
M012108
M012108
M012108
M012109
M012109
M012109
M012110
M012110
M012110
M012111
M012111
M012111
M012112
M012112
M012112
M012113
M012113
M012113
M012114
M012114
M012114
M012115
M012115
M012115
M012116
M012116
M012116
M012119
M012119
M012119
M012120
M012120
M012120
M012121
M012121
M012121
M012122
M012122
M012122
M012123
M012123
M012123
M012124
M012124
M012124
M012125
M012125
M012125
M012126
M012126
M012126
M012128
M012128
M012128
M012129
M012129
M012129
M012130
M012130
M012130
M012131
M012131
M012131
M012133
M012133
M012133
M012134
M012134
M012134
M012137
M012137
M012137
M012138
M012138
M012138
M012139
M012139
M012139
M012140
M012140
M012140
M012141
M012141
M012141
M012142
M012142
M012142
M012144
M012144
M012144
M012146
M012146
M012146
M012147
M012147
M012147
M012148
M012148
M012148
M012150
M012150
M012150
M012151
M012151
M012151
M012152
M012152
M012152
M012154
M012154
M012154
M012155
M012155
M012155
M012156
M012156
M012156
M012157
M012157
M012157
M012159
M012159
M012159
M012161
M012161
M012161
M012162
M012162
M012162
M012164
M012164
M012164
M012166
M012166
M012166
M012169
M012169
M012169
M012170
M012170
M012172
M012172
M012172
M012173
M012173
M012173
M012174
M012174
M012174
M012175
M012175
M012175
M012176
M012176
M012176
M012177
M012177
M012177
M012178
M012178
M012178
M012180
M012180
M012180
M012181
M012181
M012181
M012182
M012182
M012182
M012184
M012184
M012184
M012185
M012185
M012185
M012191
M012191
M012191
M012192
M012192
M012192
M012194
M012194
M012194
M012196
M012196
M012196
M012197
M012197
M012197
M012198
M012198
M012198
M012199
M012199
M012199
M012201
M012201
M012201
M012202
M012202
M012202
M012203
M012203
M012203
M012204
M012204
M012204
M012206
M012206
M012206
M012207
M012207
M012207
M012208
M012208
M012208
M012209
M012209
M012209
M012210
M012210
M012210
M012212
M012212
M012212
M012213
M012213
M012213
M012214
M012214
M012214
M012216
M012216
M012216
M012217
M012217
M012217
M012218
M012218
M012218
M012221
M012221
M012221
M012223
M012223
M012223
M012226
M012226
M012227
M012227
M012227
M012228
M012228
M012228
M012229
M012229
M012229
M012231
M012231
M012231
M012232
M012232
M012232
M012233
M012233
M012233
M012234
M012234
M012234
M012236
M012236
M012236
M012237
M012237
M012237
M012239
M012239
M012239
M012241
M012241
M012241
M012242
M012242
M012242
M012243
M012243
M012243
M012246
M012246
M012246
M012247
M012247
M012247
M012248
M012248
M012248
M012249
M012249
M012249
M012251
M012251
M012251
M012252
M012252
M012252
M012253
M012253
M012253
M012254
M012254
M012254
M012255
M012255
M012255
M012256
M012256
M012256
M012257
M012257
M012257
M012258
M012258
M012258
M012259
M012259
M012259
M012260
M012260
M012260
M012261
M012261
M012261
M012262
M012262
M012262
M012266
M012266
M012266
M012271
M012271
M012271
M012272
M012272
M012272
M012273
M012273
M012273
M012274
M012274
M012274
M012275
M012275
M012275
M012276
M012276
M012276
M012279
M012279
M012279
M012283
M012283
M012283
M012284
M012284
M012284
M012285
M012285
M012285
M012286
M012286
M012286
M012287
M012287
M012287
M012288
M012288
M012288
M012289
M012289
M012289
M012291
M012291
M012291
M012292
M012292
M012292
M012293
M012293
M012293
M012294
M012294
M012294
M012297
M012297
M012297
M012298
M012298
M012298
M012301
M012301
M012301
M012303
M012303
M012303
M012304
M012304
M012304
M012305
M012305
M012305
M012307
M012307
M012307
M012311
M012311
M012311
M012312
M012312
M012312
M012313
M012313
M012313
M012314
M012314
M012314
M012315
M012315
M012315
M012316
M012316
M012316
M012317
M012317
M012317
M012318
M012318
M012322
M012322
M012322
M012323
M012323
M012323
M012325
M012325
M012325
M012327
M012327
M012327
M012329
M012329
M012329
M012331
M012331
M012331
M012333
M012333
M012333
M012334
M012334
M012334
M012335
M012335
M012335
M012336
M012336
M012336
M012338
M012338
M012338
M012341
M012341
M012341
M012344
M012344
M012344
M012345
M012345
M012345
M012346
M012346
M012346
M012348
M012348
M012348
M012349
M012349
M012349
M012350
M012350
M012350
M012351
M012351
M012351
M012352
M012352
M012352
M012353
M012353
M012353
M012354
M012354
M012354
M012357
M012357
M012357
M012358
M012358
M012358
M012359
M012359
M012359
M012360
M012360
M012360
M012363
M012363
M012363
M012366
M012366
M012366
M012367
M012367
M012367
M012368
M012368
M012368
M012369
M012369
M012369
M012370
M012370
M012370
M012372
M012372
M012372
M012373
M012373
M012373
M012374
M012374
M012374
M012375
M012375
M012375
M012377
M012377
M012377
M012379
M012379
M012379
M012380
M012380
M012380
M012381
M012381
M012381
M012382
M012382
M012382
M012383
M012383
M012383
M012386
M012386
M012386
M012389
M012389
M012389
M012390
M012390
M012390
M012391
M012391
M012391
M012392
M012392
M012392
M012394
M012394
M012394
M012395
M012395
M012395
M012396
M012396
M012396
M012401
M012401
M012401
M012402
M012402
M012402
M012403
M012403
M012403
M012404
M012404
M012404
M012405
M012405
M012405
M012406
M012406
M012406
M012407
M012407
M012407
M012408
M012408
M012408
M012409
M012409
M012409
M012411
M012411
M012411
M012412
M012412
M012412
M012413
M012413
M012413
M012415
M012415
M012415
M012416
M012416
M012416
M012417
M012417
M012417
M012418
M012418
M012418
M012419
M012419
M012419
M012421
M012421
M012421
M012422
M012422
M012422
M012424
M012424
M012424
M012425
M012425
M012425
M012426
M012426
M012426
M012427
M012427
M012427
M012428
M012428
M012428
M012430
M012430
M012430
M012431
M012431
M012431
M012432
M012432
M012432
M012433
M012433
M012433
M012435
M012435
M012435
M012436
M012436
M012438
M012438
M012438
M012439
M012439
M012439
M012440
M012440
M012440
M012442
M012442
M012442
M012443
M012443
M012443
M012444
M012444
M012446
M012446
M012446
M012448
M012448
M012448
M012449
M012449
M012449
M012450
M012450
M012450
M012451
M012451
M012451
M012452
M012452
M012452
M012453
M012453
M012453
M012455
M012455
M012455
M012456
M012456
M012456
M012457
M012457
M012457
M012458
M012458
M012458
M012460
M012460
M012460
M012461
M012461
M012461
M012462
M012462
M012462
M012463
M012463
M012463
M012466
M012466
M012466
M012467
M012467
M012467
M012468
M012468
M012468
M012469
M012469
M012469
M012470
M012470
M012470
M012472
M012472
M012472
M012473
M012473
M012473
M012475
M012475
M012475
M012476
M012476
M012476
M012480
M012480
M012480
M012481
M012481
M012481
M012482
M012482
M012482
M012483
M012483
M012483
M012485
M012485
M012485
M012486
M012486
M012486
M012487
M012487
M012487
M012489
M012489
M012489
M012493
M012493
M012493
M012494
M012494
M012494
M012496
M012496
M012496
M012497
M012497
M012497
M012499
M012499
M012499
M012500
M012500
M012500
M012501
M012501
M012501
M012502
M012502
M012502
M012503
M012503
M012503
M012504
M012504
M012504
M012505
M012505
M012505
M012507
M012507
M012507
M012509
M012509
M012509
M012510
M012510
M012510
M012511
M012511
M012511
M012512
M012512
M012512
M012513
M012513
M012513
M012514
M012514
M012514
M012516
M012516
M012516
M012517
M012517
M012517
M012519
M012519
M012519
M012520
M012520
M012520
M012522
M012522
M012522
M012525
M012525
M012525
M012526
M012526
M012526
M012528
M012528
M012528
M012531
M012531
M012531
M012532
M012532
M012532
M012533
M012533
M012533
M012535
M012535
M012535
M012536
M012536
M012536
M012537
M012537
M012537
M012538
M012538
M012538
M012539
M012539
M012539
M012540
M012540
M012540
M012542
M012542
M012542
M012544
M012544
M012544
M012545
M012545
M012545
M012546
M012546
M012546
M012547
M012547
M012547
M012548
M012548
M012548
M012549
M012549
M012549
M012550
M012550
M012550
M012551
M012551
M012552
M012552
M012552
M012553
M012553
M012553
M012556
M012556
M012556
M012557
M012557
M012557
M012560
M012560
M012560
M012562
M012562
M012562
M012563
M012563
M012563
M012564
M012564
M012564
M012565
M012565
M012565
M012566
M012566
M012566
M012569
M012569
M012569
M012570
M012570
M012570
M012571
M012571
M012571
M012572
M012572
M012572
M012573
M012573
M012573
M012574
M012574
M012574
M012576
M012576
M012576
M012580
M012580
M012580
M012582
M012582
M012582
M012583
M012583
M012583
M012585
M012585
M012585
M012586
M012586
M012586
M012588
M012588
M012588
M012589
M012589
M012589
M012590
M012590
M012590
M012591
M012591
M012591
M012592
M012592
M012592
M012593
M012593
M012593
M012594
M012594
M012594
M012596
M012596
M012596
M012597
M012597
M012597
M012598
M012598
M012598
M012599
M012599
M012599
M012600
M012600
M012600
M012603
M012603
M012603
M012604
M012604
M012604
M012605
M012605
M012605
M012606
M012606
M012606
M012607
M012607
M012607
M012608
M012608
M012608
M012609
M012609
M012609
M012610
M012610
M012610
M012612
M012612
M012612
M012613
M012613
M012613
M012614
M012614
M012614
M012617
M012617
M012617
M012618
M012618
M012618
M012619
M012619
M012619
M012620
M012620
M012620
M012621
M012621
M012621
M012623
M012623
M012623
M012624
M012624
M012624
M012626
M012626
M012626
M012627
M012627
M012627
M012628
M012628
M012628
M012629
M012629
M012629
M012631
M012631
M012631
M012634
M012634
M012634
M012635
M012635
M012635
M012636
M012636
M012636
M012637
M012637
M012637
M012638
M012638
M012638
M012641
M012641
M012641
M012642
M012642
M012642
M012643
M012643
M012643
M012646
M012646
M012646
M012647
M012647
M012647
M012649
M012649
M012649
M012650
M012650
M012650
M012651
M012651
M012651
M012652
M012652
M012652
M012653
M012653
M012653
M012654
M012654
M012654
M012656
M012656
M012656
M012658
M012658
M012658
M012659
M012659
M012659
M012660
M012660
M012660
M012661
M012661
M012661
M012662
M012662
M012662
M012663
M012663
M012663
M012666
M012666
M012666
M012667
M012667
M012667
M012669
M012669
M012669
M012671
M012671
M012671
M012672
M012672
M012672
M012676
M012676
M012676
M012677
M012677
M012677
M012680
M012680
M012680
M012681
M012681
M012681
M012682
M012682
M012682
M012683
M012683
M012683
M012684
M012684
M012684
M012685
M012685
M012685
M012687
M012687
M012687
M012688
M012688
M012688
M012690
M012690
M012690
M012692
M012692
M012692
M012693
M012693
M012693
M012694
M012694
M012694
M012695
M012695
M012695
M012699
M012699
M012699
M012700
M012700
M012700
M012701
M012701
M012701
M012702
M012702
M012702
M012703
M012703
M012703
M012704
M012704
M012704
M012705
M012705
M012705
M012708
M012708
M012708
M012709
M012709
M012709
M012710
M012710
M012710
M012711
M012711
M012711
M012714
M012714
M012714
M012715
M012715
M012715
M012719
M012719
M012719
M012721
M012721
M012721
M012722
M012722
M012722
M012723
M012723
M012723
M012724
M012724
M012724
M012725
M012725
M012725
M012726
M012726
M012726
M012727
M012727
M012727
M012728
M012728
M012728
M012729
M012729
M012729
M012730
M012730
M012730
M012731
M012731
M012731
M012734
M012734
M012734
M012736
M012736
M012736
M012737
M012737
M012737
M012738
M012738
M012738
M012739
M012739
M012739
M012740
M012740
M012740
M012742
M012742
M012742
M012743
M012743
M012743
M012744
M012744
M012744
M012745
M012745
M012745
M012746
M012746
M012746
M012747
M012747
M012747
M012748
M012748
M012748
M012749
M012749
M012749
M012750
M012750
M012750
M012751
M012751
M012751
M012752
M012752
M012752
M012754
M012754
M012754
M012755
M012755
M012755
M012756
M012756
M012756
M012758
M012758
M012758
M012759
M012759
M012759
M012760
M012760
M012760
M012763
M012763
M012763
M012764
M012764
M012764
M012765
M012765
M012765
M012766
M012766
M012766
M012767
M012767
M012767
M012768
M012768
M012768
M012769
M012769
M012769
M012770
M012770
M012770
M012771
M012771
M012771
M012772
M012772
M012772
M012774
M012774
M012774
M012775
M012775
M012776
M012776
M012776
M012777
M012777
M012777
M012778
M012778
M012778
M012779
M012779
M012779
M012780
M012780
M012780
M012781
M012781
M012781
M012783
M012783
M012783
M012784
M012784
M012784
M012785
M012785
M012785
M012786
M012786
M012786
M012787
M012787
M012787
M012788
M012788
M012788
M012790
M012790
M012790
M012792
M012792
M012792
M012794
M012794
M012796
M012796
M012796
M012797
M012797
M012797
M012800
M012800
M012800
M012801
M012801
M012801
M012802
M012802
M012802
M012803
M012803
M012803
M012804
M012804
M012804
M012806
M012806
M012806
M012809
M012809
M012809
M012811
M012811
M012811
M012812
M012812
M012812
M012814
M012814
M012814
M012815
M012815
M012815
M012816
M012816
M012816
M012817
M012817
M012817
M012818
M012818
M012818
M012819
M012819
M012819
M012820
M012820
M012820
M012821
M012821
M012821
M012822
M012822
M012822
M012823
M012823
M012823
M012824
M012824
M012824
M012825
M012825
M012825
M012826
M012826
M012826
M012827
M012827
M012827
M012831
M012831
M012831
M012832
M012832
M012832
M012834
M012834
M012834
M012835
M012835
M012835
M012839
M012839
M012839
M012840
M012840
M012840
M012841
M012841
M012841
M012842
M012842
M012842
M012843
M012843
M012843
M012846
M012846
M012846
M012847
M012847
M012847
M012848
M012848
M012848
M012849
M012849
M012849
M012850
M012850
M012850
M012851
M012851
M012851
M012852
M012852
M012852
M012853
M012853
M012853
M012854
M012854
M012854
M012855
M012855
M012855
M012858
M012858
M012858
M012859
M012859
M012859
M012860
M012860
M012860
M012862
M012862
M012862
M012863
M012863
M012863
M012864
M012864
M012864
M012865
M012865
M012865
M012866
M012866
M012866
M012867
M012867
M012867
M012868
M012868
M012868
M012869
M012869
M012869
M012871
M012871
M012871
M012872
M012872
M012872
M012873
M012873
M012873
M012874
M012874
M012874
M012875
M012875
M012875
M012876
M012876
M012876
M012878
M012878
M012878
M012879
M012879
M012879
M012880
M012880
M012880
M012881
M012881
M012881
M012884
M012884
M012884
M012885
M012885
M012885
M012886
M012886
M012886
M012888
M012888
M012888
M012889
M012889
M012889
M012890
M012890
M012890
M012893
M012893
M012893
M012894
M012894
M012894
M012895
M012895
M012895
M012896
M012896
M012896
M012897
M012897
M012897
M012898
M012898
M012898
M012900
M012900
M012900
M012902
M012902
M012902
M012904
M012904
M012904
M012906
M012906
M012906
M012907
M012907
M012907
M012908
M012908
M012908
M012909
M012909
M012909
M012910
M012910
M012910
M012911
M012911
M012911
M012912
M012912
M012912
M012914
M012914
M012914
M012915
M012915
M012915
M012916
M012916
M012916
M012917
M012917
M012917
M012918
M012918
M012918
M012919
M012919
M012919
M012920
M012920
M012920
M012921
M012921
M012921
M012922
M012922
M012922
M012923
M012923
M012923
M012924
M012924
M012924
M012926
M012926
M012926
M012928
M012928
M012928
M012929
M012929
M012929
M012931
M012931
M012931
M012932
M012932
M012932
M012933
M012933
M012933
M012934
M012934
M012934
M012936
M012936
M012936
M012937
M012937
M012937
M012938
M012938
M012938
M012943
M012943
M012943
M012944
M012944
M012944
M012945
M012945
M012945
M012947
M012947
M012947
M012948
M012948
M012948
M012952
M012952
M012952
M012953
M012953
M012953
M012954
M012954
M012954
M012955
M012955
M012955
M012957
M012957
M012957
M012958
M012958
M012958
M012959
M012959
M012959
M012960
M012960
M012960
M012961
M012961
M012961
M012963
M012963
M012963
M012964
M012964
M012964
M012965
M012965
M012965
M012966
M012966
M012966
M012967
M012967
M012967
M012970
M012970
M012970
M012971
M012971
M012971
M012972
M012972
M012972
M012973
M012973
M012973
M012974
M012974
M012974
M012975
M012975
M012975
M012976
M012976
M012976
M012977
M012977
M012977
M012978
M012978
M012978
M012979
M012979
M012979
M012980
M012980
M012980
M012982
M012982
M012982
M012983
M012983
M012983
M012984
M012984
M012984
M012986
M012986
M012986
M012987
M012987
M012987
M012988
M012988
M012988
M012989
M012989
M012989
M012990
M012990
M012990
M012991
M012991
M012991
M012994
M012994
M012994
M012995
M012995
M012995
M012996
M012996
M012996
M012997
M012997
M012997
M012999
M012999
M012999
M013001
M013001
M013001
M013002
M013002
M013002
M013005
M013005
M013005
M013008
M013008
M013008
M013009
M013009
M013009
M013011
M013011
M013011
M013012
M013012
M013012
M013014
M013014
M013014
M013016
M013016
M013016
M013017
M013017
M013017
M013018
M013018
M013018
M013019
M013019
M013019
M013020
M013020
M013020
M013021
M013021
M013021
M013024
M013024
M013024
M013026
M013026
M013026
M013027
M013027
M013027
M013028
M013028
M013028
M013029
M013029
M013029
M013030
M013030
M013030
M013032
M013032
M013032
M013033
M013033
M013033
M013034
M013034
M013034
M013035
M013035
M013035
M013036
M013036
M013036
M013037
M013037
M013037
M013039
M013039
M013039
M013040
M013040
M013040
M013043
M013043
M013043
M013044
M013044
M013044
M013045
M013045
M013045
M013047
M013047
M013047
M013048
M013048
M013048
M013049
M013049
M013049
M013051
M013051
M013051
M013052
M013052
M013052
M013053
M013053
M013053
M013054
M013054
M013054
M013055
M013055
M013055
M013058
M013058
M013058
M013059
M013059
M013059
M013061
M013061
M013061
M013062
M013062
M013062
M013063
M013063
M013063
M013064
M013064
M013064
M013065
M013065
M013065
M013066
M013066
M013066
M013069
M013069
M013069
M013070
M013070
M013070
M013072
M013072
M013072
M013073
M013073
M013073
M013077
M013077
M013077
M013078
M013078
M013078
M013079
M013079
M013079
M013080
M013080
M013080
M013081
M013081
M013081
M013083
M013083
M013083
M013084
M013084
M013084
M013085
M013085
M013085
M013086
M013086
M013086
M013089
M013089
M013089
M013090
M013090
M013090
M013091
M013091
M013091
M013092
M013092
M013092
M013094
M013094
M013094
M013095
M013095
M013095
M013097
M013097
M013097
M013098
M013098
M013098
M013099
M013099
M013099
M013100
M013100
M013100
M013102
M013102
M013102
M013103
M013103
M013103
M013104
M013104
M013104
M013105
M013105
M013105
M013106
M013106
M013106
M013107
M013107
M013107
M013108
M013108
M013108
M013109
M013109
M013109
M013110
M013110
M013110
M013111
M013111
M013111
M013113
M013113
M013113
M013114
M013114
M013114
M013115
M013115
M013115
M013117
M013117
M013117
M013118
M013118
M013118
M013119
M013119
M013119
M013121
M013121
M013121
M013123
M013123
M013123
M013124
M013124
M013124
M013126
M013126
M013126
M013127
M013127
M013127
M013128
M013128
M013128
M013129
M013129
M013129
M013134
M013134
M013134
M013135
M013135
M013135
M013137
M013137
M013137
M013138
M013138
M013138
M013139
M013139
M013139
M013140
M013140
M013141
M013141
M013141
M013142
M013142
M013142
M013144
M013144
M013144
M013145
M013145
M013145
M013146
M013146
M013146
M013147
M013147
M013147
M013148
M013148
M013148
M013149
M013149
M013149
M013150
M013150
M013150
M013151
M013151
M013151
M013152
M013152
M013152
M013153
M013153
M013153
M013155
M013155
M013155
M013156
M013156
M013156
M013158
M013158
M013158
M013159
M013159
M013159
M013161
M013161
M013161
M013162
M013162
M013162
M013163
M013163
M013163
M013165
M013165
M013165
M013167
M013167
M013167
M013168
M013168
M013168
M013169
M013169
M013169
M013170
M013170
M013170
M013172
M013172
M013172
M013173
M013173
M013173
M013176
M013176
M013176
M013177
M013177
M013177
M013178
M013178
M013178
M013179
M013179
M013179
M013181
M013181
M013181
M013183
M013183
M013183
M013184
M013184
M013184
M013185
M013185
M013185
M013186
M013186
M013186
M013187
M013187
M013187
M013188
M013188
M013188
M013191
M013191
M013191
M013192
M013192
M013192
M013193
M013193
M013193
M013194
M013194
M013194
M013195
M013195
M013195
M013196
M013196
M013196
M013197
M013197
M013197
M013198
M013198
M013198
M013200
M013200
M013200
M013201
M013201
M013201
M013203
M013203
M013203
M013204
M013204
M013204
M013205
M013205
M013205
M013206
M013206
M013206
M013209
M013209
M013209
M013210
M013210
M013210
M013211
M013211
M013211
M013213
M013213
M013213
M013214
M013214
M013214
M013215
M013215
M013215
M013216
M013216
M013216
M013217
M013217
M013217
M013218
M013218
M013218
M013219
M013219
M013219
M013220
M013220
M013220
M013223
M013223
M013223
M013225
M013225
M013225
M013227
M013227
M013227
M013228
M013228
M013228
M013230
M013230
M013230
M013231
M013231
M013231
M013232
M013232
M013232
M013233
M013233
M013233
M013234
M013234
M013234
M013235
M013235
M013235
M013236
M013236
M013236
M013237
M013237
M013237
M013238
M013238
M013238
M013239
M013239
M013239
M013240
M013240
M013240
M013241
M013241
M013241
M013242
M013242
M013242
M013243
M013243
M013243
M013245
M013245
M013245
M013246
M013246
M013246
M013247
M013247
M013247
M013248
M013248
M013248
M013250
M013250
M013250
M013251
M013251
M013251
M013252
M013252
M013252
M013254
M013254
M013254
M013256
M013256
M013256
M013257
M013257
M013257
M013259
M013259
M013259
M013261
M013261
M013261
M013263
M013263
M013263
M013265
M013265
M013265
M013266
M013266
M013266
M013267
M013267
M013267
M013268
M013268
M013268
M013269
M013269
M013269
M013270
M013270
M013270
M013271
M013271
M013271
M013272
M013272
M013272
M013273
M013273
M013273
M013274
M013274
M013274
M013275
M013275
M013275
M013277
M013277
M013277
M013279
M013279
M013279
M013280
M013280
M013280
M013281
M013281
M013281
M013282
M013282
M013282
M013283
M013283
M013283
M013284
M013284
M013284
M013285
M013285
M013285
M013288
M013288
M013288
M013290
M013290
M013290
M013291
M013291
M013291
M013293
M013293
M013293
M013296
M013296
M013296
M013297
M013297
M013297
M013298
M013298
M013298
M013299
M013299
M013299
M013300
M013300
M013300
M013301
M013301
M013301
M013302
M013302
M013302
M013303
M013303
M013303
M013304
M013304
M013304
M013307
M013307
M013307
M013308
M013308
M013308
M013309
M013309
M013309
M013311
M013311
M013311
M013312
M013312
M013312
M013313
M013313
M013313
M013319
M013319
M013319
M013321
M013321
M013321
M013322
M013322
M013322
M013323
M013323
M013323
M013324
M013324
M013324
M013325
M013325
M013325
M013326
M013326
M013326
M013327
M013327
M013327
M013328
M013328
M013328
M013329
M013329
M013329
M013330
M013330
M013330
M013331
M013331
M013331
M013332
M013332
M013332
M013333
M013333
M013333
M013334
M013334
M013334
M013335
M013335
M013335
M013337
M013337
M013337
M013338
M013338
M013338
M013340
M013340
M013340
M013341
M013341
M013341
M013342
M013342
M013342
M013345
M013345
M013345
M013346
M013346
M013346
M013347
M013347
M013347
M013348
M013348
M013348
M013349
M013349
M013349
M013351
M013351
M013351
M013353
M013353
M013353
M013354
M013354
M013354
M013355
M013355
M013355
M013356
M013356
M013356
M013357
M013357
M013357
M013360
M013360
M013360
M013361
M013361
M013361
M013362
M013362
M013362
M013364
M013364
M013364
M013365
M013365
M013365
M013367
M013367
M013367
M013368
M013368
M013368
M013369
M013369
M013369
M013372
M013372
M013372
M013374
M013374
M013374
M013375
M013375
M013375
M013376
M013376
M013376
M013377
M013377
M013377
M013378
M013378
M013378
M013379
M013379
M013379
M013381
M013381
M013381
M013383
M013383
M013383
M013384
M013384
M013384
M013385
M013385
M013385
M013386
M013386
M013386
M013387
M013387
M013387
M013390
M013390
M013390
M013391
M013391
M013391
M013392
M013392
M013392
M013393
M013393
M013393
M013394
M013394
M013394
M013395
M013395
M013395
M013398
M013398
M013398
M013399
M013399
M013399
M013400
M013400
M013400
M013401
M013401
M013401
M013402
M013402
M013402
M013405
M013405
M013405
M013406
M013406
M013406
M013407
M013407
M013407
M013408
M013408
M013408
M013410
M013410
M013410
M013412
M013412
M013412
M013413
M013413
M013413
M013414
M013414
M013414
M013416
M013416
M013416
M013418
M013418
M013418
M013421
M013421
M013421
M013422
M013422
M013422
M013424
M013424
M013424
M013425
M013425
M013425
M013427
M013427
M013427
M013428
M013428
M013428
M013429
M013429
M013429
M013430
M013430
M013430
M013432
M013432
M013432
M013433
M013433
M013433
M013434
M013434
M013434
M013436
M013436
M013436
M013438
M013438
M013438
M013439
M013439
M013439
M013441
M013441
M013441
M013442
M013442
M013442
M013443
M013443
M013443
M013445
M013445
M013445
M013446
M013446
M013446
M013447
M013447
M013447
M013448
M013448
M013448
M013450
M013450
M013450
M013452
M013452
M013452
M013453
M013453
M013453
M013455
M013455
M013455
M013456
M013456
M013456
M013457
M013457
M013457
M013458
M013458
M013458
M013459
M013459
M013459
M013460
M013460
M013460
M013461
M013461
M013461
M013462
M013462
M013462
M013463
M013463
M013463
M013464
M013464
M013464
M013465
M013465
M013465
M013470
M013470
M013470
M013472
M013472
M013472
M013473
M013473
M013473
M013477
M013477
M013477
M013478
M013478
M013478
M013479
M013479
M013479
M013480
M013480
M013480
M013481
M013481
M013481
M013482
M013482
M013482
M013483
M013483
M013483
M013484
M013484
M013484
M013486
M013486
M013486
M013487
M013487
M013487
M013488
M013488
M013488
M013489
M013489
M013489
M013490
M013490
M013490
M013491
M013491
M013491
M013492
M013492
M013492
M013493
M013493
M013493
M013494
M013494
M013494
M013495
M013495
M013495
M013496
M013496
M013496
M013497
M013497
M013497
M013498
M013498
M013498
M013499
M013499
M013499
M013500
M013500
M013500
M013501
M013501
M013501
M013502
M013502
M013502
M013503
M013503
M013503
M013505
M013505
M013505
M013506
M013506
M013506
M013507
M013507
M013507
M013508
M013508
M013508
M013509
M013509
M013509
M013510
M013510
M013510
M013513
M013513
M013513
M013515
M013515
M013515
M013516
M013516
M013516
M013517
M013517
M013517
M013518
M013518
M013518
M013520
M013520
M013520
M013521
M013521
M013521
M013522
M013522
M013522
M013523
M013523
M013523
M013524
M013524
M013524
M013525
M013525
M013525
M013526
M013526
M013526
M013528
M013528
M013528
M013530
M013530
M013530
M013531
M013531
M013531
M013532
M013532
M013532
M013534
M013534
M013534
M013535
M013535
M013535
M013536
M013536
M013536
M013537
M013537
M013537
M013538
M013538
M013538
M013539
M013539
M013539
M013540
M013540
M013540
M013541
M013541
M013541
M013542
M013542
M013542
M013544
M013544
M013544
M013545
M013545
M013545
M013547
M013547
M013547
M013548
M013548
M013548
M013550
M013550
M013550
M013551
M013551
M013551
M013552
M013552
M013552
M013553
M013553
M013553
M013554
M013554
M013554
M013555
M013555
M013555
M013556
M013556
M013556
M013557
M013557
M013557
M013559
M013559
M013560
M013560
M013560
M013563
M013563
M013563
M013564
M013564
M013564
M013565
M013565
M013565
M013566
M013566
M013566
M013569
M013569
M013569
M013570
M013570
M013570
M013571
M013571
M013571
M013572
M013572
M013572
M013575
M013575
M013575
M013576
M013576
M013576
M013578
M013578
M013578
M013580
M013580
M013580
M013581
M013581
M013581
M013582
M013582
M013582
M013583
M013583
M013583
M013584
M013584
M013584
M013588
M013588
M013588
M013589
M013589
M013589
M013590
M013590
M013590
M013591
M013591
M013591
M013594
M013594
M013594
M013595
M013595
M013595
M013596
M013596
M013596
M013598
M013598
M013598
M013599
M013599
M013599
M013600
M013600
M013600
M013603
M013603
M013603
M013604
M013604
M013604
M013606
M013606
M013606
M013607
M013607
M013607
M013609
M013609
M013609
M013611
M013611
M013611
M013612
M013612
M013612
M013613
M013613
M013613
M013614
M013614
M013614
M013615
M013615
M013615
M013616
M013616
M013616
M013617
M013617
M013617
M013618
M013618
M013618
M013620
M013620
M013621
M013621
M013621
M013622
M013622
M013623
M013623
M013623
M013624
M013624
M013624
M013625
M013625
M013625
M013626
M013626
M013626
M013627
M013627
M013627
M013628
M013628
M013628
M013629
M013629
M013629
M013630
M013630
M013630
M013631
M013631
M013631
M013635
M013635
M013635
M013637
M013637
M013637
M013639
M013639
M013639
M013640
M013640
M013640
M013644
M013644
M013644
M013649
M013649
M013649
M013650
M013650
M013650
M013651
M013651
M013651
M013653
M013653
M013653
M013656
M013656
M013656
M013657
M013657
M013657
M013658
M013658
M013658
M013659
M013659
M013659
M013660
M013660
M013660
M013662
M013662
M013662
M013663
M013663
M013663
M013664
M013664
M013664
M013666
M013666
M013666
M013667
M013667
M013669
M013669
M013669
M013670
M013670
M013670
M013672
M013672
M013672
M013673
M013673
M013673
M013674
M013674
M013674
M013677
M013677
M013677
M013679
M013679
M013679
M013680
M013680
M013680
M013681
M013681
M013681
M013683
M013683
M013683
M013684
M013684
M013684
M013685
M013685
M013685
M013686
M013686
M013686
M013687
M013687
M013687
M013688
M013688
M013688
M013690
M013690
M013690
M013691
M013691
M013691
M013692
M013692
M013692
M013693
M013693
M013693
M013694
M013694
M013694
M013696
M013696
M013696
M013697
M013697
M013697
M013698
M013698
M013698
M013699
M013699
M013699
M013701
M013701
M013701
M013702
M013702
M013702
M013704
M013704
M013704
M013706
M013706
M013706
M013707
M013707
M013707
M013708
M013708
M013708
M013711
M013711
M013711
M013712
M013712
M013712
M013713
M013713
M013713
M013714
M013714
M013714
M013715
M013715
M013715
M013716
M013716
M013716
M013717
M013717
M013717
M013720
M013720
M013720
M013723
M013723
M013723
M013724
M013724
M013724
M013725
M013725
M013725
M013726
M013726
M013726
M013727
M013727
M013727
M013729
M013729
M013729
M013730
M013730
M013730
M013731
M013731
M013731
M013732
M013732
M013732
M013733
M013733
M013733
M013737
M013737
M013737
M013739
M013739
M013739
M013740
M013740
M013740
M013742
M013742
M013742
M013743
M013743
M013743
M013744
M013744
M013744
M013746
M013746
M013746
M013749
M013749
M013749
M013750
M013750
M013750
M013751
M013751
M013751
M013752
M013752
M013752
M013755
M013755
M013755
M013758
M013758
M013758
M013759
M013759
M013759
M013760
M013760
M013760
M013762
M013762
M013762
M013764
M013764
M013764
M013767
M013767
M013767
M013769
M013769
M013769
M013770
M013770
M013770
M013771
M013771
M013771
M013772
M013772
M013772
M013773
M013773
M013773
M013774
M013774
M013774
M013775
M013775
M013775
M013776
M013776
M013776
M013779
M013779
M013779
M013781
M013781
M013781
M013782
M013782
M013782
M013783
M013783
M013783
M013784
M013784
M013784
M013785
M013785
M013785
M013786
M013786
M013786
M013787
M013787
M013787
M013788
M013788
M013788
M013789
M013789
M013789
M013790
M013790
M013790
M013791
M013791
M013791
M013793
M013793
M013793
M013794
M013794
M013794
M013795
M013795
M013795
M013797
M013797
M013797
M013799
M013799
M013799
M013800
M013800
M013800
M013801
M013801
M013801
M013802
M013802
M013802
M013805
M013805
M013807
M013807
M013807
M013808
M013808
M013808
M013809
M013809
M013809
M013813
M013813
M013813
M013814
M013814
M013814
M013815
M013815
M013815
M013817
M013817
M013817
M013818
M013818
M013818
M013819
M013819
M013819
M013820
M013820
M013820
M013821
M013821
M013821
M013822
M013822
M013822
M013824
M013824
M013824
M013825
M013825
M013825
M013826
M013826
M013826
M013827
M013827
M013827
M013828
M013828
M013828
M013829
M013829
M013829
M013830
M013830
M013830
M013831
M013831
M013831
M013832
M013832
M013832
M013834
M013834
M013834
M013835
M013835
M013835
M013836
M013836
M013836
M013837
M013837
M013837
M013838
M013838
M013838
M013839
M013839
M013839
M013840
M013840
M013840
M013841
M013841
M013841
M013842
M013842
M013842
M013843
M013843
M013843
M013844
M013844
M013844
M013845
M013845
M013845
M013847
M013847
M013847
M013848
M013848
M013848
M013851
M013851
M013851
M013852
M013852
M013852
M013853
M013853
M013853
M013854
M013854
M013854
M013856
M013856
M013856
M013857
M013857
M013857
M013858
M013858
M013858
M013859
M013859
M013859
M013860
M013860
M013860
M013861
M013861
M013861
M013862
M013862
M013862
M013863
M013863
M013863
M013865
M013865
M013865
M013866
M013866
M013866
M013867
M013867
M013867
M013868
M013868
M013868
M013869
M013869
M013869
M013872
M013872
M013872
M013873
M013873
M013873
M013875
M013875
M013876
M013876
M013876
M013877
M013877
M013877
M013878
M013878
M013878
M013882
M013882
M013882
M013883
M013883
M013883
M013884
M013884
M013884
M013885
M013885
M013885
M013886
M013886
M013886
M013887
M013887
M013887
M013888
M013888
M013888
M013890
M013890
M013890
M013891
M013891
M013891
M013892
M013892
M013892
M013893
M013893
M013893
M013894
M013894
M013894
M013895
M013895
M013895
M013896
M013896
M013896
M013897
M013897
M013897
M013899
M013899
M013899
M013900
M013900
M013900
M013903
M013903
M013903
M013904
M013904
M013904
M013906
M013906
M013906
M013907
M013907
M013907
M013909
M013909
M013909
M013912
M013912
M013912
M013913
M013913
M013913
M013914
M013914
M013914
M013915
M013915
M013915
M013916
M013916
M013916
M013917
M013917
M013917
M013918
M013918
M013918
M013919
M013919
M013919
M013921
M013921
M013921
M013922
M013922
M013922
M013923
M013923
M013923
M013924
M013924
M013924
M013925
M013925
M013925
M013928
M013928
M013928
M013930
M013930
M013930
M013931
M013931
M013931
M013932
M013932
M013932
M013933
M013933
M013933
M013934
M013934
M013934
M013935
M013935
M013935
M013936
M013936
M013936
M013938
M013938
M013938
M013939
M013939
M013939
M013940
M013940
M013940
M013941
M013941
M013941
M013943
M013943
M013943
M013944
M013944
M013944
M013945
M013945
M013945
M013946
M013946
M013946
M013947
M013947
M013947
M013948
M013948
M013948
M013950
M013950
M013950
M013951
M013951
M013951
M013953
M013953
M013953
M013954
M013954
M013954
M013956
M013956
M013956
M013957
M013957
M013957
M013958
M013958
M013958
M013959
M013959
M013959
M013961
M013961
M013961
M013964
M013964
M013964
M013967
M013967
M013967
M013970
M013970
M013970
M013971
M013971
M013971
M013972
M013972
M013972
M013975
M013975
M013975
M013976
M013976
M013976
M013977
M013977
M013977
M013979
M013979
M013979
M013982
M013982
M013982
M013983
M013983
M013983
M013984
M013984
M013984
M013985
M013985
M013985
M013986
M013986
M013986
M013987
M013987
M013987
M013988
M013988
M013988
M013989
M013989
M013989
M013990
M013990
M013990
M013991
M013991
M013991
M013992
M013992
M013992
M013993
M013993
M013993
M013994
M013994
M013994
M013995
M013995
M013995
M013996
M013996
M013996
M013997
M013997
M013997
M013999
M013999
M014000
M014000
M014000
M014001
M014001
M014001
M014003
M014003
M014003
M014004
M014004
M014004
M014006
M014006
M014006
M014008
M014008
M014008
M014009
M014009
M014009
M014011
M014011
M014011
M014013
M014013
M014013
M014014
M014014
M014014
M014016
M014016
M014016
M014017
M014017
M014017
M014018
M014018
M014018
M014019
M014019
M014019
M014022
M014022
M014022
M014023
M014023
M014023
M014024
M014024
M014024
M014026
M014026
M014026
M014027
M014027
M014027
M014028
M014028
M014028
M014029
M014029
M014029
M014031
M014031
M014031
M014033
M014033
M014033
M014034
M014034
M014034
M014035
M014035
M014035
M014036
M014036
M014036
M014037
M014037
M014037
M014038
M014038
M014038
M014040
M014040
M014040
M014042
M014042
M014042
M014044
M014044
M014044
M014045
M014045
M014045
M014048
M014048
M014048
M014050
M014050
M014050
M014052
M014052
M014052
M014053
M014053
M014053
M014054
M014054
M014054
M014055
M014055
M014055
M014056
M014056
M014056
M014057
M014057
M014057
M014058
M014058
M014058
M014059
M014059
M014059
M014060
M014060
M014060
M014061
M014061
M014061
M014062
M014062
M014062
M014063
M014063
M014063
M014064
M014064
M014064
M014065
M014065
M014065
M014066
M014066
M014066
M014067
M014067
M014067
M014068
M014068
M014068
M014069
M014069
M014069
M014070
M014070
M014070
M014071
M014071
M014071
M014073
M014073
M014073
M014074
M014074
M014074
M014075
M014075
M014075
M014076
M014076
M014076
M014079
M014079
M014079
M014080
M014080
M014080
M014081
M014081
M014081
M014082
M014082
M014082
M014083
M014083
M014083
M014084
M014084
M014084
M014085
M014085
M014085
M014086
M014086
M014086
M014089
M014089
M014089
M014090
M014090
M014090
M014091
M014091
M014091
M014092
M014092
M014092
M014095
M014095
M014095
M014096
M014096
M014096
M014097
M014097
M014097
M014098
M014098
M014098
M014099
M014099
M014099
M014100
M014100
M014100
M014101
M014101
M014101
M014103
M014103
M014103
M014104
M014104
M014104
M014105
M014105
M014105
M014106
M014106
M014106
M014107
M014107
M014107
M014111
M014111
M014111
M014114
M014114
M014114
M014115
M014115
M014115
M014116
M014116
M014116
M014117
M014117
M014117
M014118
M014118
M014118
M014121
M014121
M014121
M014122
M014122
M014122
M014124
M014124
M014124
M014125
M014125
M014125
M014126
M014126
M014126
M014127
M014127
M014127
M014129
M014129
M014129
M014132
M014132
M014132
M014134
M014134
M014134
M014135
M014135
M014135
M014136
M014136
M014136
M014137
M014137
M014137
M014138
M014138
M014138
M014140
M014140
M014140
M014141
M014141
M014141
M014142
M014142
M014142
M014143
M014143
M014143
M014144
M014144
M014144
M014145
M014145
M014145
M014147
M014147
M014147
M014148
M014148
M014148
M014149
M014149
M014149
M014150
M014150
M014150
M014151
M014151
M014151
M014152
M014152
M014152
M014153
M014153
M014154
M014154
M014154
M014155
M014155
M014155
M014156
M014156
M014156
M014157
M014157
M014157
M014158
M014158
M014158
M014159
M014159
M014159
M014163
M014163
M014163
M014164
M014164
M014164
M014165
M014165
M014165
M014166
M014166
M014166
M014167
M014167
M014167
M014168
M014168
M014168
M014170
M014170
M014170
M014172
M014172
M014172
M014173
M014173
M014173
M014174
M014174
M014174
M014175
M014175
M014175
M014176
M014176
M014176
M014177
M014177
M014177
M014178
M014178
M014178
M014179
M014179
M014179
M014180
M014180
M014180
M014181
M014181
M014181
M014182
M014182
M014182
M014183
M014183
M014183
M014184
M014184
M014184
M014186
M014186
M014186
M014187
M014187
M014187
M014188
M014188
M014188
M014189
M014189
M014189
M014190
M014190
M014190
M014191
M014191
M014191
M014193
M014193
M014193
M014196
M014196
M014196
M014197
M014197
M014197
M014199
M014199
M014199
M014201
M014201
M014201
M014202
M014202
M014202
M014203
M014203
M014203
M014204
M014204
M014204
M014206
M014206
M014206
M014207
M014207
M014207
M014208
M014208
M014208
M014209
M014209
M014209
M014210
M014210
M014210
M014211
M014211
M014211
M014212
M014212
M014212
M014216
M014216
M014216
M014217
M014217
M014217
M014219
M014219
M014219
M014220
M014220
M014220
M014221
M014221
M014221
M014223
M014223
M014223
M014224
M014224
M014224
M014225
M014225
M014225
M014226
M014226
M014226
M014227
M014227
M014227
M014229
M014229
M014229
M014230
M014230
M014230
M014231
M014231
M014231
M014233
M014233
M014233
M014235
M014235
M014235
M014236
M014236
M014236
M014237
M014237
M014237
M014238
M014238
M014238
M014239
M014239
M014239
M014240
M014240
M014240
M014241
M014241
M014241
M014242
M014242
M014242
M014243
M014243
M014243
M014246
M014246
M014246
M014248
M014248
M014248
M014249
M014249
M014249
M014251
M014251
M014251
M014254
M014254
M014254
M014255
M014255
M014255
M014256
M014256
M014256
M014257
M014257
M014257
M014258
M014258
M014258
M014259
M014259
M014259
M014260
M014260
M014260
M014261
M014261
M014261
M014262
M014262
M014262
M014263
M014263
M014263
M014264
M014264
M014264
M014265
M014265
M014265
M014266
M014266
M014266
M014267
M014267
M014267
M014269
M014269
M014269
M014270
M014270
M014270
M014271
M014271
M014271
M014274
M014274
M014274
M014275
M014275
M014275
M014276
M014276
M014276
M014277
M014277
M014277
M014278
M014278
M014278
M014281
M014281
M014281
M014282
M014282
M014282
M014284
M014284
M014284
M014286
M014286
M014286
M014287
M014287
M014287
M014288
M014288
M014288
M014289
M014289
M014289
M014291
M014291
M014291
M014293
M014293
M014293
M014294
M014294
M014294
M014296
M014296
M014296
M014297
M014297
M014297
M014298
M014298
M014298
M014300
M014300
M014300
M014301
M014301
M014301
M014302
M014302
M014302
M014303
M014303
M014303
M014306
M014306
M014306
M014308
M014308
M014308
M014309
M014309
M014309
M014314
M014314
M014314
M014315
M014315
M014315
M014316
M014316
M014317
M014317
M014317
M014319
M014319
M014319
M014321
M014321
M014321
M014322
M014322
M014322
M014323
M014323
M014323
M014324
M014324
M014324
M014325
M014325
M014325
M014327
M014327
M014327
M014328
M014328
M014328
M014329
M014329
M014329
M014331
M014331
M014331
M014332
M014332
M014332
M014333
M014333
M014334
M014334
M014334
M014335
M014335
M014335
M014337
M014337
M014337
M014338
M014338
M014338
M014339
M014339
M014339
M014340
M014340
M014340
M014341
M014341
M014341
M014343
M014343
M014343
M014344
M014344
M014344
M014345
M014345
M014346
M014346
M014346
M014348
M014348
M014348
M014349
M014349
M014349
M014350
M014350
M014350
M014353
M014353
M014353
M014354
M014354
M014354
M014355
M014355
M014355
M014356
M014356
M014356
M014357
M014357
M014357
M014358
M014358
M014358
M014359
M014359
M014359
M014360
M014360
M014360
M014363
M014363
M014363
M014364
M014364
M014364
M014365
M014365
M014365
M014366
M014366
M014366
M014367
M014367
M014367
M014368
M014368
M014368
M014369
M014369
M014369
M014370
M014370
M014370
M014371
M014371
M014371
M014372
M014372
M014372
M014373
M014373
M014373
M014374
M014374
M014374
M014375
M014375
M014375
M014376
M014376
M014376
M014377
M014377
M014377
M014378
M014378
M014378
M014379
M014379
M014379
M014381
M014381
M014381
M014382
M014382
M014382
M014383
M014383
M014383
M014385
M014385
M014385
M014386
M014386
M014386
M014388
M014388
M014388
M014391
M014391
M014391
M014393
M014393
M014393
M014394
M014394
M014394
M014396
M014396
M014396
M014397
M014397
M014397
M014398
M014398
M014398
M014399
M014399
M014399
M014400
M014400
M014400
M014401
M014401
M014401
M014402
M014402
M014402
M014403
M014403
M014403
M014404
M014404
M014404
M014405
M014405
M014405
M014406
M014406
M014406
M014407
M014407
M014407
M014408
M014408
M014408
M014409
M014409
M014409
M014410
M014410
M014410
M014411
M014411
M014411
M014412
M014412
M014412
M014413
M014413
M014413
M014414
M014414
M014414
M014415
M014415
M014415
M014417
M014417
M014417
M014418
M014418
M014418
M014419
M014419
M014419
M014421
M014421
M014421
M014423
M014423
M014423
M014424
M014424
M014424
M014425
M014425
M014425
M014427
M014427
M014427
M014429
M014429
M014429
M014430
M014430
M014430
M014433
M014433
M014433
M014435
M014435
M014435
M014438
M014438
M014438
M014439
M014439
M014439
M014441
M014441
M014441
M014442
M014442
M014442
M014443
M014443
M014443
M014446
M014446
M014446
M014447
M014447
M014447
M014449
M014449
M014449
M014450
M014450
M014450
M014451
M014451
M014451
M014452
M014452
M014452
M014454
M014454
M014454
M014455
M014455
M014455
M014456
M014456
M014456
M014458
M014458
M014458
M014459
M014459
M014459
M014460
M014460
M014460
M014461
M014461
M014461
M014463
M014463
M014463
M014464
M014464
M014464
M014465
M014465
M014465
M014466
M014466
M014466
M014467
M014467
M014467
M014468
M014468
M014468
M014469
M014469
M014469
M014470
M014470
M014470
M014471
M014471
M014471
M014473
M014473
M014473
M014474
M014474
M014474
M014475
M014475
M014475
M014476
M014476
M014476
M014478
M014478
M014478
M014479
M014479
M014479
M014481
M014481
M014481
M014482
M014482
M014482
M014483
M014483
M014483
M014484
M014484
M014484
M014485
M014485
M014485
M014486
M014486
M014486
M014487
M014487
M014487
M014488
M014488
M014488
M014489
M014489
M014489
M014490
M014490
M014490
M014491
M014491
M014491
M014492
M014492
M014492
M014493
M014493
M014493
M014494
M014494
M014494
M014495
M014495
M014495
M014497
M014497
M014497
M014498
M014498
M014498
M014500
M014500
M014500
M014501
M014501
M014501
M014502
M014502
M014502
M014503
M014503
M014503
M014504
M014504
M014504
M014505
M014505
M014505
M014507
M014507
M014507
M014508
M014508
M014508
M014509
M014509
M014509
M014511
M014511
M014511
M014513
M014513
M014513
M014514
M014514
M014514
M014515
M014515
M014515
M014516
M014516
M014516
M014518
M014518
M014518
M014519
M014519
M014519
M014520
M014520
M014520
M014521
M014521
M014521
M014523
M014523
M014523
M014524
M014524
M014524
M014525
M014525
M014525
M014526
M014526
M014526
M014527
M014527
M014527
M014528
M014528
M014528
M014530
M014530
M014530
M014531
M014531
M014531
M014532
M014532
M014532
M014534
M014534
M014534
M014537
M014537
M014537
M014538
M014538
M014538
M014539
M014539
M014539
M014540
M014540
M014540
M014542
M014542
M014542
M014544
M014544
M014544
M014545
M014545
M014545
M014547
M014547
M014547
M014548
M014548
M014548
M014549
M014549
M014549
M014550
M014550
M014550
M014551
M014551
M014551
M014552
M014552
M014553
M014553
M014553
M014555
M014555
M014555
M014556
M014556
M014556
M014558
M014558
M014558
M014559
M014559
M014559
M014561
M014561
M014561
M014563
M014563
M014563
M014564
M014564
M014564
M014566
M014566
M014566
M014567
M014567
M014567
M014569
M014569
M014569
M014570
M014570
M014570
M014571
M014571
M014571
M014572
M014572
M014572
M014575
M014575
M014575
M014576
M014576
M014576
M014577
M014577
M014577
M014578
M014578
M014578
M014580
M014580
M014580
M014582
M014582
M014582
M014583
M014583
M014584
M014584
M014584
M014585
M014585
M014585
M014586
M014586
M014586
M014587
M014587
M014587
M014589
M014589
M014589
M014590
M014590
M014590
M014591
M014591
M014591
M014592
M014592
M014592
M014593
M014593
M014593
M014594
M014594
M014594
M014595
M014595
M014595
M014596
M014596
M014596
M014597
M014597
M014597
M014598
M014598
M014598
M014599
M014599
M014599
M014600
M014600
M014600
M014601
M014601
M014601
M014602
M014602
M014602
M014606
M014606
M014606
M014608
M014608
M014608
M014609
M014609
M014609
M014610
M014610
M014610
M014611
M014611
M014611
M014614
M014614
M014614
M014615
M014615
M014615