HIERARCHY
ROOT Pelvis
{
	OFFSET -0.001795 -0.223333 0.028219
	CHANNELS 6 Xposition Yposition Zposition Zrotation Yrotation Xrotation 
	JOINT Left_hip
	{
		OFFSET 0.069520 -0.091406 -0.006815
		CHANNELS 3 Zrotation Yrotation Xrotation
		JOINT Left_knee
		{
			OFFSET 0.034277 -0.375199 -0.004496
			CHANNELS 3 Zrotation Yrotation Xrotation
			JOINT Left_ankle
			{
				OFFSET -0.013596 -0.397960 -0.043693
				CHANNELS 3 Zrotation Yrotation Xrotation
				JOINT Left_foot
				{
					OFFSET 0.026358 -0.055791 0.119288
					CHANNELS 3 Zrotation Yrotation Xrotation
					End Site
					{
						OFFSET 0.000000 0.000000 0.000000
					}
				}
			}
		}
	}
	JOINT Right_hip
	{
		OFFSET -0.067670 -0.090522 -0.004320
		CHANNELS 3 Zrotation Yrotation Xrotation
		JOINT Right_knee
		{
			OFFSET -0.038290 -0.382569 -0.008850
			CHANNELS 3 Zrotation Yrotation Xrotation
			JOINT Right_ankle
			{
				OFFSET 0.015774 -0.398415 -0.042312
				CHANNELS 3 Zrotation Yrotation Xrotation
				JOINT Right_foot
				{
					OFFSET -0.025372 -0.048144 0.123348
					CHANNELS 3 Zrotation Yrotation Xrotation
					End Site
					{
						OFFSET 0.000000 0.000000 0.000000
					}
				}
			}
		}
	}
	JOINT Spine1
	{
		OFFSET -0.002533 0.108963 -0.026696
		CHANNELS 3 Zrotation Yrotation Xrotation
		JOINT Spine2
		{
			OFFSET 0.005487 0.135180 0.001092
			CHANNELS 3 Zrotation Yrotation Xrotation
			JOINT Spine3
			{
				OFFSET 0.001457 0.052922 0.025425
				CHANNELS 3 Zrotation Yrotation Xrotation
				JOINT Neck
				{
					OFFSET -0.002778 0.213870 -0.042857
					CHANNELS 3 Zrotation Yrotation Xrotation
					JOINT Head
					{
						OFFSET 0.005152 0.064970 0.051349
						CHANNELS 3 Zrotation Yrotation Xrotation
						End Site
						{
							OFFSET 0.000000 0.000000 0.000000
						}
					}
				}
				JOINT Left_collar
				{
					OFFSET 0.078845 0.121749 -0.034090
					CHANNELS 3 Zrotation Yrotation Xrotation
					JOINT Left_shoulder
					{
						OFFSET 0.090977 0.030469 -0.008868
						CHANNELS 3 Zrotation Yrotation Xrotation
						JOINT Left_elbow
						{
							OFFSET 0.259612 -0.012772 -0.027456
							CHANNELS 3 Zrotation Yrotation Xrotation
							JOINT Left_wrist
							{
								OFFSET 0.249234 0.008986 -0.001171
								CHANNELS 3 Zrotation Yrotation Xrotation
								JOINT Left_palm
								{
									OFFSET 0.084042 -0.008162 -0.014945
									CHANNELS 3 Zrotation Yrotation Xrotation
									End Site
									{
										OFFSET 0.000000 0.000000 0.000000
									}
								}
							}
						}
					}
				}
				JOINT Right_collar
				{
					OFFSET -0.081759 0.118833 -0.038615
					CHANNELS 3 Zrotation Yrotation Xrotation
					JOINT Right_shoulder
					{
						OFFSET -0.096012 0.032551 -0.009143
						CHANNELS 3 Zrotation Yrotation Xrotation
						JOINT Right_elbow
						{
							OFFSET -0.253742 -0.013329 -0.021401
							CHANNELS 3 Zrotation Yrotation Xrotation
							JOINT Right_wrist
							{
								OFFSET -0.255298 0.007772 -0.005559
								CHANNELS 3 Zrotation Yrotation Xrotation
								JOINT Right_palm
								{
									OFFSET -0.084622 -0.006117 -0.010315
									CHANNELS 3 Zrotation Yrotation Xrotation
									End Site
									{
										OFFSET 0.000000 0.000000 0.000000
									}
								}
							}
						}
					}
				}
			}
		}
	}
}
MOTION
Frames: 312
Frame Time: 0.016667
0.036091 -0.760484 0.890602 -94.193963 -11.317898 -165.684948 -79.886969 -41.909548 -36.241230 85.988525 74.505897 53.021892 -103.533033 58.510101 -93.209074 -62.596567 21.404552 57.940803 80.420638 -75.451034 -27.422381 -92.061827 -6.073228 -54.960777 -98.092494 -27.707255 57.249115 68.752440 -35.560004 40.676477 90.989374 60.027686 30.930582 -91.504578 30.341236 -76.906990 -107.316004 -80.737444 -17.406039 87.918650 27.539842 61.748855 -89.832953 16.551860 -1.753796 92.516076 4.140658 -50.914627 62.335456 11.266056 -28.629522 -48.984731 -9.689310 -74.188696 -81.449003 29.555292 0.118173 0.000000 0.000000 0.000000 -98.708451 0.481440 -60.727043 -83.264769 9.331515 -44.866314 51.665202 4.605590 -70.729753 86.223424 -30.922851 14.403555 0.000000 0.000000 0.000000 
0.284073 -0.766934 0.273952 -16.281363 12.509582 -45.097164 -80.797038 -45.565454 -38.061509 81.052520 76.096321 40.815738 -103.595541 60.219799 -95.208798 -51.329612 11.926475 49.800006 81.388761 -74.111648 -33.733529 -91.420883 -11.064808 -55.000102 -99.898088 -31.610422 59.794415 71.578690 -36.071806 33.017577 91.520118 61.077752 31.509232 -92.314669 48.287227 -79.600196 -104.831162 -78.140617 -0.964281 88.309227 30.373223 65.379527 -89.095314 17.955595 0.836348 91.901630 0.904672 -54.078879 62.544072 11.103258 -31.069988 -51.865883 -7.289890 -71.569859 -83.088926 32.756384 -3.131548 0.000000 0.000000 0.000000 -98.517470 3.327083 -65.326240 -82.917206 11.657236 -45.120896 54.631269 2.248150 -68.522590 85.870955 -32.301864 12.082361 0.000000 0.000000 0.000000 
-0.420306 -0.784803 1.108795 -29.968667 -37.999998 83.367602 -83.564333 -44.852961 -36.136085 74.474513 72.675347 25.313374 -106.258322 63.393227 -100.275126 -56.795160 28.882374 42.280068 80.610579 -75.945678 -33.329695 -91.242757 4.231266 -54.956107 -100.312585 -40.823965 65.062571 71.466442 -33.986761 36.338632 92.397208 59.091540 32.442351 -91.813402 34.484906 -76.533693 -108.040385 -80.619017 -2.445408 87.036206 18.947161 62.112440 -88.705496 20.776465 4.092981 92.448669 -2.643634 -55.953798 63.267107 11.933769 -32.038833 -48.923290 -6.886588 -74.202407 -81.528946 32.681003 0.757046 0.000000 0.000000 0.000000 -99.534807 4.514538 -67.577534 -82.941746 8.071113 -46.322007 53.367994 1.230165 -66.834483 84.527112 -30.370047 14.776198 0.000000 0.000000 0.000000 
-1.095706 -0.775275 0.205943 83.631872 36.869128 136.262918 -78.460677 -45.806072 -35.517113 74.754482 71.110908 22.604008 -122.021231 78.757404 -120.371831 -55.477840 30.591824 46.056213 79.426610 -76.061933 -33.840453 -89.481906 45.388857 -61.735082 -99.687579 -40.359981 61.730780 66.137603 -35.038047 37.387197 92.965232 59.404496 33.039943 -91.819480 33.568488 -74.217616 -92.975727 -73.356531 -10.423953 87.248534 15.735248 59.079722 -89.038711 20.464008 7.287589 92.161630 -4.348277 -56.955444 62.314118 11.339030 -34.638901 -48.496892 -4.981269 -73.360003 -85.969576 32.257182 -3.162653 0.000000 0.000000 0.000000 -99.768975 6.284046 -69.885277 -82.296435 7.485824 -44.868533 53.791926 0.038250 -65.669365 86.339415 -29.146240 12.817727 0.000000 0.000000 0.000000 
-1.299567 -0.782928 0.070411 69.311998 55.881296 -121.927338 -84.106292 -21.229759 -36.936108 79.910746 72.315721 33.622035 137.921534 82.282067 134.698426 -61.859534 24.414514 44.116067 74.226597 -74.541833 -17.265927 -90.777107 78.939543 -70.860530 -97.832644 -37.298338 59.000740 63.061279 -32.841408 34.504687 94.797847 64.733149 31.788150 -88.942266 35.172599 -69.772932 -91.950236 -74.741776 -16.707592 87.504405 23.181280 54.468081 -85.222473 20.694618 26.733359 93.697660 -8.077952 -59.274136 64.419140 9.948336 -36.490023 -47.844226 -3.908361 -70.509068 -73.941846 42.418410 9.122123 0.000000 0.000000 0.000000 -99.771393 7.754294 -70.668170 -82.760133 6.051420 -46.536982 52.832322 0.517733 -64.730810 81.530534 -31.460254 13.204235 0.000000 0.000000 0.000000 
-2.425107 -0.780173 1.680372 127.673288 61.868933 58.577131 -83.229915 0.178222 -29.500952 69.186484 71.949217 18.354889 97.190687 26.320523 83.877993 -63.330090 29.158054 39.134860 65.319728 -77.825898 -10.399550 78.431814 84.009150 91.703751 -96.667492 -39.579846 67.564220 69.005250 -37.605243 32.439324 93.155411 68.766060 23.910161 -88.940643 40.831911 -67.273483 -86.400354 -74.621925 -5.289449 86.381784 19.106283 53.659915 -86.712757 22.148276 29.554234 95.045863 -9.714609 -61.169278 64.761576 8.962288 -37.888568 -47.494384 -4.546245 -68.432759 -70.245891 47.814352 8.996083 0.000000 0.000000 0.000000 -99.475104 9.265970 -71.208896 -81.749925 6.919750 -45.067929 53.446176 0.205431 -63.113193 78.522687 -33.608309 14.236930 0.000000 0.000000 0.000000 
-0.779805 -0.688008 2.591082 158.317529 40.187666 -142.314528 -80.685138 16.303971 -24.934010 55.683527 73.341130 6.097487 95.783184 2.985313 77.788766 -61.761036 22.306873 44.391828 32.609714 -80.732467 10.219741 85.832861 53.538158 85.105584 -96.117940 -62.096996 75.454146 64.163103 -26.596200 34.061964 89.909477 74.402590 30.255833 -89.383969 37.897532 -68.945169 -84.416421 -75.554062 -0.434078 86.243846 25.566561 52.320307 -82.403307 30.675979 29.824873 94.488031 -11.648056 -61.773109 65.669806 7.835578 -37.658811 -46.377025 -2.178483 -68.879155 -61.456782 51.265192 16.754952 0.000000 0.000000 0.000000 -97.992181 8.486310 -69.269150 -80.964991 10.037825 -44.774967 52.714925 -1.600457 -65.215670 80.175213 -32.333078 20.255645 0.000000 0.000000 0.000000 
-1.598867 -0.604806 3.306148 43.352602 -12.747655 -69.384836 -78.851635 36.286692 -24.258373 49.769121 71.982079 -4.363366 95.550189 -2.421541 77.633071 -59.106447 17.639566 47.599935 -1.896990 -82.330525 31.490817 83.302485 19.071041 78.923933 136.022075 -86.458446 -142.114738 70.430898 -33.309431 30.628261 86.425614 76.192073 16.627474 -88.629565 36.535243 -69.984888 -83.038797 -75.530841 2.710302 85.144827 25.314664 47.564447 -85.058411 30.236590 34.163560 95.295134 -11.418579 -62.533167 66.453641 7.577532 -39.087529 -47.870858 -2.162900 -69.529027 -57.694373 52.329933 19.526575 0.000000 0.000000 0.000000 -97.236292 7.251211 -67.634481 -78.470825 8.904466 -42.670698 53.026904 -2.832037 -65.522447 80.814760 -33.078307 19.187278 0.000000 0.000000 0.000000 
-1.043437 -0.550125 4.785886 -104.008087 17.880119 -108.511052 -74.318527 44.387056 0.807420 64.943148 63.001488 -22.009545 96.201943 -28.136039 70.079338 -62.437412 17.381934 48.099155 -14.035393 -77.916152 44.824608 86.729463 -19.018949 78.840133 -95.144485 -59.669115 80.808119 77.144275 -33.680321 31.938566 82.516421 74.994237 0.772499 -89.849192 45.491600 -75.184896 -80.842053 -76.926887 9.676023 87.317948 34.714721 47.848336 -81.987081 31.966490 23.634148 95.976032 -11.786876 -63.344313 65.536313 7.888766 -35.631674 -46.791404 -0.741565 -65.166660 -66.030239 48.679416 8.007526 0.000000 0.000000 0.000000 -98.531990 6.742620 -70.008249 -75.637278 6.534177 -37.612836 52.141678 -5.361106 -62.601900 80.484408 -36.592876 18.728037 0.000000 0.000000 0.000000 
-0.660615 -0.529859 5.230637 99.520854 -48.325011 -85.694767 -68.281363 57.471432 -0.464732 75.443025 62.626042 -22.536254 95.734088 -32.277782 60.937788 -64.802828 24.945833 42.628412 4.508932 -74.833794 38.076411 87.389286 -36.442790 76.859427 -94.909310 -29.360749 63.439828 79.398313 -34.624777 30.765857 84.856681 71.148396 -14.467291 -89.878306 44.211094 -78.394160 -79.209893 -78.428392 6.480476 87.208614 41.710795 39.353219 -83.021821 28.467315 22.725070 96.522777 -13.439405 -66.161402 64.057048 8.565891 -33.563249 -45.425785 -0.315962 -61.148660 -71.184233 47.443186 4.657028 0.000000 0.000000 0.000000 -99.104071 7.520036 -70.666686 -74.436648 4.956035 -35.660837 51.737270 -4.933007 -60.718798 80.208045 -37.604824 19.291419 0.000000 0.000000 0.000000 
-1.179490 -0.543520 6.854855 -54.080320 3.561953 -78.549237 -56.636440 69.238532 -1.535795 76.959692 56.451986 -31.881964 94.077339 -16.264165 66.981600 -70.141287 27.828242 43.125650 0.525945 -73.038217 32.565246 85.784703 -36.608031 74.692246 -95.599611 -42.234748 55.179991 79.893601 -36.163468 28.906935 86.461231 71.416350 -16.752755 -90.312243 34.329326 -77.966430 -89.356786 -73.762668 10.294043 87.432630 48.033155 44.960489 -85.155345 25.468111 12.466631 95.846207 -10.627625 -66.684818 62.445720 9.093152 -34.154016 -42.134565 0.148903 -56.903167 -71.164401 46.634384 6.637718 0.000000 0.000000 0.000000 -98.191357 9.050991 -70.367517 -70.489565 2.162728 -31.492114 50.175877 -5.213811 -58.757637 81.970533 -35.247110 19.469521 0.000000 0.000000 0.000000 
-0.028169 -0.551334 7.800085 163.652103 -48.282846 -111.793466 -51.531490 74.114957 0.345922 86.761428 49.648659 -36.375301 94.143073 4.105885 74.703376 -68.954944 28.182443 47.022217 11.823541 -69.640780 21.390656 84.853979 -13.949153 73.370248 -98.046830 -47.051464 58.020149 80.451427 -38.620229 29.452801 86.659387 70.538175 -25.773427 -90.492717 34.263870 -79.254840 -89.473431 -72.379074 14.439198 84.716127 51.450709 42.456539 -83.958817 23.512957 10.087240 95.484885 -10.401514 -67.233303 60.641963 8.783964 -32.415016 -39.706922 -0.200975 -54.938381 -70.061247 47.540851 7.846009 0.000000 0.000000 0.000000 -96.729451 8.282312 -68.512632 -67.551074 1.689578 -28.591944 49.224443 -4.787032 -58.599524 81.571124 -35.000118 21.188939 0.000000 0.000000 0.000000 
-0.694764 -0.547895 9.087000 -30.881376 -13.623464 -53.010330 -41.933241 78.520238 -4.484948 90.030870 39.877339 -41.036992 94.489044 12.940057 74.912592 -68.591250 27.576817 44.074306 29.497583 -65.279369 7.163154 79.888033 26.428584 59.483311 -98.881681 -42.366310 62.689394 82.453534 -35.867586 24.746716 85.899081 69.591606 -34.601180 -90.723159 35.397382 -79.975261 -87.066396 -71.277048 15.859053 76.271083 59.961016 38.790436 -84.473595 22.096750 3.170198 94.311141 -9.401850 -67.220402 62.686838 7.379736 -33.102051 -39.212830 -3.419369 -56.939869 -59.485004 50.184435 16.811026 0.000000 0.000000 0.000000 -96.279956 6.780681 -67.483476 -67.764615 2.556321 -28.659692 47.658241 -5.343898 -55.632514 81.039346 -34.146961 23.376071 0.000000 0.000000 0.000000 
0.207695 -0.539915 10.318864 -163.748525 -40.254808 -109.071559 -31.346721 80.796303 -0.071852 91.743566 30.166214 -45.422257 94.851937 30.355432 78.709334 -72.198660 31.234235 38.799132 49.682584 -53.537579 -1.152525 39.549384 59.487443 22.852859 -98.759606 -31.846403 63.914893 82.979885 -34.664784 26.580682 85.465604 64.448371 -44.501407 -90.471708 33.571340 -78.596240 -86.924349 -67.685239 19.837712 71.649704 63.129868 36.662956 -83.966466 23.042658 2.180506 94.588359 -7.415399 -66.935725 64.314425 5.984593 -33.576654 -38.649709 -5.195491 -58.969335 -57.026652 49.454442 18.889449 0.000000 0.000000 0.000000 -95.218113 3.129786 -64.743632 -67.756266 3.004780 -28.435782 48.120111 -4.952065 -56.160825 81.597332 -31.696313 23.611210 0.000000 0.000000 0.000000 
-0.083584 -0.533132 11.313516 -5.937079 -26.841366 -40.174582 12.096825 81.717796 33.947751 92.915047 18.094068 -48.563166 96.495573 54.989090 83.894168 -70.417258 31.544312 40.349324 59.095085 -21.741352 -3.118599 -30.075462 63.514777 -21.553861 -98.918695 -26.233318 63.701322 83.388325 -36.566156 27.966871 88.382932 62.677045 -50.628158 -90.457769 34.599355 -77.733186 -87.700716 -67.579147 25.751283 68.601038 68.056296 39.130417 -82.107897 34.735646 7.616716 94.309766 -11.210744 -67.953750 66.110152 5.029999 -34.718609 -40.028767 -5.002913 -58.494044 -55.525208 50.269683 18.954187 0.000000 0.000000 0.000000 -95.290187 3.911255 -63.945167 -69.120562 3.100213 -29.981362 48.350104 -5.422927 -55.020622 81.695203 -31.695342 21.175011 0.000000 0.000000 0.000000 
0.444190 -0.531620 12.626034 -136.214096 -24.278684 -104.845009 27.057308 81.215937 47.591453 93.454067 7.738660 -50.687632 94.633255 67.219252 85.272364 -70.681565 28.983540 41.869702 57.813237 24.274286 -8.008921 -65.530188 29.757867 -41.804150 -98.524896 -25.067788 62.867491 79.392123 -34.578649 27.675529 89.303047 57.413524 -55.313172 -90.028112 36.215010 -77.118007 -88.981716 -65.106405 30.935454 68.351683 69.123064 40.246994 -80.542273 38.187726 11.230514 95.079809 -11.684981 -69.022105 67.882589 4.702415 -35.546075 -39.924042 -4.981350 -59.463888 -52.704331 50.587775 21.585138 0.000000 0.000000 0.000000 -95.378501 3.546940 -63.614828 -70.068476 3.095001 -30.365174 48.365930 -6.048978 -55.560323 81.559868 -31.253213 22.263410 0.000000 0.000000 0.000000 
0.530575 -0.567781 13.557549 23.523210 -40.926687 -37.973969 44.283536 80.479851 62.262745 92.840217 -6.564461 -54.608195 96.541095 76.296803 90.596902 -74.320776 33.088260 36.267714 -12.483009 10.078073 -29.766015 -77.006737 1.791974 -50.066025 -98.601144 -22.336157 59.824927 80.610849 -37.888740 26.996097 89.904448 46.578022 -57.075058 -89.798566 36.571444 -76.451484 -90.237407 -61.199773 32.657471 71.131349 72.858275 42.152168 -82.533002 31.545126 5.567029 95.729370 -12.446705 -69.884694 67.633273 5.231254 -35.953851 -39.423871 -5.636001 -57.767697 -57.983857 48.622034 19.557495 0.000000 0.000000 0.000000 -95.290685 3.350493 -63.368144 -70.402814 2.475365 -29.735312 48.868064 -6.180966 -55.481569 82.197563 -29.620142 20.969355 0.000000 0.000000 0.000000 
0.751544 -0.588621 15.040476 -107.467045 -9.373801 -98.774847 53.366376 79.756667 69.823533 94.149017 -23.153123 -58.824149 88.138244 79.518831 83.532266 -76.832182 34.389261 37.175125 -70.151135 -14.851831 -32.168804 -80.591440 4.023016 -54.783284 -97.613423 -20.767721 58.402451 79.988183 -38.177956 26.077563 90.317494 39.549597 -60.290537 -89.438424 39.607089 -77.440796 -90.027208 -61.641834 33.788438 79.075042 71.785693 48.773768 -81.899516 31.855550 7.591392 96.449432 -12.638480 -70.221659 68.177326 5.358130 -36.598697 -39.530055 -5.527135 -58.040409 -59.179481 47.633157 18.955486 0.000000 0.000000 0.000000 -95.968807 3.381708 -63.996798 -70.830442 3.085663 -29.696948 49.567393 -7.139515 -55.391545 81.874620 -30.110944 20.209690 0.000000 0.000000 0.000000 
1.242811 -0.601088 16.119869 80.998416 -57.916531 -68.295850 34.849994 81.690439 58.693492 95.840661 -37.734802 -61.146816 92.813436 82.945589 91.033975 -71.583448 31.033474 40.283042 -82.464802 32.901680 -41.603111 -84.831915 -2.315552 -58.093444 -97.143857 -20.400501 61.027177 75.236760 -36.166012 27.022452 90.678193 24.495198 -61.613295 -88.739025 47.991689 -79.748273 -90.434762 -61.113324 35.419556 70.008460 75.306526 38.850612 -83.469745 34.040554 -0.062090 97.113314 -12.113417 -70.330355 68.470383 4.535328 -37.108989 -39.512885 -6.405714 -59.608012 -61.488594 46.325965 15.629492 0.000000 0.000000 0.000000 -95.492742 1.810560 -62.178754 -70.936750 1.908702 -30.241425 50.318098 -5.356364 -56.115123 81.153378 -32.249299 17.987330 0.000000 0.000000 0.000000 
1.125907 -0.613062 17.743343 -64.713906 2.393842 -83.093124 50.594091 78.312317 71.155909 97.913896 -46.464533 -64.553280 -51.988851 88.962608 -47.491059 -72.311357 31.240699 39.520684 -86.827667 37.823672 -44.524839 -86.102849 3.587804 -60.066064 -96.855472 -17.564396 61.397192 75.475946 -36.560446 27.313886 91.201622 21.310251 -63.010544 -88.194338 50.263449 -79.461850 -90.276086 -62.465575 36.623549 71.449688 76.158903 39.488655 -83.959854 36.791789 -0.281718 97.549629 -12.497212 -71.047070 68.538457 4.571827 -37.162435 -40.128675 -6.686072 -59.352104 -63.397716 46.017230 13.412358 0.000000 0.000000 0.000000 -95.909528 2.316968 -62.950968 -71.121511 2.332010 -30.596134 50.914217 -5.615105 -55.618698 81.466784 -32.078566 16.711237 0.000000 0.000000 0.000000 
1.859511 -0.626652 19.194929 153.681893 -33.336656 -114.187619 36.057189 80.379478 62.501523 98.905975 -51.157585 -66.905669 -75.765277 77.841995 -54.189841 -72.453717 31.497660 40.407112 -86.863635 35.901790 -38.652070 -87.536238 -10.019045 -58.238239 -97.955839 -21.307681 62.179634 73.387127 -34.081601 31.159944 91.602498 23.678763 -64.972051 -86.302132 60.693849 -79.201861 -89.460985 -63.642340 36.715666 44.531131 75.170136 3.239792 -82.255740 38.900796 3.254085 97.195746 -11.878566 -69.745154 67.421350 4.780502 -36.630284 -39.603408 -5.383535 -61.275235 -62.227429 46.342682 16.151037 0.000000 0.000000 0.000000 -95.435088 1.104829 -61.426720 -71.117446 0.648550 -29.719825 51.692346 -4.618256 -58.151740 80.266572 -34.074163 16.996579 0.000000 0.000000 0.000000 
1.792860 -0.651717 20.735731 14.559765 47.404705 -57.591579 42.134825 80.331853 66.483170 99.790669 -56.897300 -69.005814 -74.849376 73.280835 -31.671162 -71.129893 30.898626 38.376732 -87.564814 32.684968 -30.265982 -88.295748 -18.592647 -56.259708 -97.860778 -13.754736 61.428472 73.573481 -34.381164 30.172808 92.130039 37.131857 -62.125068 -86.782403 60.952733 -79.358446 -89.479605 -65.072507 39.690784 44.048670 74.330393 -2.095836 -81.970671 37.454526 5.254900 97.188174 -11.891972 -69.638193 66.820844 5.505507 -35.645319 -39.107327 -5.943031 -61.766048 -60.494605 46.828384 17.345712 0.000000 0.000000 0.000000 -95.760363 1.510679 -61.368233 -71.309512 0.454825 -29.049585 51.457868 -3.639583 -58.995523 79.987693 -34.276482 17.159881 0.000000 0.000000 0.000000 
2.230563 -0.651984 22.562107 84.086900 55.520656 161.028363 24.061793 82.995655 50.062501 102.264594 -65.264957 -71.054465 -63.313515 73.382506 -1.870867 -67.859147 27.739296 44.152299 -88.900467 33.870883 -20.614536 -87.906627 -30.479514 -51.433379 -97.747835 -1.159461 64.662489 71.033000 -34.272719 30.166531 91.780593 42.206141 -59.032881 -84.903348 74.248693 -79.257608 -87.903805 -66.591112 46.571724 47.116529 72.728549 -3.940556 -83.976980 34.855520 -0.228183 96.821968 -12.963034 -68.919464 65.261711 6.039833 -34.156525 -38.871758 -6.228660 -64.979465 -54.092765 47.878695 22.013292 0.000000 0.000000 0.000000 -95.252151 1.155675 -61.120156 -72.886680 1.017426 -28.870059 51.037792 -3.280319 -57.591614 79.178053 -34.518603 20.236353 0.000000 0.000000 0.000000 
2.728359 -0.644470 23.891069 154.392045 52.736549 20.017927 30.277314 81.595756 53.589648 103.461830 -75.947076 -73.017415 -68.782141 74.335392 13.999590 -64.844546 25.934902 42.753426 -90.606134 40.810518 -20.402244 -87.923271 -31.851636 -51.134250 -96.936466 8.391035 64.761015 70.913889 -33.885661 31.802966 92.223157 49.924715 -48.083919 -85.738925 75.982414 -80.726165 -87.068959 -68.829489 47.394823 43.068819 74.343435 -10.741553 -85.912503 32.147245 -4.240931 96.519291 -12.633436 -68.139801 64.869396 7.114649 -33.028163 -39.035217 -6.310112 -66.393584 -50.700251 48.516905 25.073966 0.000000 0.000000 0.000000 -95.390646 1.123388 -60.638717 -73.396993 1.209602 -28.332775 50.847892 -3.541837 -56.834047 78.051302 -35.209596 22.855373 0.000000 0.000000 0.000000 
2.701126 -0.617099 25.439232 61.399195 39.728899 107.201553 72.947468 72.182215 77.292810 -102.227286 -85.005510 128.578492 -83.034916 69.297135 23.124890 -65.732451 28.854734 46.302342 -93.768642 42.616397 -11.250562 -87.116246 -14.678122 -55.052974 -96.225833 14.354276 68.204811 75.068163 -37.580098 32.662691 91.172750 51.083850 -43.896362 -88.380420 49.311576 -78.543526 -85.893770 -69.570306 41.698291 31.946594 73.680891 -15.318128 -84.482178 35.195883 -8.330631 96.978152 -13.697669 -67.964515 65.044773 7.353560 -33.395732 -40.601076 -6.515229 -68.024567 -57.542709 49.463358 16.883973 0.000000 0.000000 0.000000 -94.618361 1.921224 -59.202806 -72.412307 0.509264 -28.476201 50.951410 -4.304362 -58.448493 80.347702 -33.558537 19.510898 0.000000 0.000000 0.000000 
3.295568 -0.580804 26.744623 -171.184371 56.354135 15.160877 83.142002 61.541072 77.306398 -86.059549 -75.362317 110.548910 -90.193112 68.687958 22.367547 -69.285447 31.019669 44.535820 -94.123002 45.883875 -3.943127 -86.688087 -10.717194 -56.304687 -95.919653 17.473850 67.792314 74.305701 -40.925423 31.801741 90.120755 51.895640 -37.738785 -88.508986 53.948861 -78.522945 -85.636062 -70.577160 43.019915 13.081126 73.197623 -30.712045 -84.599518 31.225277 -12.384850 96.390482 -14.210090 -66.985824 65.683241 8.535618 -32.594531 -41.822256 -6.646022 -69.203835 -59.206301 49.897160 14.932234 0.000000 0.000000 0.000000 -94.434905 1.910397 -58.459292 -72.211993 0.511269 -28.627858 51.114417 -4.270654 -59.849725 81.544079 -33.833909 18.179253 0.000000 0.000000 0.000000 
3.231977 -0.595072 27.844563 79.551879 21.534303 81.057599 87.997037 51.625749 75.371366 -85.643055 -61.741467 107.317560 -92.315550 67.515837 20.795025 -63.832297 27.451270 44.303366 -95.739346 48.489383 4.226152 -85.768331 -11.523405 -56.855409 -96.037354 18.303133 67.401436 76.385389 -39.822946 28.863925 89.745112 56.236465 -35.254633 -89.448101 58.120189 -80.185435 -84.717930 -74.155356 48.495978 33.492252 69.947022 -20.753325 -81.176887 35.910629 -9.984271 96.177359 -13.945218 -65.253546 66.336264 9.299512 -32.297597 -42.161675 -6.198288 -69.908419 -61.373943 49.390845 12.413862 0.000000 0.000000 0.000000 -94.203110 2.245506 -57.770695 -71.059946 0.014376 -28.383357 51.645888 -3.945387 -62.859946 82.080437 -33.223495 14.071076 0.000000 0.000000 0.000000 
3.530534 -0.587481 29.099813 -115.679532 67.441468 30.751306 90.895576 51.712234 74.486660 -81.451422 -59.268453 105.267143 -95.046513 68.110573 11.427727 -65.563813 28.626436 42.514967 -96.198282 50.770535 13.178798 -84.822628 -13.724611 -57.053281 -97.066176 12.580429 68.631821 77.801397 -39.898483 28.839277 87.974494 54.185234 -36.577881 -89.366985 65.070794 -81.155445 -85.574384 -73.678873 46.795497 24.445329 70.499875 -25.311824 -81.995962 34.357351 -11.400576 95.687404 -13.003826 -63.335269 66.544615 9.907328 -32.038874 -42.949179 -5.092048 -70.382021 -61.388463 49.095441 11.858313 0.000000 0.000000 0.000000 -93.533999 1.894120 -56.127595 -71.214196 -0.539297 -28.817810 51.700161 -3.292409 -64.215817 82.259434 -33.714072 13.091374 0.000000 0.000000 0.000000 
3.821176 -0.582375 29.894484 108.324462 10.765018 59.757922 99.507836 81.028700 88.160667 -75.484748 -66.355173 105.113148 -98.822689 69.100027 -8.338125 -65.500425 28.553108 43.263671 -98.142501 55.057539 24.228384 -84.603644 -15.359057 -58.732721 -97.502725 9.847515 67.553704 78.914986 -39.985503 25.621217 90.026234 57.149566 -27.942081 -90.795533 74.369331 -84.769081 -89.302968 -72.016469 49.369958 52.650083 63.158388 -14.928457 -80.848352 35.849090 -6.842339 95.526830 -12.771654 -61.793291 67.637856 10.549073 -32.199258 -45.053391 -3.025826 -70.081670 -50.138678 52.906638 18.998075 0.000000 0.000000 0.000000 -92.944696 1.827770 -55.166429 -71.585926 -0.620640 -29.780982 51.716942 -4.365544 -63.776201 77.491127 -40.676619 14.499183 0.000000 0.000000 0.000000 
3.800805 -0.584039 30.954794 -9.372281 55.514937 100.844366 -162.192967 88.665508 -168.266863 -57.726214 -69.971697 94.195758 -95.467580 70.298578 -39.919637 -66.442657 29.150914 42.549459 -98.697639 57.480531 29.619514 -84.687179 -17.966519 -58.156998 -98.367324 3.606550 69.855007 80.486860 -40.091112 21.362200 89.980947 59.064082 -21.448264 -91.105229 69.330927 -84.753847 -91.224429 -70.900799 40.777806 67.149192 60.555952 8.973123 -82.263772 32.016898 -8.542132 95.258112 -12.877999 -61.368494 67.467929 10.876081 -32.553470 -45.782097 -2.688532 -70.189593 -43.548409 54.092123 23.712136 0.000000 0.000000 0.000000 -92.681149 2.604398 -55.154436 -71.741467 -1.517256 -30.284760 51.868571 -3.430575 -64.730771 73.468821 -43.180150 16.680311 0.000000 0.000000 0.000000 
4.081943 -0.541754 31.688259 150.265052 30.976165 25.971860 -109.659232 81.668792 -114.716976 -4.374180 -70.714245 61.786597 -97.114596 57.824048 -70.240868 -68.072114 30.935898 44.168064 -96.710937 53.013465 40.075827 -83.344523 -16.937313 -58.168270 -98.106876 0.381524 69.293306 81.315564 -41.426949 21.505558 92.047093 60.400528 -9.549132 -90.798887 51.780753 -82.515185 -93.410948 -71.664023 26.386015 68.684361 56.843772 2.382510 -81.651298 28.363704 -6.817069 94.325051 -12.355929 -60.017935 67.729198 11.073403 -32.377486 -46.536360 -3.200383 -69.305602 -39.029688 54.672949 27.417891 0.000000 0.000000 0.000000 -92.078337 2.279030 -53.732457 -72.738108 -1.710479 -31.790637 52.174640 -2.865135 -65.353080 69.223137 -44.549065 20.597045 0.000000 0.000000 0.000000 
3.777325 -0.523542 32.486160 36.676589 25.398825 86.152120 -91.455204 71.857546 -87.194366 60.986545 -17.009908 16.811496 -95.174197 49.652346 -84.241514 -65.020054 28.705420 45.746511 -95.087818 49.818258 47.665614 -83.311542 -23.910291 -56.047480 -98.374686 -9.631692 72.591591 79.840138 -40.118246 23.768194 92.193064 60.579609 0.028039 -91.797535 43.500301 -82.106752 -95.207046 -70.976345 22.511515 73.032815 52.749318 5.363574 -81.732525 26.590681 -7.653826 94.124193 -12.409842 -59.739317 67.382987 11.218214 -32.709813 -46.790359 -2.776928 -69.058753 -39.818919 55.064766 26.780937 0.000000 0.000000 0.000000 -92.310738 2.627786 -53.854269 -72.703933 -1.523378 -32.333676 52.060300 -2.376625 -65.118871 67.239975 -45.611356 21.859192 0.000000 0.000000 0.000000 
4.005284 -0.528834 33.180218 -151.497416 57.022978 25.870112 -91.812447 67.174671 -91.341813 34.995653 69.904440 12.359751 -97.129606 41.945520 -95.531811 -67.000646 29.480741 44.402449 -95.857839 47.385671 52.825611 -81.337174 -33.286050 -55.020932 -99.571639 -17.501002 75.786161 81.025448 -39.551510 23.893316 93.612294 60.534027 11.443491 -91.836923 41.211529 -82.399694 -96.494566 -71.600032 23.623179 73.248782 56.682150 24.703565 -83.096872 20.715463 -11.826175 92.587622 -10.737946 -56.822952 67.566129 11.480708 -33.229610 -47.093838 -1.644328 -69.047963 -38.669231 53.616343 27.400428 0.000000 0.000000 0.000000 -91.504207 1.430194 -52.091402 -72.939517 -1.163031 -33.585547 51.121997 -1.945738 -66.278692 65.340172 -46.341968 23.286287 0.000000 0.000000 0.000000 
3.778298 -0.531186 33.767780 84.810382 9.721223 57.754269 -88.920326 51.003770 -83.168434 42.305662 78.418506 26.672966 -100.463673 56.082106 -103.250276 -67.824084 31.186414 43.036079 -96.323156 46.786898 55.844995 -80.474534 -39.601369 -53.246153 -100.325046 -22.003884 76.873552 82.722566 -41.310399 20.658720 93.701895 58.171030 18.872310 -91.535846 40.542973 -82.550622 -95.859576 -70.403258 17.745914 75.014793 54.015070 28.062719 -83.776677 19.955455 -12.267322 91.827274 -9.930537 -55.458895 67.678081 11.629585 -33.669850 -46.868577 -1.434230 -69.452652 -37.172679 51.495954 29.183758 0.000000 0.000000 0.000000 -90.860951 1.263547 -51.514782 -73.061999 -1.087674 -34.284276 50.468781 -0.481812 -67.122982 63.405027 -46.376211 25.392667 0.000000 0.000000 0.000000 
4.038409 -0.522454 34.425346 -35.797721 59.373647 86.391167 -88.388108 31.676819 -79.054184 54.905254 80.593915 38.204696 -106.342331 65.889685 -111.913560 -66.364254 32.828275 44.142373 -97.207155 47.862427 59.812036 -79.595804 -49.218227 -48.945865 -100.626176 -23.857766 76.983673 80.697050 -41.508126 22.020069 93.110779 54.285860 21.659339 -91.364017 38.417394 -82.471138 -97.644899 -71.028255 16.487048 78.341923 47.768718 34.636994 -84.281609 14.890704 -13.417089 91.234274 -9.213096 -54.180555 68.021620 11.552468 -34.606295 -46.259711 -2.643534 -70.122943 -38.916448 50.192055 28.798644 0.000000 0.000000 0.000000 -90.249372 1.463552 -50.006530 -74.338481 -0.990976 -35.600480 50.214939 0.744148 -68.168684 64.151732 -46.322779 24.131868 0.000000 0.000000 0.000000 
3.737053 -0.522799 34.884975 141.904929 24.162199 27.045335 -88.106140 8.951323 -76.283754 65.303424 80.309200 47.165733 -103.539966 59.707894 -107.794314 -66.728788 32.320055 44.809418 -97.413778 47.997491 62.898552 -80.348010 -51.127541 -48.005880 -101.457341 -31.680603 79.179079 82.531201 -41.661889 19.975661 94.097584 53.315379 27.005961 -90.792790 39.499727 -82.204152 -98.321660 -71.710872 7.893757 79.301912 45.968805 38.644615 -84.621418 13.786933 -15.116081 90.463031 -8.478226 -52.570404 67.958525 11.550306 -34.802393 -45.681804 -3.318724 -70.318275 -38.624049 49.692099 29.178013 0.000000 0.000000 0.000000 -89.604126 1.653632 -49.041225 -74.111107 -0.985306 -35.898842 49.796392 1.743609 -68.378799 64.477560 -45.854813 24.035120 0.000000 0.000000 0.000000 
3.895226 -0.518895 35.648228 28.191533 26.003132 85.730723 -88.558073 -14.574955 -74.699131 85.259082 77.692717 67.959356 107.758440 62.161551 94.205403 -69.095729 33.666441 43.023100 -98.542481 50.864175 63.491451 -81.525680 -53.531517 -47.329301 -105.460648 -47.169382 86.952585 85.680095 -40.821921 18.206132 94.530603 50.932589 31.162292 -90.962966 51.992104 -84.250191 -101.297896 -71.383827 3.991225 85.194356 50.065194 60.489207 -87.801072 8.074710 -17.282357 89.466490 -5.922535 -48.828778 66.708190 12.819248 -34.541454 -44.885742 -4.614064 -71.595581 -40.946709 50.336736 25.025339 0.000000 0.000000 0.000000 -89.024949 0.846412 -47.667538 -73.341036 -1.075294 -36.116619 49.267460 0.449080 -67.841055 63.351354 -47.498214 24.409546 0.000000 0.000000 0.000000 
4.002137 -0.514771 35.868713 -153.324423 53.654481 23.867044 -89.571964 -32.596719 -71.460384 87.703947 76.202821 68.423786 103.867218 52.505009 88.931639 -69.691168 33.718619 43.149763 -100.549417 54.835688 61.811706 -83.658489 -55.815449 -46.714491 -113.635648 -61.662376 99.683141 88.721573 -41.850662 15.030518 95.704908 50.795184 35.942819 -90.721745 51.643300 -84.156681 -103.068901 -71.888200 -3.635753 86.076355 50.627041 64.559691 -87.728869 6.386498 -16.790510 88.594560 -4.956320 -46.525416 65.750547 13.517466 -34.129865 -44.411594 -5.063271 -71.852226 -43.023001 49.766199 23.049458 0.000000 0.000000 0.000000 -88.510278 1.023586 -46.837254 -72.681908 -1.385621 -36.178597 48.783014 0.261318 -67.802267 63.407454 -48.473192 23.477661 0.000000 0.000000 0.000000 
3.523298 -0.509618 36.540306 82.664157 5.376254 55.247713 -87.579540 -42.019250 -66.017475 93.649103 74.205937 75.246058 100.039027 28.332885 79.298688 -66.361386 32.674493 46.131169 -99.926125 54.886063 62.804170 -82.713025 -56.461342 -44.734634 131.311991 -73.763547 -136.547563 88.259684 -41.643626 16.071182 95.431708 48.815028 40.678906 -91.397389 71.079106 -86.966108 -106.165005 -73.642391 -7.132463 86.841881 47.682941 71.063123 -89.412298 7.427631 -19.172118 87.954605 -3.968412 -45.368445 64.088612 13.962282 -33.265124 -43.810709 -5.860952 -71.345199 -47.967767 48.914974 19.525314 0.000000 0.000000 0.000000 -88.317219 -0.039232 -47.154537 -71.894854 -1.143940 -35.667704 48.930740 -0.007022 -67.793599 64.127376 -49.184791 22.785812 0.000000 0.000000 0.000000 
4.269885 -0.506492 36.913460 -42.884888 56.726660 78.812771 -87.524825 -45.761280 -63.010877 95.920148 73.649790 77.774664 100.118408 27.533874 79.268552 -63.055617 31.700700 47.865440 -100.053999 55.217621 63.272625 -82.495737 -56.035259 -44.774734 108.968641 -56.071918 -109.193305 87.917680 -43.711677 17.866989 95.750690 47.314727 42.076447 -90.696974 78.551507 -86.934877 -106.998985 -74.110838 -16.660002 85.728011 50.352693 71.977135 -89.794960 6.106802 -20.112357 87.358675 -3.362690 -44.526969 63.053233 14.683481 -32.408292 -43.412487 -6.167040 -70.617499 -50.543867 48.405606 17.975083 0.000000 0.000000 0.000000 -87.958690 0.053433 -47.245711 -70.698900 -1.341929 -35.156815 48.757343 -0.072931 -67.359373 65.183740 -49.342718 21.846540 0.000000 0.000000 0.000000 
3.432738 -0.482303 37.177715 139.616701 19.503342 25.026190 -85.742661 -50.019105 -56.889600 96.596050 73.229887 74.092147 99.520719 20.742038 75.589212 -61.966955 31.997456 49.965148 -100.049722 56.961187 64.673141 -83.838197 -45.564850 -49.082474 106.510261 -53.363159 -104.485001 85.638194 -44.519176 19.633256 95.560021 46.057426 43.892930 89.714267 50.772246 90.422554 -110.654409 -76.886523 -13.419369 86.681715 37.274216 67.696227 -90.388949 0.450295 -20.084113 87.292407 -2.680954 -44.220119 62.081525 15.234480 -31.017877 -43.254438 -8.570133 -72.469528 -51.872096 46.013428 16.844468 0.000000 0.000000 0.000000 -87.689223 -0.480746 -47.350158 -71.001087 -0.968108 -35.041683 48.589727 -0.215593 -66.447827 66.455490 -47.978673 23.652928 0.000000 0.000000 0.000000 
3.996927 -0.484175 38.012932 27.510474 27.080388 84.232558 -84.456032 -50.543091 -54.693350 97.791537 73.214061 74.049196 99.237982 17.112388 74.305454 -61.539028 30.737838 49.534523 -99.611812 57.481082 65.342883 -84.146502 -39.312699 -50.966473 103.906333 -45.638272 -99.709331 83.115441 -41.494173 19.069004 95.812251 46.483488 45.360438 89.627422 25.854204 88.653652 -113.181204 -78.456355 -18.903312 87.305699 38.392312 67.603566 -90.368302 -1.010930 -19.648046 87.173972 -2.415615 -43.310142 61.635536 15.638482 -30.326337 -43.882852 -9.043641 -73.471309 -53.134173 44.552353 14.220312 0.000000 0.000000 0.000000 -87.749498 -0.923496 -47.872840 -71.219416 -1.059322 -35.136733 48.698162 -0.231783 -66.723171 66.723696 -47.981297 22.503763 0.000000 0.000000 0.000000 
4.083829 -0.467256 37.849213 -158.218716 56.743061 16.392431 -83.998087 -51.555379 -54.107930 98.451662 72.787729 73.659541 99.615062 16.673972 73.723994 -61.544606 30.202624 50.149161 -99.540450 58.710369 65.988088 -84.470543 -25.957129 -52.969776 101.652591 -39.446940 -93.229837 81.430359 -43.127704 22.905179 96.090453 47.726070 45.973075 89.875787 19.546557 87.236547 -144.128937 -82.353681 0.847630 88.284444 29.810351 69.702497 -91.205561 -1.172691 -19.733810 87.062449 -0.911418 -42.958645 61.155649 15.568227 -30.198221 -43.987481 -9.435693 -74.341465 -51.803803 46.166336 12.352347 0.000000 0.000000 0.000000 -87.770933 -1.118163 -48.664365 -72.393660 -0.513069 -36.310512 48.895122 -0.425850 -67.490174 66.983402 -48.209421 21.103961 0.000000 0.000000 0.000000 
3.133759 -0.483789 38.746548 88.024767 10.946702 51.549678 -84.233794 -49.652581 -55.049571 100.132017 72.644607 74.931566 99.732005 14.802709 72.534535 -60.311905 30.607225 52.078290 -100.001346 59.575087 65.625439 -84.960783 -15.812601 -54.209548 101.029771 -36.441899 -89.544108 80.160793 -42.215013 22.996038 96.185485 49.185112 46.082908 89.930733 14.417774 86.270753 -162.888883 -82.814580 16.775369 89.258727 23.405722 70.292842 -91.667260 -1.572422 -19.588691 87.367753 -0.773331 -42.931787 60.537197 15.562630 -29.814815 -43.581919 -9.307931 -74.673305 -51.443228 45.836313 12.537437 0.000000 0.000000 0.000000 -87.764538 -1.050534 -49.297630 -72.710381 -0.332459 -36.346674 48.753818 -0.100596 -68.079520 66.906790 -47.968871 20.920167 0.000000 0.000000 0.000000 
4.599893 -0.513814 39.059013 -29.583530 61.255085 82.668882 -84.618767 -47.207756 -59.184859 101.281781 71.125926 76.808033 100.025509 15.063841 72.758435 -59.799798 28.865962 51.068735 -98.535924 56.919812 69.704971 -84.734333 -9.971099 -54.106624 100.759459 -37.926443 -87.124813 78.807850 -39.309109 24.724252 96.324815 48.891779 43.817702 89.730355 16.958648 85.298084 -157.219480 -83.337374 10.221633 88.579521 25.659730 69.489902 -91.330498 -0.456592 -16.970727 88.222262 -0.512974 -43.023736 60.899959 15.399999 -29.185637 -43.471897 -8.331225 -74.692750 -47.989170 47.735297 14.598564 0.000000 0.000000 0.000000 -88.186492 0.394116 -49.793227 -73.217002 0.487884 -36.547191 49.006407 -1.705417 -66.151790 67.270772 -47.956686 19.157182 0.000000 0.000000 0.000000 
3.239382 -0.542571 38.988594 137.421819 26.467029 11.593204 -84.725643 -42.004642 -64.433420 101.728391 70.113933 78.180617 100.001452 13.525356 71.578787 -59.640054 28.636851 52.779538 -97.048276 53.330205 72.701849 -85.024192 2.309211 -55.744356 100.410718 -39.019740 -85.856867 76.499839 -37.147160 25.210889 95.808557 50.268627 43.351285 89.541694 14.774297 84.419004 -162.528029 -83.627033 17.137662 88.519731 22.729312 70.058878 -90.903694 -0.540761 -16.644439 88.608038 -0.607911 -42.978969 60.735639 15.382986 -29.132794 -44.139824 -8.103622 -75.302612 -47.207047 47.716318 16.353077 0.000000 0.000000 0.000000 -88.135170 0.522199 -50.010908 -73.832248 1.247289 -36.775483 48.603549 -2.527186 -64.717177 66.546354 -47.457183 20.592240 0.000000 0.000000 0.000000 
3.629339 -0.576250 40.311512 11.544209 55.361151 58.130295 -86.053767 -36.326691 -69.346321 101.625178 69.233437 78.742932 100.331766 13.767201 70.830761 -60.619275 29.022907 49.205504 -93.883831 16.379860 82.375760 -84.491278 16.598605 -56.492883 100.384973 -43.313607 -82.862300 74.224706 -36.399914 26.554418 95.416991 50.110726 39.986642 89.308898 10.762392 82.488237 171.565990 -84.892222 31.307201 88.232652 20.095480 64.802816 -89.874237 -2.907793 -13.653899 88.922823 -0.575224 -43.273982 61.287689 15.408077 -28.555070 -43.346373 -8.840187 -75.945168 -43.646982 48.641502 19.725752 0.000000 0.000000 0.000000 -88.372177 1.238495 -50.405892 -75.362282 2.166679 -36.963877 48.820506 -3.677318 -62.951336 67.673962 -46.798857 20.671738 0.000000 0.000000 0.000000 
4.682550 -0.614531 39.957069 92.794310 -14.517932 -46.529125 -86.242509 -27.888498 -73.969537 101.457206 67.946135 79.669191 100.312454 12.226241 69.166716 -63.339444 29.089768 47.704438 -93.790556 -13.144097 85.481802 -83.391024 28.859216 -54.676938 100.574005 -45.966299 -80.601918 74.557806 -35.802832 26.587194 95.097327 51.631272 37.759550 89.002486 9.543425 81.046353 135.734385 -83.336669 61.504869 87.316615 18.468161 64.048786 -90.119826 -2.427296 -13.644066 89.347400 -0.829403 -43.225723 61.322307 15.217373 -28.458283 -43.432764 -8.642687 -76.145518 -41.597347 49.610165 21.972313 0.000000 0.000000 0.000000 -88.385000 1.508421 -50.727866 -76.030400 2.448989 -36.671491 48.844038 -4.665385 -61.686557 66.821573 -46.899876 20.752342 0.000000 0.000000 0.000000 
2.472199 -0.617396 40.979702 -65.662886 26.609785 -34.293525 -83.679720 -20.678135 -67.759971 100.913106 70.714173 77.607280 99.856552 -7.038740 65.825193 -62.583106 26.506164 42.792099 -93.621927 -0.924825 82.095195 -79.706781 66.065335 -51.150621 102.579535 -52.322120 -78.662141 73.804474 -33.761812 28.550219 94.671763 53.631423 35.087667 88.545356 4.927714 78.922933 112.470453 -82.106713 77.147767 87.017579 18.286617 67.024745 -91.364238 -0.695355 -15.951679 89.803671 -2.464846 -43.530279 61.668587 16.373893 -27.172388 -43.867724 -7.579812 -75.730190 -40.697329 50.753201 22.000389 0.000000 0.000000 0.000000 -89.390659 3.261486 -51.190959 -76.038575 2.269163 -35.309980 49.035104 -2.844491 -62.059653 65.777603 -45.999104 21.799821 0.000000 0.000000 0.000000 
4.641252 -0.623095 41.938828 149.886929 -19.419866 -69.736865 -82.237365 -16.937153 -64.165402 96.293196 72.099424 73.511302 100.081877 -18.757675 61.059891 -62.752797 23.975354 46.412576 -96.986177 53.728720 62.795721 76.221383 83.677111 97.099151 106.539370 -65.008252 -72.180068 71.640668 -30.986443 29.067745 92.948736 57.430900 31.676504 88.333522 3.501365 78.726050 92.845798 70.865396 87.629377 85.797223 19.312346 66.333695 -91.017795 0.958137 -18.404424 90.293673 -2.996859 -44.459488 60.845701 16.370461 -26.453479 -43.880307 -7.109184 -75.409529 -39.361660 51.878182 22.732559 0.000000 0.000000 0.000000 -90.174861 3.297266 -52.078923 -76.606946 1.901438 -34.691042 48.830337 -3.590722 -61.361703 66.068958 -47.088970 22.684637 0.000000 0.000000 0.000000 
3.373285 -0.598833 41.811901 1.943114 -22.387831 -24.687339 -81.470898 -10.039089 -58.234911 92.832983 73.052438 70.386863 100.066384 -23.196272 57.838677 -62.822821 22.824671 46.720665 -99.816337 61.210325 47.222227 92.685410 56.570783 105.760335 114.588692 -71.034789 -72.705017 70.194841 -30.569794 31.631013 91.937684 54.436550 28.688833 88.986707 8.355779 79.841899 -91.017743 -85.504766 -62.337528 86.784187 16.732510 67.339409 -90.944750 -1.837448 -16.637177 91.379842 -4.940292 -45.661821 60.624398 16.290158 -26.459233 -44.139331 -6.461142 -74.277303 -42.394225 52.929484 18.690386 0.000000 0.000000 0.000000 -91.722541 4.855928 -53.426798 -74.936936 1.427338 -32.093978 48.102287 -3.771458 -58.981921 69.130874 -46.084000 22.746312 0.000000 0.000000 0.000000 
3.499507 -0.558937 43.387863 -125.251167 -4.252950 -75.854968 -82.680754 6.067929 -50.569789 89.700944 73.235028 65.769644 99.564662 -19.904916 56.222895 -61.913350 21.738072 47.961556 -102.440667 64.753087 33.308122 93.303017 12.084327 99.678997 118.259300 -74.343363 -72.154500 70.153549 -32.125278 32.025281 90.806051 53.976641 23.672763 89.028432 28.783542 85.596764 -80.656189 -81.648432 -53.123978 86.698119 17.949070 67.267108 -91.237326 -1.144158 -15.885544 91.732030 -5.253524 -46.845593 60.191173 16.306870 -26.555670 -43.797690 -5.312687 -74.086863 -44.074559 53.774010 17.477882 0.000000 0.000000 0.000000 -92.663832 5.895741 -53.909522 -75.093145 0.783555 -30.903379 47.984333 -6.023808 -57.202298 70.888428 -45.201385 21.973457 0.000000 0.000000 0.000000 
4.322306 -0.521785 43.351562 70.263102 -55.617923 -47.646333 -82.381991 32.779656 -49.322402 79.543093 75.578664 47.209694 99.166551 -18.363952 56.500944 -64.587114 17.772916 49.472616 -101.426570 63.102935 37.431362 94.207945 -31.113230 87.647120 112.774893 -73.555957 -82.156358 74.962598 -34.284706 28.175156 90.645800 55.761754 18.944481 89.257240 63.359070 90.044989 -85.828701 -80.749880 -31.289359 87.954952 24.561558 65.573080 -90.129817 1.168431 -14.540853 92.738477 -5.129245 -48.133033 61.425136 16.153435 -25.914076 -46.218666 -4.640565 -73.175412 -46.594936 53.858482 18.399852 0.000000 0.000000 0.000000 -92.978943 4.295561 -53.879175 -76.092132 0.227795 -31.087266 47.810064 -6.624836 -56.012550 71.386297 -44.062544 26.840887 0.000000 0.000000 0.000000 
2.859253 -0.498214 44.597145 -77.979968 -1.332870 -51.210828 -80.618871 47.571679 -41.837860 70.563111 74.733392 29.590969 98.914453 -14.136078 58.045993 -64.256338 19.980876 46.056068 -99.249735 56.685794 45.762914 93.822945 -34.823476 85.259133 111.078827 -70.562368 -98.226424 71.407206 -31.362144 31.122314 90.744751 56.558187 14.572914 -90.829352 70.881942 -84.988656 -86.487211 -78.365404 -22.751760 88.363459 25.436419 67.055968 -90.413871 2.716237 -13.517300 92.524393 -4.987137 -49.038399 61.854467 15.669152 -26.015333 -47.357433 -3.627627 -72.507428 -46.967862 53.607317 19.002623 0.000000 0.000000 0.000000 -93.087813 4.071819 -53.775840 -76.400199 0.143033 -31.240331 48.236236 -7.702017 -54.941956 71.835413 -43.983415 27.197432 0.000000 0.000000 0.000000 
4.510156 -0.481253 45.147560 139.527555 -48.272874 -81.770859 -79.296430 58.276123 -38.069247 60.293121 72.737007 6.599040 98.101864 -9.044224 60.522175 -61.017743 18.944988 47.818863 -93.388711 26.442340 56.152026 87.446482 -40.322044 79.649516 -170.868913 -82.980478 165.476536 72.815768 -31.832942 31.758760 89.879364 58.840148 5.431220 -90.279182 53.467740 -81.946111 -84.974510 -74.817368 -13.831274 89.727428 31.108234 73.960191 -91.911155 8.270362 -16.051088 92.578424 -3.530796 -48.662219 61.510507 15.921684 -25.757061 -48.304855 -3.548965 -72.051800 -43.654238 54.277356 19.020049 0.000000 0.000000 0.000000 -92.891090 4.053633 -54.184295 -76.081030 0.345342 -32.097655 47.999163 -6.941249 -54.375679 72.306019 -42.259612 27.782981 0.000000 0.000000 0.000000 
2.924026 -0.474539 45.725819 -41.617594 -13.715743 -35.302283 -79.272633 63.971684 -37.356279 56.840595 69.073180 -8.001248 98.183996 -3.261423 63.164631 -62.499442 22.054933 47.004316 -92.310511 0.268592 60.719705 80.924714 -24.815000 73.530099 -98.418910 -26.023625 79.725265 78.215233 -33.365127 32.142596 88.933580 59.143418 -0.532631 -90.706263 43.649244 -80.339194 -85.567868 -73.062861 -7.863732 89.851950 25.407803 78.092708 -91.880151 10.577944 -15.009891 92.216463 -2.931345 -48.218621 61.319386 15.531430 -26.045597 -48.294467 -3.187046 -71.810923 -41.939203 54.196743 19.305692 0.000000 0.000000 0.000000 -92.499897 3.096137 -53.944103 -75.268226 0.425410 -32.522090 48.172817 -7.312716 -54.356069 72.544805 -41.956680 27.611692 0.000000 0.000000 0.000000 
4.247548 -0.469148 46.747929 179.583036 -32.847785 -88.993090 -75.943323 70.898101 -37.314962 59.385344 63.173677 -18.687265 97.900437 3.597681 65.148808 -63.046673 21.905939 46.505771 -90.066920 -46.068448 63.390002 75.151353 -12.166105 56.678313 -98.858001 -13.460843 72.613233 80.397064 -35.005784 32.309276 88.500358 59.867543 -11.498017 -90.190837 39.152954 -80.109088 -84.458503 -70.865929 -3.023372 89.103821 36.777174 77.522650 -91.419050 18.066099 -15.808262 91.474958 -1.184140 -48.530352 60.797414 14.678463 -26.628656 -47.406998 -3.004617 -71.675840 -38.675296 54.005328 21.829933 0.000000 0.000000 0.000000 -91.858020 1.712120 -54.150253 -75.181859 0.430122 -33.093140 48.191327 -7.004461 -54.172349 73.379554 -41.619585 27.209096 0.000000 0.000000 0.000000 
3.272246 -0.484907 46.972870 -15.130778 -25.500998 -25.496670 -75.156231 73.346575 -38.410712 64.367969 59.004954 -24.929130 97.877154 9.792627 67.394485 -66.555270 25.240557 44.598896 -85.036817 -61.175850 58.789739 58.222344 46.827409 34.694475 -99.330303 -9.247385 70.146015 83.754574 -34.932859 31.672620 87.420684 58.971297 -21.806091 -90.419951 38.377657 -80.958593 -85.398047 -67.991747 2.016548 90.307624 38.447726 80.405490 -90.579425 20.753273 -15.261590 90.948826 -0.164368 -47.387283 61.079210 14.185457 -26.603754 -46.552126 -3.003565 -71.389928 -36.354982 53.140377 23.884561 0.000000 0.000000 0.000000 -91.259725 0.385789 -53.126214 -75.643377 0.444899 -33.559954 48.296252 -7.041398 -54.938247 72.925365 -41.554999 28.256813 0.000000 0.000000 0.000000 
3.901782 -0.485267 48.216496 -158.193420 -19.309615 -84.356643 -70.265585 76.263174 -33.253833 73.231247 50.468231 -34.137898 98.022356 19.843941 70.606408 -69.107226 28.448855 43.452591 -73.206233 -79.392859 51.183662 7.164068 55.899440 0.722053 -99.664098 -8.805317 68.837829 85.990961 -37.245582 28.623198 87.974733 57.785683 -35.411101 -90.360307 36.366378 -81.154936 -85.723956 -68.106296 8.963786 88.750286 52.345820 79.635468 -90.374122 22.291491 -18.120989 90.680622 0.784307 -46.990791 61.012854 13.771484 -26.934613 -46.493192 -3.616810 -71.370617 -36.883972 52.616661 25.718764 0.000000 0.000000 0.000000 -91.358893 -0.732551 -52.487879 -74.915521 -0.051933 -33.498539 48.720848 -5.710050 -56.699753 73.571546 -42.586291 28.268095 0.000000 0.000000 0.000000 
3.506798 -0.493407 48.431099 3.445816 -34.772153 -23.970070 -71.504882 78.136864 -35.335970 80.681313 44.846133 -37.672100 98.452980 29.235573 74.361348 -68.804915 28.349840 44.449469 -32.648004 -82.008982 16.663646 -44.584397 56.728799 -24.164814 -100.177898 -11.831054 69.128965 86.856832 -37.688484 26.072766 89.066030 55.274757 -42.142538 -90.303465 37.442338 -81.634209 -86.489451 -66.018578 13.372659 89.861518 51.086141 83.385323 -90.709403 23.457826 -19.195021 90.319822 1.266504 -47.036429 61.452543 13.548705 -26.848145 -46.407295 -3.728254 -71.304261 -35.389764 52.877159 26.338430 0.000000 0.000000 0.000000 -91.237040 -1.375561 -51.917873 -75.312674 0.116023 -33.934402 49.041409 -5.345310 -57.968632 73.299425 -43.182523 28.618967 0.000000 0.000000 0.000000 
3.658516 -0.506687 49.725674 -141.210593 -11.553044 -79.418523 -66.926850 79.506375 -30.218715 84.154049 36.578533 -42.083952 99.382337 38.723516 78.102039 -68.024440 28.837704 42.022843 51.912308 -41.329473 -23.973534 -65.850697 41.354799 -37.714362 -99.998159 -8.121035 66.947321 87.357024 -37.608383 24.172203 89.525975 49.967608 -48.050763 -89.963431 31.378333 -80.482982 -87.788971 -61.685296 17.236109 91.704913 69.194454 86.618377 -90.299795 21.053925 -14.221168 89.397077 0.214645 -46.701200 60.998909 13.724437 -27.223157 -45.237009 -4.282549 -71.028738 -35.334842 53.130043 26.941247 0.000000 0.000000 0.000000 -90.846647 -2.325728 -51.003017 -74.853422 -0.185166 -34.099354 49.099650 -5.616909 -58.563152 73.207548 -43.347850 28.589307 0.000000 0.000000 0.000000 
3.650356 -0.521066 50.048656 20.109121 -41.802229 -26.068147 -64.565526 80.961390 -30.544714 87.535601 28.585448 -45.302321 99.888656 43.677497 79.857063 -66.454777 28.639676 43.067006 33.949431 55.447308 -29.730151 -74.021483 25.276968 -45.097591 -99.511441 -5.624608 66.336695 87.187616 -37.865614 24.181638 89.824707 43.759080 -53.308117 -89.776804 29.054816 -80.466410 -88.136555 -59.342548 19.509227 93.822840 72.523118 88.868922 -89.687041 21.864995 -12.695556 89.054061 -0.172772 -47.058287 61.375910 13.578487 -27.350815 -44.711707 -4.221663 -70.740043 -35.244049 53.224884 27.402684 0.000000 0.000000 0.000000 -90.716475 -2.673195 -50.869869 -75.230873 -0.171830 -34.068145 49.135117 -5.042526 -59.214955 72.622669 -43.224436 28.736789 0.000000 0.000000 0.000000 
3.495378 -0.520941 51.407635 -130.173616 -6.202483 -74.018135 -57.205155 82.448500 -25.358047 89.805926 16.742271 -47.951157 100.195969 48.850330 81.528092 -63.352398 25.901640 44.799005 4.387399 60.578887 -50.925160 -74.997881 -17.624788 -49.346995 -99.697871 -3.858348 67.232538 85.865454 -36.643634 25.555771 90.622182 35.163050 -57.954424 -89.703566 26.864118 -80.486298 -88.870695 -57.307566 21.577712 93.178353 74.353842 87.874150 -88.574227 23.669997 -9.296988 88.314067 -0.980093 -46.637573 61.757366 13.539387 -27.916080 -45.246409 -3.251150 -70.717786 -35.402146 53.697994 28.076990 0.000000 0.000000 0.000000 -90.235989 -2.852603 -49.846833 -74.797372 -1.102778 -34.252228 48.851289 -3.716198 -60.061757 72.685071 -43.139187 27.053018 0.000000 0.000000 0.000000 
3.728949 -0.537623 51.926937 36.652956 -47.520534 -31.775198 -50.386756 83.166423 -19.905516 91.298635 10.260187 -49.462969 101.013798 56.027718 84.176246 -61.024075 24.989219 44.927736 -11.786663 57.990584 -61.000328 -71.831548 -39.183124 -49.289562 -99.566123 -4.718025 68.450944 84.767582 -36.442218 25.736345 91.215846 29.571251 -60.624898 -89.722746 24.170713 -80.685772 -89.307658 -55.657006 24.064796 91.610320 66.962545 85.039046 -88.222836 24.004092 -7.217480 87.801409 -1.688545 -46.976021 61.822635 13.434428 -28.015248 -45.143763 -3.064797 -70.944316 -34.641775 54.192817 28.353481 0.000000 0.000000 0.000000 -90.012609 -2.936757 -50.025922 -74.654419 -1.186716 -34.063507 48.336058 -3.349864 -59.838291 72.795391 -42.880902 27.149628 0.000000 0.000000 0.000000 
3.349803 -0.554790 53.325439 -114.352549 -3.164802 -68.870049 -55.426896 82.299009 -22.493669 93.663887 -4.187522 -52.797907 99.851220 61.942003 85.555167 -60.862944 24.483655 44.801391 -33.740300 53.647401 -69.410276 -66.577718 -58.975152 -44.687028 -99.458259 -5.243248 69.756751 82.675181 -34.951452 27.823390 91.733273 20.179239 -63.606041 -89.760989 25.917821 -81.803758 -89.510190 -55.255131 24.430175 84.848438 77.259492 75.105197 -87.494704 26.151039 -2.398373 87.659079 -3.513285 -47.969465 62.378277 13.350502 -27.949861 -44.884151 -2.924185 -70.933070 -31.869208 54.194150 32.337151 0.000000 0.000000 0.000000 -90.113024 -2.752449 -50.589757 -73.382480 -2.202593 -32.608808 48.240865 -2.060619 -60.307662 73.560452 -41.722086 28.210495 0.000000 0.000000 0.000000 
3.797457 -0.579857 54.065960 65.441275 -55.378326 -47.471902 -57.062960 82.514612 -24.632610 94.742689 -14.205792 -55.645095 101.716118 69.068414 89.702220 -60.810178 24.164126 45.716571 -38.672664 44.090947 -73.384040 -64.289834 -66.138667 -41.472039 -98.972166 -5.866357 71.086345 82.838557 -35.565783 28.252869 91.708252 14.844214 -65.225482 -89.881324 22.394674 -81.327058 -89.772441 -54.161110 25.427973 88.957389 68.849288 78.480392 -86.672229 26.719865 0.604652 87.602195 -4.223446 -48.314658 62.648128 13.294925 -27.901768 -44.888017 -3.123863 -71.004616 -29.634577 54.041182 35.170418 0.000000 0.000000 0.000000 -90.127221 -2.955237 -50.826670 -73.249364 -2.463516 -32.022577 48.187449 -2.040122 -59.961131 72.491339 -41.891432 29.751472 0.000000 0.000000 0.000000 
3.166517 -0.588322 55.525723 -94.268928 -1.329743 -60.796908 -50.750155 82.893782 -18.256369 96.836164 -29.028087 -60.152494 100.170257 74.646119 90.646086 -61.176182 24.867789 45.967014 -56.469792 28.921891 -76.323541 -70.716260 -70.960242 -35.780405 -99.106994 -5.908029 71.493959 79.088729 -34.905186 30.987751 91.957316 12.892724 -66.865579 -89.893690 24.946892 -82.708838 -89.684386 -53.943736 26.052755 86.653150 62.082544 69.054851 -85.788596 27.254095 4.183126 87.797207 -5.123903 -48.680961 63.551939 13.487882 -27.925088 -46.219308 -2.834617 -70.523843 -31.098617 54.075878 34.472955 0.000000 0.000000 0.000000 -89.946318 -2.830757 -50.675949 -72.767834 -3.031301 -31.309827 48.085671 -1.088258 -60.500646 73.002840 -40.572626 29.605385 0.000000 0.000000 0.000000 
3.822751 -0.605537 56.575756 106.545607 -56.261735 -72.926012 -44.541678 83.451385 -12.575960 98.000249 -35.510264 -62.727268 -109.590717 84.891925 -112.967210 -62.539337 25.460763 45.752867 -60.427060 16.828011 -77.325382 -76.710235 -73.850000 -31.291298 -98.806844 -3.961221 70.675904 79.839504 -34.697129 30.724612 92.311547 12.224214 -67.622198 -89.961396 24.458187 -82.500003 -89.791521 -53.780363 28.109243 85.622890 60.170905 66.216787 -85.851229 28.451144 4.578342 88.336287 -5.865550 -49.267044 64.148019 13.064886 -28.042655 -46.538405 -2.320658 -70.180667 -31.029990 54.276311 34.190766 0.000000 0.000000 0.000000 -90.131643 -2.740187 -50.533822 -72.446457 -3.000477 -30.812271 48.156500 -1.229448 -59.925042 72.191214 -40.090990 29.398423 0.000000 0.000000 0.000000 
2.981117 -0.607576 58.088200 -67.254320 -5.026526 -52.308993 -39.502201 82.977072 -4.101040 100.894446 -46.483354 -69.032175 -87.682113 79.489608 -83.290138 -63.133705 24.837079 46.342096 -71.135817 14.868758 -78.397343 -82.002608 -74.155995 -29.597281 -98.438186 -5.949186 68.551115 76.807166 -33.328841 31.739016 92.442499 8.771588 -68.676275 -89.801084 33.345304 -84.026794 -89.439084 -55.953358 29.339494 83.773961 50.212392 55.288908 -85.690603 31.092394 2.434653 88.834354 -6.560189 -50.265916 65.001639 12.684071 -27.326265 -46.632669 -1.952069 -70.087514 -26.584145 53.904112 38.164316 0.000000 0.000000 0.000000 -90.074782 -3.098952 -50.248028 -72.161317 -3.048820 -29.533246 47.999311 -0.566680 -59.363842 71.647227 -40.212185 29.798063 0.000000 0.000000 0.000000 
3.824738 -0.621791 59.550907 156.725108 -44.463159 -100.021102 -33.950027 83.851599 -0.326131 102.140918 -50.229300 -71.384814 -85.559750 71.154007 -67.286073 -63.705029 25.834924 45.547731 -74.475143 -2.684235 -78.132559 -86.514272 -73.776637 -29.481994 -98.276928 -5.516890 67.514146 76.773398 -33.485094 31.653093 92.796720 19.148976 -67.140931 -89.841294 37.087002 -84.545232 -89.215517 -57.839311 32.379650 83.491002 46.077286 52.993583 -86.087491 31.225969 2.242212 89.475564 -6.950347 -50.939560 65.451408 12.687769 -27.317198 -46.940740 -1.491570 -69.248078 -26.065312 53.139227 39.742103 0.000000 0.000000 0.000000 -90.246400 -2.870617 -50.190974 -71.694899 -2.933943 -28.797119 48.218212 -1.452263 -58.531282 71.476596 -39.832776 29.643862 0.000000 0.000000 0.000000 
2.853641 -0.618983 61.045578 -28.172072 -19.058391 -45.506036 -31.017921 84.082182 2.465162 104.358540 -55.821256 -75.701762 -72.697241 77.449415 -45.618024 -65.166747 27.149002 44.119452 -77.791819 -4.589813 -76.246710 -90.812925 -73.942205 -25.325070 -98.430529 -10.066099 68.020442 73.231266 -33.508344 31.902322 93.314378 26.552387 -67.600638 -89.761502 52.909246 -85.662187 -88.760533 -59.215580 33.398123 84.907291 43.325400 50.859632 -86.406734 28.029487 1.486511 89.673503 -6.988546 -50.749482 65.885115 12.947772 -27.435049 -47.092554 -1.746288 -69.963208 -28.600293 53.517192 37.409462 0.000000 0.000000 0.000000 -90.221802 -3.080344 -50.317451 -71.033119 -3.222302 -27.701021 48.143411 -0.418778 -58.975607 70.950287 -38.835957 28.925378 0.000000 0.000000 0.000000 
3.591916 -0.629591 63.167297 -163.496215 -18.713095 -103.307481 -6.964878 85.039335 22.456457 105.528297 -58.218071 -78.091143 -69.624276 76.419489 -26.684897 -66.076389 26.830381 44.250289 -79.055038 -6.532142 -73.271466 -86.931299 -73.202515 -26.804348 -98.400447 -8.901018 67.743682 73.547874 -32.172383 30.663403 94.022046 36.272847 -66.063949 -89.124433 67.010764 -86.024360 -88.187746 -60.765535 37.934390 83.820481 41.756205 50.446155 -86.920840 27.277495 -1.023825 89.894024 -7.311717 -50.546772 66.158141 13.335992 -27.308477 -47.214898 -2.230508 -70.019752 -29.968751 54.096955 35.154014 0.000000 0.000000 0.000000 -90.018291 -2.787705 -49.913281 -70.040563 -3.334302 -26.546565 48.368977 -0.880057 -58.224152 71.310074 -37.594290 27.338997 0.000000 0.000000 0.000000 
2.991493 -0.632823 64.758369 20.237296 -36.155993 -53.111580 41.836904 84.530151 60.811433 108.503205 -65.245282 -80.166279 -71.428918 72.672158 -1.340498 -66.742707 29.204790 43.044091 -79.455888 18.478036 -57.753396 -93.912832 -65.298270 -40.516328 -97.860554 -1.478546 69.269601 71.715229 -31.286794 33.282288 94.104714 46.653812 -62.512009 -88.238221 69.596079 -84.418438 -87.564433 -61.308100 50.607333 84.502420 5.745651 49.190684 -88.144423 23.766944 -6.423497 90.057488 -8.784069 -51.184353 65.797377 13.360705 -27.927408 -47.948187 -0.597222 -69.490518 -27.396411 54.141192 38.390236 0.000000 0.000000 0.000000 -89.268085 -2.689448 -49.123907 -70.960489 -2.862422 -25.422386 48.755416 -2.267850 -57.491683 71.043260 -38.138744 28.620834 0.000000 0.000000 0.000000 
2.910172 -0.606533 67.300728 -114.344301 17.538226 -93.103724 72.351713 81.020776 81.458112 122.878015 -77.729933 -94.372767 -89.144364 72.466380 5.359290 -67.131373 29.555315 39.235314 -82.002916 41.506990 -42.016093 -91.630365 -49.205313 -51.846139 -97.465142 10.266364 69.332747 70.916600 -32.933006 35.105166 94.852512 54.617082 -54.960786 -87.918235 65.448230 -83.056653 -86.468988 -64.908949 51.092526 82.893132 -4.886572 51.111335 -88.527297 23.113037 -9.132758 89.948256 -8.865966 -51.253484 65.964808 13.463108 -27.670498 -48.365277 -0.746783 -69.116877 -22.312180 53.934593 42.409330 0.000000 0.000000 0.000000 -89.319260 -2.675726 -49.190035 -71.022065 -2.520228 -25.069473 49.590081 -2.293066 -58.258517 70.753226 -38.626175 30.021398 0.000000 0.000000 0.000000 
3.345848 -0.607973 68.823006 97.537410 16.077385 -88.605046 88.085075 23.534450 82.642711 -125.620507 -84.207888 155.187946 -95.271966 73.952098 11.573410 -68.818265 30.891693 43.187993 -86.529209 43.743644 -29.827699 -91.542500 23.761915 -65.431967 -96.483187 7.669179 74.412190 69.555620 -33.994420 34.182655 95.446451 60.080260 -40.677954 -88.621293 51.672546 -81.648049 -85.246254 -69.285231 51.918328 85.482377 -10.983215 54.513181 -89.161547 23.123739 -15.470392 90.154464 -8.381892 -50.732285 65.507486 13.483673 -27.284029 -49.160419 -0.837561 -70.360465 -21.370380 55.252699 41.278616 0.000000 0.000000 0.000000 -88.807186 -2.589697 -48.555396 -71.409963 -3.049074 -24.781653 50.065770 -1.764886 -59.659513 70.229000 -39.757651 28.982544 0.000000 0.000000 0.000000 
2.545270 -0.533599 70.560287 39.561104 69.874327 3.296273 87.318699 -45.684590 71.179521 -93.504598 -76.446571 128.371673 -105.593960 76.536717 3.173381 -73.146444 32.159320 43.009763 -84.502657 60.743493 -18.827736 -87.853970 49.719371 -68.990883 -97.946270 13.664188 72.247758 72.738798 -37.514890 28.295077 93.504373 57.812934 -29.935402 -87.966620 62.340110 -81.625413 -83.893362 -71.823604 55.357846 86.958351 -15.281858 60.290421 -89.915017 18.026623 -21.811889 90.150565 -8.406049 -50.345745 64.831114 14.580115 -26.625725 -49.536057 -0.749624 -71.248963 -21.033533 55.399680 41.694028 0.000000 0.000000 0.000000 -89.026884 -2.241799 -48.937447 -71.395023 -3.878428 -25.443778 49.748134 0.177277 -61.640430 71.055955 -38.914593 29.031019 0.000000 0.000000 0.000000 
3.184872 -0.500400 72.049042 63.788588 62.838052 176.530324 86.952467 -31.410449 67.283739 -85.669186 -69.772898 124.518311 -111.001668 79.257644 -16.374493 -67.760680 30.148134 43.653380 -91.120016 65.151042 10.793091 -86.437309 21.569154 -64.849080 -98.704369 15.640782 68.851893 74.153174 -39.610093 27.692108 91.495430 55.719221 -23.971747 -89.097797 58.384341 -81.609519 -83.386218 -72.043426 56.005289 87.621692 -2.056166 66.427484 -89.580875 16.885047 -24.648687 90.087063 -7.246162 -49.548749 65.166850 13.278727 -27.558970 -49.514538 -0.239851 -71.530997 -33.661948 56.484339 30.684163 0.000000 0.000000 0.000000 -88.374470 -2.563826 -48.398482 -70.531917 -4.773643 -24.943193 49.035504 1.202061 -63.631772 71.485940 -40.407062 18.544740 0.000000 0.000000 0.000000 
2.453017 -0.461018 73.210236 138.221570 54.311357 34.699812 81.431901 59.342434 66.307733 -79.945457 -59.813895 120.030525 -117.363009 77.854716 -48.506385 -67.193745 29.179646 38.961576 -94.051705 60.817270 37.797371 -86.012029 -8.166415 -62.914364 -99.242331 9.474813 70.251147 73.308691 -38.826860 29.395109 91.002919 57.926898 -17.273129 -87.033757 77.723683 -81.575198 -83.946266 -71.084786 58.760781 87.471478 0.610497 67.379390 -90.785639 17.670757 -26.068913 89.678281 -6.374646 -48.216371 64.808852 13.433339 -27.809954 -48.902565 0.516366 -71.309087 -37.308393 55.829162 27.539510 0.000000 0.000000 0.000000 -87.919385 -3.362614 -47.153974 -70.516847 -4.977955 -25.657714 48.247571 1.634237 -63.964158 72.288677 -41.575846 17.197519 0.000000 0.000000 0.000000 
2.728600 -0.438383 74.677986 53.665997 34.062091 110.129747 -36.916589 85.368618 -41.564224 -72.056493 -11.737803 111.620835 -109.814019 74.787121 -63.473705 -66.892220 30.635268 38.679188 -102.053848 67.636809 39.678623 -86.466056 -13.892586 -62.352466 -99.225219 8.096781 69.631218 75.673850 -37.866453 26.090492 91.812558 58.522025 -5.093678 85.671444 76.933364 87.734138 -78.210116 -75.797100 59.416938 86.809728 -6.664114 62.006861 -89.966825 15.843842 -19.838249 89.572388 -5.109045 -47.699677 66.282707 12.874909 -28.342229 -48.035324 0.628937 -71.403366 -41.797174 55.224873 24.707402 0.000000 0.000000 0.000000 -87.460271 -5.119239 -45.549709 -70.455510 -4.849287 -26.068332 47.428473 4.835457 -66.931927 70.776859 -43.097517 14.105254 0.000000 0.000000 0.000000 
2.727342 -0.435390 75.373726 177.807259 -32.315759 173.524912 -77.566595 61.750018 -66.714957 33.911702 43.319993 105.820395 -103.949037 70.604123 -82.428792 -68.349720 30.264514 40.726402 -98.119894 63.870361 49.213491 -86.028100 -17.511740 -60.790619 -99.243942 2.127369 71.590636 74.535372 -37.627344 29.628144 91.821032 57.216259 5.096425 -67.917950 87.335956 -64.551169 -80.836607 -73.655009 41.308406 86.503606 -6.966346 57.476494 -90.026589 15.371361 -17.679113 89.118307 -4.517517 -46.208269 66.338394 13.231105 -28.435742 -47.300531 0.409697 -71.605332 -44.775608 54.044761 22.169439 0.000000 0.000000 0.000000 -87.273109 -5.409351 -43.846835 -70.636347 -5.165832 -26.396619 47.098362 6.669420 -68.032754 70.305012 -42.674673 14.012414 0.000000 0.000000 0.000000 
3.341666 -0.424896 74.168709 -19.219983 -14.297770 79.238883 -84.858264 28.847076 -63.681113 54.435384 74.796999 93.896681 -102.276495 67.455082 -93.469918 -67.119707 27.304999 46.704070 -101.924715 66.372130 49.006022 -85.947002 -23.726621 -58.587815 -99.493256 -2.938338 71.517919 72.429213 -37.996053 31.677201 93.477224 55.571675 19.883051 -88.721925 81.223457 -85.883367 -88.148161 -75.123950 31.469951 87.822762 3.804610 59.715190 -90.182964 12.992364 -19.092808 89.158842 -4.377469 -46.684455 66.733827 13.177738 -28.854710 -47.289657 -1.052037 -72.113689 -48.456430 53.602538 20.830324 0.000000 0.000000 0.000000 -87.594640 -5.243713 -44.005080 -70.894953 -4.944997 -26.400713 47.799589 6.530403 -66.420954 70.103588 -45.176708 14.836955 0.000000 0.000000 0.000000 
2.001645 -0.433639 74.075500 -53.348846 34.668789 -158.256757 -84.169931 -5.236933 -57.799180 23.819413 84.595531 57.381249 -102.457471 67.776031 -100.254253 -65.742882 24.917413 49.342034 -98.426705 61.483292 57.436316 -85.929982 -25.885605 -57.926214 -100.053780 -10.529845 72.813080 73.003084 -38.604988 28.808237 92.840389 54.301246 24.820996 90.904561 84.714863 92.263878 -90.953110 -75.986243 6.711774 86.957176 6.027444 57.658631 -89.474960 12.725554 -16.179339 88.766343 -3.683997 -46.392816 66.785004 13.266334 -28.538452 -46.791781 -1.360394 -72.391692 -49.177547 52.350267 21.795683 0.000000 0.000000 0.000000 -87.419769 -4.919514 -44.741980 -70.698943 -4.713378 -26.810016 47.717754 7.115825 -67.258968 69.763653 -44.866259 15.606871 0.000000 0.000000 0.000000 
1.430815 -0.440894 74.150665 9.540644 15.187764 2.288282 -83.607160 -24.503635 -51.760095 25.556150 85.567457 46.827626 -110.320131 70.477286 -113.637626 -64.663296 26.354619 48.798366 -97.524345 56.399260 65.531065 -83.967035 -46.904259 -50.113960 -101.682891 -18.699223 76.100408 78.959410 -41.524301 31.391769 93.194033 53.450100 31.444107 91.812340 54.536023 91.366151 -97.662492 -79.313212 1.589650 87.424878 6.575915 60.354025 -89.908233 15.999542 -13.098885 88.201435 -3.440231 -45.818702 67.352392 13.540325 -28.220972 -45.017666 -2.414129 -72.473425 -50.547977 51.787992 21.040647 0.000000 0.000000 0.000000 -87.965363 -5.677564 -45.402573 -71.172304 -4.164431 -27.136489 47.707213 5.645378 -66.909975 68.975993 -45.944676 18.680893 0.000000 0.000000 0.000000 
0.539713 -0.467285 75.196014 -47.469239 -1.125919 129.645402 -81.910205 -33.096586 -48.578662 67.812190 84.241513 73.061411 -107.351115 63.748180 -110.653772 -60.559906 26.327002 46.670682 -95.227210 36.227806 75.415700 -83.060230 -50.761940 -46.662157 -102.438811 -21.875719 77.955449 79.104383 -40.223069 29.187532 93.358241 52.395682 34.358905 91.139844 27.397889 86.896714 -106.409899 -82.003932 2.386552 87.176457 10.418959 56.213942 -89.971689 17.370919 -11.732525 87.796588 -3.155409 -45.448585 67.937387 13.467701 -27.806550 -44.142586 -2.015815 -71.675646 -48.921400 51.086470 24.829954 0.000000 0.000000 0.000000 -87.543165 -5.378917 -45.505231 -70.950212 -3.966129 -26.710427 47.420045 5.259095 -66.720547 67.602574 -46.206119 20.532859 0.000000 0.000000 0.000000 
-0.545761 -0.483490 74.536858 -15.282394 44.655785 -79.022684 -81.903297 -37.883175 -50.476402 91.893103 75.696485 84.001198 -164.323688 80.605878 -172.218870 -62.417994 28.202262 46.851827 -121.458914 -82.363507 117.605622 -82.462796 -48.236824 -46.507408 -103.924737 -29.853448 81.801134 81.137023 -40.086646 24.204287 93.432871 50.669186 36.420622 91.165758 17.812130 80.692880 155.944598 -82.325577 59.990380 90.349365 13.260319 64.177813 -90.799712 14.206644 -7.698235 87.324622 -1.603948 -43.220714 66.758243 14.704628 -27.097322 -43.521616 -4.029100 -73.725423 -46.883338 49.077636 25.394409 0.000000 0.000000 0.000000 -87.792309 -6.357337 -46.124587 -71.780209 -3.111713 -28.815148 46.838354 4.250950 -66.739720 67.138863 -46.138386 19.380935 0.000000 0.000000 0.000000 
-0.816727 -0.513804 75.688385 -12.226616 -7.602006 58.779104 -82.588428 -40.607604 -50.999627 94.665241 73.129756 78.930464 115.556965 67.334990 104.351578 -63.688954 28.486041 48.040870 150.778233 -85.271035 -150.258677 -83.402255 -46.572396 -46.133818 -106.304329 -40.610290 86.386133 83.235230 -41.511050 23.178741 94.652576 48.681806 40.363764 90.794377 15.483036 77.079888 101.085685 56.899867 87.713140 90.565544 14.954369 64.893721 -91.347385 12.164639 -8.528272 87.053104 -0.936392 -42.235584 66.529018 15.336171 -26.672263 -44.071420 -5.425666 -74.304193 -46.271010 48.086576 25.010874 0.000000 0.000000 0.000000 -87.434017 -5.493337 -46.747249 -71.929694 -2.958733 -29.116805 46.281767 5.421831 -67.127723 65.634412 -46.878494 19.478620 0.000000 0.000000 0.000000 
-2.122388 -0.519206 75.545273 -74.890224 21.843507 165.950889 -82.532728 -44.902727 -47.333994 93.506500 71.379979 72.115093 101.376944 30.423817 82.425748 -62.614940 31.036353 48.125856 -167.001795 -85.602959 166.934286 -85.903838 -35.915743 -47.949049 -116.561861 -61.732667 102.730265 84.387459 -42.898585 21.035245 95.345057 49.124135 45.025809 90.596606 8.297178 74.562106 109.538512 73.148376 83.357092 90.654060 14.906051 67.565844 -91.662722 12.448745 -7.868412 87.101108 0.106913 -42.278490 64.889000 15.601029 -26.394008 -44.990002 -7.621571 -74.236843 -47.939925 46.590319 24.398905 0.000000 0.000000 0.000000 -88.113593 -6.186310 -48.605285 -72.262505 -1.868647 -30.397426 45.973033 6.405927 -68.070429 65.215734 -46.587312 20.130826 0.000000 0.000000 0.000000 
-2.196797 -0.523772 75.076981 114.228960 7.747524 22.019830 -82.516976 -47.220236 -47.382806 95.021359 70.805062 70.573510 100.930860 24.615128 79.863144 -62.112750 31.913753 47.640642 -112.841543 -79.632725 111.152557 -87.332518 -25.187879 -49.969408 131.200632 -71.142424 -137.332154 85.548176 -42.619964 20.351048 96.117858 48.141412 48.002543 90.411197 6.052250 73.751873 105.171121 69.780458 81.175484 91.228397 12.856677 68.685223 -91.943102 12.314368 -7.952246 86.869606 0.127277 -41.927341 64.119359 16.075997 -25.873748 -46.035462 -8.101219 -73.549816 -48.128642 46.858580 23.658534 0.000000 0.000000 0.000000 -88.669529 -5.492319 -50.509140 -72.593280 -1.463747 -30.872441 45.373855 7.126061 -68.310990 65.572751 -45.872793 20.421609 0.000000 0.000000 0.000000 
-0.915396 -0.505771 75.841949 30.541725 -10.448409 130.280647 -82.269260 -50.571337 -44.321558 94.942154 71.020232 66.434854 100.717129 20.004844 76.192144 -65.168009 31.354802 46.826601 -96.597644 -56.344274 91.552072 -88.141860 -7.754762 -53.492554 105.972115 -42.761943 -104.065118 86.902722 -42.910976 21.241421 96.921928 49.406050 50.070487 90.799366 -1.887874 73.362895 103.084507 51.924923 86.193278 91.267448 11.862073 65.357222 -92.283204 9.762861 -4.419480 86.493245 0.133921 -41.998352 63.569223 16.803399 -24.821191 -45.766965 -8.305238 -73.168484 -46.734148 49.423712 19.475914 0.000000 0.000000 0.000000 -89.513941 -4.523399 -53.363700 -73.270081 -0.942600 -31.521606 45.870912 4.616916 -67.103259 63.929171 -47.827326 20.125239 0.000000 0.000000 0.000000 
-1.421694 -0.497382 74.381226 167.617082 3.534907 115.269701 -81.737329 -51.534285 -43.793889 96.751266 71.573509 66.729054 100.593029 19.945985 74.569413 -64.263159 31.829201 49.260200 -94.134261 32.416149 79.532114 -88.782788 11.437625 -57.314650 103.062068 -30.999345 -96.942907 86.470572 -42.095956 19.940071 96.774169 49.626270 50.925760 91.064990 -5.838410 73.826844 99.104604 34.631032 86.703874 91.035051 11.744766 64.876374 -92.518253 7.082927 -3.540487 86.367505 -0.055439 -41.604968 62.797862 17.433236 -24.040558 -45.623544 -7.437274 -73.079024 -47.823676 49.989747 17.973917 0.000000 0.000000 0.000000 -89.964122 -3.943904 -54.401562 -73.479198 -0.765535 -31.795797 45.721064 3.498526 -66.153089 63.659956 -48.242922 19.826842 0.000000 0.000000 0.000000 
-0.122349 -0.493735 73.119728 -51.786111 10.835439 144.156578 -81.346921 -51.976812 -45.895199 97.465582 71.123394 67.729839 100.986318 19.556350 73.627987 -65.844416 32.362177 45.760150 -94.307094 39.761437 79.175909 -91.054975 34.183619 -62.346983 101.386514 -26.209658 -89.577962 85.133448 -45.737598 18.182373 96.371747 48.969855 48.761586 91.056285 -0.454734 76.166409 110.710863 -68.669425 79.247814 90.900896 12.503043 65.486851 -92.299295 3.673562 -2.765861 86.237510 1.537557 -41.337541 62.362233 17.268972 -22.719606 -44.613157 -7.407730 -72.806857 -46.601034 52.178650 15.448655 0.000000 0.000000 0.000000 -90.549807 -3.104606 -55.931927 -74.677809 -0.086390 -32.535998 46.184508 2.943951 -66.406148 65.514596 -48.640348 15.687516 0.000000 0.000000 0.000000 
-0.864681 -0.503951 71.598999 -11.417371 38.247194 -74.407130 -81.386295 -49.928237 -48.301891 98.683970 70.019775 69.736128 100.931285 18.133898 72.089152 -65.346373 32.310629 45.566613 -96.175178 57.341648 73.715481 -93.322590 48.040492 -65.554035 101.100513 -28.755763 -85.123756 83.267039 -45.036001 19.759130 95.931016 50.644320 46.606373 90.977823 -4.817712 76.508060 109.183299 -68.242198 80.214268 90.442658 10.918834 65.534672 -92.402978 1.480962 -3.460971 86.142963 1.308447 -41.327307 61.606361 17.467123 -21.834138 -44.092085 -7.326297 -73.293756 -46.763952 52.518711 14.411745 0.000000 0.000000 0.000000 -90.411775 -2.404678 -56.764839 -74.923432 0.175895 -32.611618 45.805450 3.284217 -65.958887 66.315500 -48.238199 14.685643 0.000000 0.000000 0.000000 
-0.393451 -0.514557 73.539803 -19.803603 -21.197102 49.477733 -83.563033 -47.228656 -53.112567 101.925958 69.118777 75.857897 101.213858 16.898505 70.692786 -63.305695 29.513137 46.245593 -94.099997 33.115579 80.783018 -98.910762 63.414456 -73.934199 100.983367 -34.260238 -83.762172 79.425068 -40.210026 25.535981 95.734902 51.302584 41.089378 90.740791 -8.525466 77.947311 169.874950 -83.719521 34.122410 89.169256 13.021448 59.337414 -91.841088 -8.491895 0.928418 86.302270 0.769693 -39.261405 62.566062 17.903682 -21.316668 -44.809612 -5.040540 -71.958251 -39.783564 55.106486 18.964957 0.000000 0.000000 0.000000 -90.647609 0.384588 -55.618163 -75.915710 0.002619 -32.444351 46.696547 0.374643 -63.682407 64.665649 -49.561738 13.357256 0.000000 0.000000 0.000000 
-1.032570 -0.523509 73.446556 -117.658093 -42.505108 -55.944328 -83.998517 -38.671290 -58.197858 101.368038 68.801924 77.343556 101.091878 14.213749 68.724735 -64.186202 29.451657 46.210259 -93.391150 20.720657 82.174161 -114.711930 76.709745 -91.409852 101.713223 -40.335692 -81.281066 77.049599 -37.814104 24.504322 94.906983 53.136134 38.593585 90.444667 -8.112412 79.625109 -163.547176 -84.743679 7.552865 88.921420 12.487287 59.172354 -91.467004 -12.301397 2.392722 86.289213 0.498606 -38.216446 61.773258 18.301343 -20.959232 -45.642182 -4.564192 -72.210108 -38.483608 55.955810 19.907653 0.000000 0.000000 0.000000 -90.614239 1.396942 -55.560325 -76.420143 -0.019421 -32.454064 46.916464 -1.126610 -62.467736 63.137544 -50.794605 14.465962 0.000000 0.000000 0.000000 
0.682297 -0.550779 74.869690 86.479287 38.512984 -35.717757 -84.982487 -30.745355 -61.174400 101.237939 70.193464 78.951614 100.863018 5.902863 66.402787 -63.783796 27.238328 44.812533 -93.764540 14.743663 80.901375 -168.168702 82.886629 -147.474109 103.428290 -49.591160 -78.691133 75.420760 -37.836401 25.124889 95.409689 54.854933 34.186075 89.930140 -3.802802 79.437415 -125.459226 -83.994472 -33.114907 88.605546 15.485884 56.595724 -91.063055 -14.251106 0.255820 86.387396 0.868645 -36.976732 61.828270 18.474496 -20.911390 -45.963361 -4.034143 -71.937476 -33.057577 58.428317 22.542286 0.000000 0.000000 0.000000 -90.840998 2.397642 -55.356739 -77.376114 0.286215 -32.836287 47.153900 -3.143415 -61.046268 60.041801 -52.569479 15.498477 0.000000 0.000000 0.000000 
-1.445918 -0.549514 75.725349 -56.616511 -30.353032 -76.250706 -85.113923 -23.278463 -62.475845 100.912505 71.768808 80.129448 100.900825 -0.936247 63.949474 -66.714812 29.473907 44.699511 -94.359960 30.682172 76.011227 127.452912 78.938112 147.999431 107.118305 -58.989444 -74.145370 74.215780 -37.445034 26.349277 95.090294 57.110185 33.803824 89.601687 1.935656 79.457985 -164.640333 -86.190944 1.671410 87.725081 15.947371 56.071216 -91.021928 -13.947218 1.082423 87.264575 0.649334 -37.539368 61.073824 18.310611 -21.139332 -46.500477 -3.885845 -72.229145 -29.347449 60.161781 24.673212 0.000000 0.000000 0.000000 -91.467753 3.114899 -56.457288 -77.697722 0.398928 -32.779408 47.334416 -4.740718 -60.427947 57.804206 -54.343894 16.630035 0.000000 0.000000 0.000000 
0.419732 -0.522483 75.133682 159.121531 -0.754302 -1.803508 -82.685944 -23.137138 -51.723736 98.628610 75.543390 77.437998 100.716117 -15.215959 59.080006 -68.619965 29.141567 41.048397 -102.291102 67.902717 48.718113 107.916149 67.367003 124.970927 112.660589 -66.009563 -69.730792 74.049579 -37.072480 30.001259 94.739170 57.972912 35.925824 89.416827 17.992235 82.489195 -122.389336 -84.810825 -33.093882 85.136558 17.975929 52.260055 -89.601603 -9.984126 -0.436019 87.620846 -1.069237 -38.658760 61.642686 17.990934 -21.842815 -47.376373 -4.349944 -73.193999 -21.192627 57.844261 36.381720 0.000000 0.000000 0.000000 -91.558903 3.768762 -55.165944 -76.791272 0.011335 -32.367143 47.463562 -2.341744 -63.106675 56.772713 -51.939789 23.502245 0.000000 0.000000 0.000000 
0.165579 -0.482267 77.057182 14.363361 17.646345 -82.610334 -82.778694 -17.800494 -44.549403 94.472544 77.313793 73.531349 100.582289 -19.087530 55.810959 -68.112596 28.205774 41.259066 -103.226090 69.209535 34.734640 99.541465 41.318228 108.803169 117.632402 -72.088096 -69.316885 67.998271 -35.056905 31.821949 93.066917 60.192334 30.478372 89.359230 34.089562 86.117842 -110.182001 -82.986672 -26.695724 85.041389 16.604672 53.050521 -88.843202 -9.564980 -0.095625 87.972061 -1.173096 -39.506843 61.725101 17.950437 -22.710423 -47.113644 -4.525835 -73.807544 -17.140592 59.080993 36.594677 0.000000 0.000000 0.000000 -91.835187 3.142868 -54.600974 -76.917955 -0.588691 -32.159214 47.849726 -2.273259 -63.298025 57.188207 -52.604060 22.268621 0.000000 0.000000 0.000000 
-0.191128 -0.443060 76.681198 -135.227422 -60.641710 -35.201193 -83.019333 4.283031 -45.578903 83.001695 78.963332 59.277968 99.784449 -19.497164 56.145409 -67.091747 22.501214 44.582523 -100.445102 68.116054 34.488851 96.717658 1.748896 97.559994 115.275238 -70.754888 -85.254109 68.906739 -33.116321 30.094118 93.016654 61.774756 25.990084 -81.794063 83.438977 -78.871078 -97.207155 -78.433619 -15.451882 84.232209 16.182262 53.484081 -87.824228 -8.945788 0.071693 88.529108 -1.841219 -39.763397 61.021071 18.746275 -23.831846 -46.670699 -5.790008 -74.209593 -16.663753 60.276382 32.921811 0.000000 0.000000 0.000000 -91.024809 2.999964 -51.930738 -76.561993 -1.097630 -31.999971 47.003642 -2.592999 -61.873645 58.544481 -51.949207 22.326461 0.000000 0.000000 0.000000 
1.251832 -0.409052 77.835373 86.897260 18.443962 -41.345423 -82.480654 20.477222 -38.033955 71.362761 78.259891 39.158516 99.512633 -17.733271 55.792672 -65.178602 19.697435 45.243078 -96.406545 57.365574 48.641067 96.723455 -38.593860 87.557339 114.038730 -70.344735 -100.605074 68.081017 -27.979475 30.598019 93.016467 63.135808 21.334495 -88.922364 49.148339 -81.219262 -90.699866 -75.480551 -16.673721 84.912316 14.520084 56.156784 -87.718424 -4.561026 2.234788 88.388035 -1.279848 -39.669642 61.208849 18.641224 -25.272370 -46.137127 -6.678312 -75.301948 -17.174422 61.002785 29.985353 0.000000 0.000000 0.000000 -90.513572 1.771639 -50.050430 -76.889830 -1.251961 -32.378751 47.127307 -4.500703 -61.077611 57.769209 -52.647245 20.770530 0.000000 0.000000 0.000000 
0.025153 -0.383256 78.515968 -42.523092 -51.169257 -98.758764 -79.400579 39.534610 -32.373637 57.971848 75.865787 9.889366 98.836100 -15.706976 58.810178 -64.828144 17.040490 45.157108 -91.386577 -12.442801 70.066700 93.578853 -55.236975 75.391941 118.959258 -71.926424 -117.493475 75.063531 -30.874249 29.563969 91.653324 65.595765 18.130788 -89.576664 30.624651 -77.943783 -89.411222 -71.270116 -13.461471 83.275347 25.981274 59.479073 -86.952905 0.078638 1.600125 88.938360 0.401767 -41.018564 61.032458 18.197861 -25.994349 -46.174702 -6.792163 -75.611161 -17.564755 60.053481 33.869501 0.000000 0.000000 0.000000 -90.024550 1.165564 -49.601500 -76.469446 -2.046802 -31.897509 47.464788 -5.172960 -59.560502 60.682443 -49.964740 26.629561 0.000000 0.000000 0.000000 
1.669142 -0.373951 78.885422 120.247793 1.777309 -18.190994 -79.484153 47.323030 -29.359157 55.771894 71.171868 -4.395378 98.965440 -13.284459 60.885701 -64.678711 17.125245 44.940363 -90.535305 -55.019212 78.642481 84.254278 -51.706445 77.899456 -101.342530 -37.123901 86.742475 76.454261 -30.395245 32.573960 90.393014 67.669627 13.940343 -89.845407 26.033903 -74.308536 -88.896442 -68.368571 -8.517776 83.213173 28.226498 61.714699 -86.198514 3.757018 4.432770 89.039655 0.575269 -41.982615 61.201821 17.252875 -26.331655 -46.004854 -6.498757 -74.717230 -22.240002 58.876558 31.958321 0.000000 0.000000 0.000000 -89.838917 0.679006 -48.591468 -75.905850 -2.330756 -31.567772 48.223454 -5.957415 -58.651876 62.356056 -48.730508 27.001244 0.000000 0.000000 0.000000 
0.700291 -0.349718 80.106613 -18.351810 -29.735494 -101.610618 -77.548863 58.048507 -28.960388 57.339781 64.152369 -16.468365 98.629018 -7.019886 63.252960 -59.178920 16.090374 47.724032 -92.661906 -61.823933 82.465334 66.042629 -53.284054 69.370757 -99.878292 -11.694023 76.440939 78.695823 -31.892549 30.817535 91.085020 68.941536 8.842022 -90.014363 24.934404 -73.085421 -88.183504 -66.449477 -6.515071 82.782933 34.591525 62.491674 -85.365415 10.414698 4.158033 89.868990 1.842088 -42.631670 61.008411 17.341376 -25.860893 -45.583362 -8.862190 -77.358537 -21.653831 58.508977 34.033208 0.000000 0.000000 0.000000 -89.959080 0.557597 -48.787981 -74.992813 -2.865672 -31.446937 48.238767 -3.746886 -59.743703 65.277503 -47.033863 26.954767 0.000000 0.000000 0.000000 
1.910779 -0.344287 80.181999 136.500188 -11.304706 -9.033453 -76.150345 64.241085 -31.506886 60.389756 58.809162 -23.046483 98.870880 -0.515606 66.370467 -59.766799 18.211940 46.374684 -94.276330 -66.596551 84.758281 62.352043 -26.513120 56.074855 -100.454182 -8.069270 73.800676 82.003432 -33.509769 30.682939 90.092752 70.378743 4.549972 -90.359070 24.080107 -71.592969 -88.167777 -65.345911 -3.794726 81.420964 37.541075 61.731014 -84.750432 11.977644 5.734279 90.217488 2.356174 -43.119158 60.716469 16.770596 -25.487306 -45.450747 -8.627250 -77.164868 -20.229331 58.530681 34.655303 0.000000 0.000000 0.000000 -90.104051 0.262781 -48.411845 -74.202148 -3.285923 -30.927338 48.492723 -2.848324 -60.943011 66.107290 -47.006225 26.403936 0.000000 0.000000 0.000000 
1.330541 -0.338051 81.502617 -7.373077 -15.864463 -96.604442 -71.236760 70.560877 -29.409771 66.801688 55.506313 -26.856747 98.735848 8.678486 68.279149 -61.204014 19.686631 46.021649 -93.507626 -77.265419 86.923909 50.781949 -2.535293 35.067981 -101.030460 -6.143138 71.145435 82.609779 -33.805652 29.838827 89.763777 71.745252 -3.589819 -90.242750 26.363145 -73.359627 -87.902537 -65.726765 0.496266 82.469305 36.040814 59.774294 -83.909372 14.098767 6.901651 89.925612 1.433047 -44.620184 60.306078 16.536388 -24.767407 -45.480705 -6.939459 -76.035908 -19.274231 58.024483 38.999432 0.000000 0.000000 0.000000 -90.719658 0.420379 -50.026524 -74.412104 -3.514856 -30.773928 49.477756 -2.987741 -60.849496 69.909757 -46.092689 28.475339 0.000000 0.000000 0.000000 
2.180298 -0.348758 81.438599 148.109689 -21.774271 -4.883891 -69.677738 73.063531 -29.493712 71.717826 52.238097 -30.939381 98.619725 12.960445 69.447930 -64.297411 24.285263 44.932184 -91.872824 -74.886096 79.470976 1.423623 39.773789 2.121003 -101.573302 -3.678042 69.947566 85.823143 -36.008500 28.574786 89.900691 71.911030 -10.983308 -90.530127 26.642120 -74.132061 -87.999620 -64.090105 0.728859 81.406841 38.124290 57.823911 -83.835945 16.547654 8.405158 89.873568 1.339929 -45.441410 61.075323 15.964376 -24.526362 -45.587860 -5.180525 -74.848674 -18.303561 57.460771 41.145026 0.000000 0.000000 0.000000 -90.897711 -0.056230 -50.424292 -74.935780 -3.532820 -30.760423 49.805829 -2.319372 -61.731350 70.391719 -45.766532 29.205348 0.000000 0.000000 0.000000 
1.907666 -0.352269 82.670776 -0.971187 -7.369580 -92.147874 -59.687858 77.469883 -21.900322 79.517156 44.768901 -37.237764 98.394918 20.141728 70.475794 -63.058654 22.622245 47.663137 -89.272798 -79.761831 74.974348 -50.368427 28.203039 -24.024066 -101.356372 0.052827 69.487765 86.210850 -36.238730 27.256347 89.248452 70.619896 -27.550328 -90.463529 27.181225 -74.249165 -88.570622 -63.182009 4.930566 80.864685 48.651849 63.420724 -83.116992 18.810586 7.294112 89.490370 0.926652 -46.844634 61.627156 14.984899 -24.293201 -46.034635 -3.987285 -73.348811 -15.487881 56.512371 46.635180 0.000000 0.000000 0.000000 -91.374858 -0.395419 -51.741877 -74.333289 -3.634266 -30.420899 50.126554 -1.590068 -62.612912 72.676082 -45.426872 30.534373 0.000000 0.000000 0.000000 
2.519290 -0.368638 82.692375 153.424174 -24.410730 -3.614027 -57.212154 79.895810 -22.237681 83.764730 39.738049 -41.202414 98.330639 24.222713 70.825923 -62.123261 23.077740 48.301099 -93.728684 -80.850270 75.668595 -64.695995 26.948118 -36.158683 -101.234596 -1.068067 69.225402 86.765900 -36.735423 25.497994 91.429246 69.522325 -35.627061 -90.363988 27.642986 -75.073122 -88.633214 -62.683414 6.803264 81.410016 48.313172 62.494601 -83.508244 21.096066 7.194529 89.238393 0.350152 -48.466502 62.159206 14.483616 -24.565684 -46.472310 -3.169174 -72.731651 -10.552530 56.247828 49.796934 0.000000 0.000000 0.000000 -91.681075 -0.860295 -52.683758 -74.467553 -3.013388 -30.375828 50.515235 -2.089160 -62.834855 73.048348 -45.446460 30.515044 0.000000 0.000000 0.000000 
2.391436 -0.399984 83.825027 1.047503 -4.139550 -90.258192 -56.828779 81.031128 -21.719343 87.588012 33.150675 -43.856647 98.161645 28.169743 69.808113 -63.387625 24.386670 44.650257 -57.875986 -86.379602 48.684596 -71.548948 -3.917117 -42.794351 -100.846054 2.115077 68.250417 88.531503 -36.526698 23.698783 94.273393 67.857822 -42.664559 -90.197302 24.818889 -74.775936 -88.730273 -63.015529 8.757945 76.348817 57.853689 59.655943 -82.303295 23.309663 10.410776 88.115990 0.259908 -49.123182 63.131638 13.306800 -24.887216 -45.999413 -2.656654 -73.291493 -14.282876 55.900515 48.363644 0.000000 0.000000 0.000000 -91.201677 -2.249526 -52.653187 -74.200581 -2.984369 -30.135449 50.234147 -2.375297 -62.670988 74.026007 -45.133615 29.552480 0.000000 0.000000 0.000000 
2.903898 -0.424267 83.900360 155.598020 -24.005254 -2.902275 -54.328810 82.146580 -20.869060 90.364030 21.053572 -48.575754 98.046110 33.077484 70.102813 -61.557540 23.254107 46.485183 -45.367679 -83.928522 26.020644 -74.171294 -15.465675 -45.720295 -100.482186 5.620923 68.558561 87.332046 -35.307300 26.705898 93.440513 63.565857 -50.252603 -90.003583 23.924336 -74.937159 -88.849910 -61.939056 11.292687 76.153579 59.106758 60.028407 -82.707548 24.380965 9.859503 87.869457 -0.447487 -49.512529 63.754199 12.925291 -25.169314 -46.054815 -2.386997 -72.848418 -14.743502 55.449881 48.329614 0.000000 0.000000 0.000000 -91.126322 -2.845744 -52.677352 -74.453605 -2.782301 -30.131144 50.352653 -2.052372 -62.714495 74.514371 -44.415176 29.220094 0.000000 0.000000 0.000000 
2.848129 -0.429316 85.030815 -0.715754 -2.920649 -89.290604 -52.126792 82.842745 -19.554256 92.329622 5.304560 -53.848138 97.022881 35.651641 70.225584 -60.408516 22.716502 46.036115 10.521981 -76.172061 -25.104836 -72.314226 -34.689852 -46.852466 -99.935033 3.776074 70.874321 85.296137 -34.086607 27.311578 95.032046 59.452992 -57.392502 -90.096541 18.644718 -74.688329 -89.549890 -60.638452 14.835657 77.433919 62.207435 64.275970 -82.736977 26.804666 13.473120 87.171692 -0.635174 -49.433028 65.166520 12.448674 -25.901727 -46.585661 -2.128448 -72.864068 -15.906544 55.487342 48.127812 0.000000 0.000000 0.000000 -90.755630 -3.566942 -52.712810 -73.807663 -3.017097 -29.783599 50.260169 -2.224304 -62.597117 73.950612 -44.692272 27.523321 0.000000 0.000000 0.000000 
3.374885 -0.444692 85.230972 154.903710 -21.262042 -2.782903 -48.967178 83.219218 -17.003878 93.617702 -5.033537 -57.140640 96.276058 40.052785 70.288584 -58.788231 21.514371 46.028829 17.547781 -76.056332 -36.732473 -65.996354 -47.297453 -46.165771 -99.612090 0.077973 73.572831 84.057160 -33.385174 27.592359 95.019840 53.118137 -61.984201 -90.084494 15.521379 -74.586122 -89.762497 -59.412001 16.630753 75.809519 67.477260 63.927278 -83.402421 27.999671 12.663507 86.992868 -1.748283 -50.112531 65.700144 12.125456 -25.974050 -46.541580 -2.079827 -72.626824 -13.254079 55.665162 49.065927 0.000000 0.000000 0.000000 -90.666377 -3.498550 -53.293602 -73.657062 -2.823824 -29.607672 50.123419 -2.416773 -62.246431 73.268612 -45.144599 27.108855 0.000000 0.000000 0.000000 
3.347220 -0.456446 86.381660 -3.028812 -4.144728 -89.841802 -47.130535 82.826117 -10.665170 95.204054 -21.092462 -61.469603 94.559769 41.356678 67.516675 -60.825064 24.648499 44.951448 40.738637 -15.266792 -60.684541 -53.744307 -60.635185 -42.796321 -99.582039 2.678252 71.949196 84.492243 -34.872326 27.680558 94.094480 42.287027 -65.329548 -90.078376 13.384570 -74.147173 -89.743998 -58.891759 19.415258 76.595124 60.247248 60.602208 -83.185765 28.108170 15.854397 86.547212 -2.297264 -50.056428 66.236691 11.727546 -26.195355 -46.434630 -1.456103 -71.666214 -16.101673 55.148093 48.075492 0.000000 0.000000 0.000000 -90.068763 -4.029881 -52.674970 -73.666374 -2.716760 -29.408670 49.567368 -2.115847 -62.420555 74.146252 -43.837900 24.983588 0.000000 0.000000 0.000000 
3.899707 -0.477498 86.710258 153.139154 -20.735068 -3.279297 -52.804364 82.644822 -15.442641 96.532983 -28.770779 -64.012602 93.480306 43.953217 65.415037 -60.681106 25.038019 45.250315 11.540807 33.061279 -67.268811 -47.110680 -66.205698 -41.078548 -99.236489 3.177441 72.048814 83.844260 -35.131348 28.614565 93.519941 32.660039 -67.642829 -90.093990 12.045526 -74.043636 -89.926767 -57.605833 21.188403 76.993327 58.153754 60.417229 -83.121882 28.278154 16.964805 86.808463 -2.320602 -50.371797 66.639745 11.399122 -26.196003 -45.976694 -1.225938 -71.228802 -18.258598 54.799174 47.611832 0.000000 0.000000 0.000000 -89.917578 -4.410963 -52.600109 -73.803354 -2.795828 -28.937381 49.186427 -2.512294 -61.389792 73.745776 -43.513479 24.953302 0.000000 0.000000 0.000000 
3.918415 -0.484414 87.912537 -1.386314 -4.301980 -90.559720 -50.994745 82.467520 -9.125180 98.910929 -42.273257 -69.500767 91.442838 48.979339 63.205417 -62.266946 26.229442 45.247833 -56.191588 20.342854 -73.887209 -56.196732 -68.645241 -40.049440 -98.851802 2.507695 71.919026 81.420205 -34.472262 29.616785 93.032425 14.782527 -70.855964 -90.042625 9.122067 -75.080010 -89.979084 -55.065106 23.810619 80.046466 49.358317 59.085634 -82.860492 30.509595 18.948734 86.355699 -2.843347 -50.219488 67.690742 11.245669 -26.673160 -46.451970 -0.208439 -70.823006 -19.149167 55.670673 46.265736 0.000000 0.000000 0.000000 -89.080731 -5.246901 -51.455663 -73.825033 -3.137925 -28.904942 48.858325 -1.924266 -61.707690 72.452620 -44.053695 24.073869 0.000000 0.000000 0.000000 
4.482509 -0.498050 88.368469 155.047868 -23.032357 -4.006253 -49.099134 82.477145 -6.117052 100.163004 -46.226830 -71.788813 90.170103 53.533211 64.110634 -62.721051 25.746761 44.485714 -63.450523 36.367228 -77.177930 -65.151706 -69.208649 -40.574667 -98.433474 0.505551 72.383556 81.136943 -33.999514 30.448137 93.019624 4.851777 -72.403850 -90.040117 9.279080 -75.695685 -90.050365 -54.097760 26.137025 80.635285 48.041502 58.069483 -82.620837 31.406542 20.896436 86.446968 -3.268824 -50.529383 68.043048 11.033509 -26.787384 -46.303620 0.121353 -70.656869 -18.788022 55.884910 46.222232 0.000000 0.000000 0.000000 -88.883980 -5.392549 -51.437989 -73.756072 -2.967854 -28.919361 48.442404 -1.872376 -61.370669 71.828329 -43.884003 24.173275 0.000000 0.000000 0.000000 
4.562382 -0.505573 89.710838 1.694358 -2.205849 -90.639775 -45.456650 82.142911 1.115909 104.531533 -57.369475 -79.192959 85.848910 59.411749 65.524493 -65.114444 25.734232 45.306038 -77.131268 11.518277 -80.946736 -72.995255 -71.503995 -37.202932 -98.574121 -0.608149 70.003397 78.285268 -33.630458 32.325594 92.617843 5.315993 -71.765874 -89.900395 10.449000 -77.542291 -89.887186 -55.877436 28.401524 81.172105 42.503108 50.897376 -82.180710 34.630643 20.249358 86.994533 -3.873995 -51.378950 68.603278 10.354436 -27.216618 -46.523791 1.157577 -69.040237 -16.369105 55.661157 48.380322 0.000000 0.000000 0.000000 -88.488372 -5.500742 -50.716932 -73.173714 -3.173265 -28.049296 48.290009 -0.879793 -61.512930 71.285516 -43.197102 24.787536 0.000000 0.000000 0.000000 
5.152140 -0.519874 90.315414 159.152134 -31.398514 -5.420986 -46.264694 82.658632 -0.902101 106.819760 -60.858748 -82.516952 81.367901 67.387760 69.195134 -65.388539 26.958695 44.839077 -78.977494 -33.821486 -78.099087 -79.489192 -72.326392 -35.954163 -98.489316 -1.514211 68.912998 79.357783 -34.741594 31.404452 92.618878 9.996461 -70.993678 -89.926013 11.509848 -78.491275 -89.875912 -57.095054 31.775992 81.361884 40.363216 49.072080 -82.220172 34.615765 21.360982 87.485476 -3.975182 -51.867029 68.920700 10.197239 -27.424353 -46.340441 2.013333 -67.908865 -15.160533 55.135773 50.444617 0.000000 0.000000 0.000000 -88.248468 -5.722741 -50.538665 -72.906537 -3.069353 -27.730854 48.200532 -1.086937 -61.386461 70.900329 -42.958823 25.106502 0.000000 0.000000 0.000000 
5.435636 -0.544535 91.862602 19.467549 5.481075 -87.718018 -48.139414 82.503898 -2.332437 108.128975 -60.642446 -83.731930 73.773917 72.916423 70.707386 -66.513592 27.616147 44.031837 -82.804326 -42.669444 -73.945356 -91.176751 -73.386768 -28.955855 -98.942050 -6.231800 70.302964 76.224123 -35.585932 32.195654 93.077340 23.793540 -69.192605 -89.746499 13.552340 -79.225509 -89.577240 -57.991534 32.408207 82.332235 35.761717 46.086678 -83.286055 33.308690 18.563292 87.613076 -4.490402 -52.251763 69.592006 9.909243 -27.666524 -46.763549 2.597193 -67.570378 -16.504022 55.462196 49.773619 0.000000 0.000000 0.000000 -87.576219 -5.797262 -50.151709 -72.434083 -3.578873 -27.367741 48.092905 0.522513 -62.050770 70.026178 -42.206292 24.956274 0.000000 0.000000 0.000000 
5.901033 -0.568156 92.710556 179.316014 -48.753353 -13.464708 -33.731061 83.682558 7.550494 110.445732 -63.131647 -87.034914 -19.313252 83.061206 -4.896238 -67.182884 27.190395 44.533466 -84.683654 -49.864459 -65.151055 -93.827872 -72.399285 -31.267022 -98.526642 -6.721101 70.021151 76.415470 -34.930000 31.945504 93.722383 33.585467 -67.340179 -89.539685 16.136199 -79.773109 -89.049205 -58.363261 34.889769 81.779720 34.934657 42.988434 -82.848998 33.693788 19.095244 88.012244 -5.559254 -52.930034 70.055809 9.993760 -27.799077 -46.941386 2.173352 -67.297421 -18.264371 55.985205 47.836120 0.000000 0.000000 0.000000 -87.339942 -5.440987 -49.886146 -71.624841 -3.696217 -26.604886 48.084081 0.977134 -61.775449 70.280243 -41.140452 23.755487 0.000000 0.000000 0.000000 
6.505225 -0.594667 94.491188 44.459831 15.921469 -77.357528 -15.326903 83.572862 28.621037 116.551053 -66.861267 -94.673298 -69.026746 73.591562 -33.512490 -68.547586 30.357293 41.269940 -84.423761 -40.702410 -65.359074 -89.673131 -67.899208 -35.507449 -97.945407 -12.698599 68.073517 74.136483 -34.464494 27.761233 93.784640 33.998228 -68.602073 -89.215347 15.597127 -79.020410 -88.587282 -55.799787 36.696986 80.041769 44.594505 40.541093 -83.095064 33.763124 16.800412 88.147367 -5.206503 -52.873146 70.141964 9.792217 -27.688440 -46.591910 1.003456 -68.571254 -22.725945 54.612797 47.239877 0.000000 0.000000 0.000000 -87.078555 -4.847496 -49.900401 -71.994404 -5.073023 -26.176142 47.810851 1.961348 -63.046916 69.212494 -42.333841 23.381942 0.000000 0.000000 0.000000 
6.794211 -0.632102 95.648918 -127.462973 -63.010454 -53.671698 4.800747 83.523144 46.825632 122.892997 -70.600145 -102.082802 -77.232363 64.441047 -16.844530 -70.826444 31.590427 40.624975 -84.164344 -27.412673 -65.241429 -90.733690 -66.106151 -36.876137 -98.019364 -9.417828 66.218471 71.808916 -33.176083 30.711725 94.673555 46.077044 -65.658520 -88.938223 15.637821 -78.883865 -88.117020 -57.062445 41.414400 79.289941 46.125448 39.379858 -82.980044 32.814627 17.412075 88.478837 -4.909155 -52.832766 70.353986 10.170791 -27.870077 -46.295608 -0.240455 -68.887947 -24.449306 53.246306 47.609967 0.000000 0.000000 0.000000 -87.089628 -4.207105 -49.859382 -71.968898 -5.178424 -25.548839 47.943965 1.697385 -63.504441 70.003731 -41.748446 22.655639 0.000000 0.000000 0.000000 
7.866421 -0.643226 97.530067 83.699110 22.019701 -57.172191 14.031779 82.920016 53.756723 137.133128 -74.780879 -117.292613 -79.282878 63.048936 -3.692498 -72.581774 33.250065 39.032406 -82.393603 7.175625 -63.267299 -91.635980 -53.188709 -47.021969 -97.950442 -2.889000 67.658732 67.193615 -30.456913 32.007442 94.013955 53.458789 -62.326878 -89.010439 16.485378 -78.205905 -87.914581 -57.670605 47.630565 81.481644 36.357955 38.276702 -83.292413 29.126677 19.581859 88.716206 -5.389638 -53.201728 70.811362 10.324357 -28.059622 -46.124709 -1.212029 -69.876752 -27.522549 52.952965 47.673462 0.000000 0.000000 0.000000 -87.318796 -3.806736 -50.685019 -72.556578 -5.199072 -24.317603 47.604311 1.566884 -62.619179 67.969888 -42.156672 25.022598 0.000000 0.000000 0.000000 
7.881123 -0.627040 99.061699 -62.828036 -44.739412 -102.338745 10.868500 81.859397 57.444206 -172.696343 -77.972701 -168.768900 -84.435601 66.094983 10.213611 -70.948541 34.179394 36.772365 -81.666275 41.132532 -61.405816 -89.255678 -40.960255 -51.713890 -97.718611 6.867830 66.887595 65.106044 -31.007248 30.871830 93.425672 57.646071 -54.756214 -88.688547 18.431456 -78.205081 -86.859313 -60.717940 52.360128 82.077340 35.836777 37.667079 -82.741270 28.486521 20.418106 89.281070 -4.905301 -53.287375 70.766064 10.554616 -27.811537 -46.273479 -2.043082 -70.241802 -27.907972 52.814498 47.090727 0.000000 0.000000 0.000000 -88.145755 -3.275621 -51.540817 -72.418152 -4.939824 -23.910511 47.547821 1.631114 -62.201428 67.121885 -42.496029 26.218703 0.000000 0.000000 0.000000 
9.034725 -0.586919 100.573990 162.526927 37.307992 -18.150921 67.803787 77.176685 75.953096 -118.382606 -66.119320 134.185880 -91.159823 68.471952 17.870769 -71.195233 36.695330 39.830696 -88.662590 22.868576 -34.889828 -86.412254 -19.913062 -55.983343 -97.015176 7.274943 72.568516 67.643593 -33.682207 30.709294 92.277642 58.526991 -47.924929 -88.597996 8.639131 -72.453530 -85.784379 -63.558600 55.914750 85.376496 32.831720 57.532032 -83.366805 33.650492 9.265825 89.766540 -4.588184 -53.445323 70.808617 9.671126 -28.300878 -47.034571 -1.590314 -69.267924 -31.701291 53.492955 45.261267 0.000000 0.000000 0.000000 -87.711280 -1.573381 -50.427566 -71.446818 -6.909156 -23.615688 48.157577 0.648139 -62.307977 63.274970 -47.008230 22.008826 0.000000 0.000000 0.000000 
9.026303 -0.504904 101.956963 -85.765833 51.378768 -138.370165 83.529621 21.154185 76.779012 -102.319345 -44.232244 118.348956 -96.992257 70.584090 15.007290 -76.113569 38.596152 39.478866 -89.243618 36.811886 -10.893728 -82.504054 -21.713499 -56.439798 -97.587303 15.158134 68.880511 69.378944 -39.248455 27.476565 90.669926 58.366679 -38.708899 -88.465379 6.528730 -72.095009 -85.505291 -61.508153 62.144213 83.418273 28.530315 57.931304 -84.304218 33.027170 2.356872 90.130212 -4.757627 -52.493917 70.902122 10.058948 -28.377010 -47.237156 -1.674079 -69.117895 -32.996167 53.564842 44.464237 0.000000 0.000000 0.000000 -88.226986 -0.950023 -50.822672 -71.686227 -7.150606 -24.406615 48.036238 1.310206 -63.191049 63.294405 -48.033508 20.468879 0.000000 0.000000 0.000000 
9.899376 -0.491428 103.093048 -87.489568 24.373823 24.811436 69.332400 50.051734 71.479462 -97.169926 -14.371314 111.337470 -94.718530 73.894351 6.329684 -73.431176 34.415503 39.428662 -92.711658 39.409288 17.229193 -70.477642 -48.160087 -51.308222 -97.665143 17.750840 68.425601 72.912830 -38.781407 25.034101 89.525066 59.829994 -30.937405 -89.177963 4.386590 -73.390662 -75.605638 -79.571555 63.682947 85.493046 24.743627 61.008677 -82.262579 38.606180 1.348133 89.508344 -3.033007 -49.178435 71.917911 8.325442 -29.669291 -47.080665 -2.121484 -70.897242 -44.725593 51.459990 37.865068 0.000000 0.000000 0.000000 -87.832911 0.131622 -49.230379 -71.497413 -9.464857 -25.072461 47.240463 1.981765 -63.216450 63.568738 -49.197671 16.167550 0.000000 0.000000 0.000000 
9.936139 -0.459214 104.336128 -174.239327 50.400129 131.288635 69.865276 61.040843 65.292050 -94.918066 17.821922 104.420130 -101.681856 74.105854 -20.480833 -74.217980 34.977870 37.441043 -91.667216 39.466400 37.638046 -66.068434 -49.072558 -51.750416 -98.005327 19.262858 67.374699 74.812810 -36.405155 23.710532 87.604418 60.568072 -24.718085 -88.839145 12.470263 -76.590653 -71.955732 -80.057980 59.241916 84.886398 23.209274 59.838312 -84.651565 37.344409 -4.554889 89.537718 -2.201653 -47.642856 71.850541 8.415381 -30.391447 -47.375911 -2.124860 -70.939727 -48.678732 49.901455 36.697042 0.000000 0.000000 0.000000 -87.801018 -0.135588 -48.252907 -71.159630 -9.513398 -25.491526 46.502402 2.571115 -63.179547 62.746521 -49.828648 18.077043 0.000000 0.000000 0.000000 
10.736913 -0.429806 105.198708 -85.876050 -80.579909 -163.460499 26.677223 83.562988 28.302171 -93.584264 51.339137 88.950512 -101.953007 70.864794 -46.391963 -74.196833 36.105858 38.567189 -92.726771 38.899852 52.998250 -66.185081 -54.724408 -47.578987 -97.895740 11.298631 70.863155 78.276875 -38.089005 24.099122 88.333699 61.493319 -10.952051 -88.945563 -1.051151 -76.702633 86.136312 39.296294 -92.783324 83.918851 25.991241 54.745587 -79.991658 42.948230 6.258693 89.720125 -1.931820 -47.974418 72.943314 7.098095 -32.013602 -47.052076 -1.780458 -69.750822 -47.874292 50.878989 36.323269 0.000000 0.000000 0.000000 -88.057094 -0.198858 -47.901796 -69.621069 -10.037454 -24.750312 46.133829 2.388968 -64.135448 57.067558 -54.192199 19.343025 0.000000 0.000000 0.000000 
10.626575 -0.409100 104.008568 115.713489 40.030087 78.214171 -62.989338 78.952022 -52.422886 -91.832671 68.437271 62.024393 -101.232034 65.999114 -75.289084 -73.672277 33.914332 38.978484 -93.406360 41.073754 55.425471 -71.563365 -47.964850 -47.852878 -97.180842 2.678687 73.510172 76.502945 -36.362990 22.991456 88.712860 60.863347 2.943988 -88.903586 -16.640294 -74.398006 84.609501 -51.908103 -93.102802 84.834964 21.465390 57.019392 -78.839914 42.363420 3.364261 88.980090 -0.926007 -47.108387 72.713534 7.823536 -31.601758 -46.226519 -2.405316 -69.477206 -48.326281 50.609428 38.242539 0.000000 0.000000 0.000000 -87.647055 0.555676 -47.567137 -68.828343 -10.298584 -24.812239 46.690004 2.915190 -65.210574 54.853183 -54.352017 20.821727 0.000000 0.000000 0.000000 
11.345035 -0.388541 105.005898 -21.704812 60.625416 83.518995 -81.857940 69.012869 -72.493804 -80.801822 74.865895 6.836575 -115.450830 73.665377 -113.601552 -75.327403 34.429253 40.701990 -93.893508 36.762564 59.142737 -72.194700 -52.755471 -45.920447 -97.996553 -21.902910 79.401448 72.579897 -35.524387 24.700109 90.839283 59.249400 20.582913 -89.043210 -23.545045 -74.772803 78.305705 83.440749 31.658379 84.943451 17.628563 52.206026 -77.933372 43.082647 6.999451 87.938648 -0.581477 -46.508061 72.201122 7.405582 -30.987931 -44.974859 -4.498158 -68.761238 -48.368109 51.205217 36.690745 0.000000 0.000000 0.000000 -87.375671 1.196021 -47.327415 -69.745457 -9.805444 -25.936227 48.028335 2.924268 -65.732538 53.319560 -54.141355 20.939499 0.000000 0.000000 0.000000 
11.075349 -0.369784 105.930977 163.623328 42.135274 49.448079 -81.559415 58.902586 -70.254063 -80.178081 71.810765 -23.153906 106.783112 66.444964 98.808980 -70.944937 31.713002 42.316564 -94.199181 37.873224 60.226111 -72.835722 -53.022237 -44.681602 -106.164695 -59.564325 93.374398 68.461856 -34.529805 30.234784 90.912727 57.836705 28.590676 -89.072556 -29.116499 -75.590477 87.775868 75.462660 40.101308 85.003881 17.837816 48.100565 -76.972154 42.783679 15.948335 87.215513 0.411399 -45.337173 72.194369 8.024147 -30.491933 -44.602710 -4.778388 -68.613505 -47.031905 51.778830 37.683941 0.000000 0.000000 0.000000 -87.437221 1.258203 -47.391159 -69.771364 -9.841098 -26.061274 48.752467 3.045437 -66.726144 53.471740 -53.662722 21.211924 0.000000 0.000000 0.000000 
11.373363 -0.375383 106.969353 31.820496 42.750418 80.849068 -80.392146 21.121134 -59.599269 -70.211091 72.712400 -30.098011 100.066295 39.097696 80.984860 -68.385029 32.034325 38.967296 -93.342257 25.904406 67.917816 -65.173467 -64.924358 -30.605905 -124.734226 -73.878685 114.068976 69.511218 -33.464242 33.791373 90.982707 56.867588 38.843842 -93.626840 -75.630678 -59.218208 89.584195 49.620644 45.450788 84.717411 24.663902 61.494848 -74.397758 54.277951 -7.403641 86.750719 2.384375 -44.372812 70.958394 8.959070 -28.888887 -43.932743 -7.726948 -72.259129 -55.270471 45.365211 30.429701 0.000000 0.000000 0.000000 -88.268301 2.421584 -48.076279 -69.245023 -10.323393 -27.792299 47.498785 2.891234 -67.744931 52.637373 -53.631286 20.376585 0.000000 0.000000 0.000000 
11.475718 -0.391044 107.722343 -145.563903 47.797246 45.381711 -78.429431 -16.272986 -55.507888 -56.793985 76.418242 -34.460573 99.956614 32.209825 77.855551 -70.546748 33.321800 36.897442 -93.915085 19.997932 72.120204 -64.984776 -68.210789 -24.137849 -160.065379 -80.028149 150.374963 69.696013 -33.661412 28.681795 92.288504 54.078866 42.717165 -91.358928 -80.855471 -51.476647 90.185888 42.176413 45.662312 84.581815 28.853630 63.073656 -75.594902 55.468807 -13.459774 86.026944 2.851071 -43.942047 71.118396 8.982475 -28.859741 -44.151295 -9.289929 -73.089499 -58.015993 41.033738 27.681976 0.000000 0.000000 0.000000 -88.421225 3.162709 -48.561738 -69.121566 -10.048528 -28.334078 46.385970 4.995305 -69.202101 51.581575 -53.291433 21.342212 0.000000 0.000000 0.000000 
11.187768 -0.374909 108.758179 94.347918 27.508265 77.043791 -80.363419 -32.945679 -56.073901 -24.569436 84.715308 -29.452031 100.723904 35.248603 79.909567 -68.972591 34.925887 40.946859 -95.094708 29.914331 72.613307 -70.773272 -65.651664 -26.948255 156.303597 -78.911058 -165.740185 73.327905 -37.163602 23.537649 92.385603 51.492107 38.450743 -95.038759 -77.130779 -68.894880 91.562085 55.911507 37.012885 85.772227 18.001186 59.906926 -79.904870 44.539759 10.820941 85.509847 1.528900 -43.162157 70.137598 10.559382 -28.444667 -42.777432 -11.577020 -74.612486 -59.368752 38.001070 25.639438 0.000000 0.000000 0.000000 -88.114738 1.535212 -49.275094 -70.801219 -8.414462 -30.129870 45.567043 5.904640 -70.830852 54.302990 -52.404571 17.635547 0.000000 0.000000 0.000000 
12.099579 -0.375024 109.334351 -118.801966 -10.657148 -168.301630 -79.225331 -42.773738 -56.612476 17.123241 85.560161 2.224684 99.640870 33.706857 79.386040 -65.712458 32.232959 41.474145 -94.651926 24.613634 75.469030 -73.289522 -63.350323 -28.487603 112.100295 -61.791090 -117.970381 75.039186 -39.648526 24.100639 93.778709 49.358435 41.047120 -87.930932 -48.121155 -73.929284 91.363722 59.341880 39.104609 86.511312 17.412623 61.160773 -81.502061 41.374942 12.999027 84.337060 1.554220 -42.161857 69.752592 10.917223 -28.177685 -42.639043 -13.219082 -74.575005 -59.920064 36.030292 25.202974 0.000000 0.000000 0.000000 -88.241144 1.927114 -50.052722 -71.050101 -7.404310 -30.423612 44.321171 6.846121 -71.422684 53.976319 -51.775891 17.751655 0.000000 0.000000 0.000000 
12.630827 -0.370876 108.285500 48.354052 -27.388078 76.649901 -80.047206 -50.303313 -59.389243 66.203140 83.216910 41.786122 99.641179 30.706022 79.090896 -69.645282 32.723488 40.468910 -95.714520 30.965722 74.580296 -78.595432 -58.194657 -34.241464 107.898119 -53.311203 -112.083512 79.274326 -39.382779 22.458497 94.623520 49.105639 41.762386 -79.937332 85.386293 -68.993274 93.160446 68.630328 30.308298 87.028130 12.902649 58.080043 -83.995728 35.235184 23.126920 83.585767 1.129724 -40.406861 68.671442 12.951813 -28.106972 -42.633607 -15.267196 -73.936328 -56.950203 40.199203 26.935808 0.000000 0.000000 0.000000 -88.118872 0.163488 -51.650529 -72.546583 -4.706482 -32.347708 44.308699 4.121470 -70.573427 53.195083 -51.716341 20.380624 0.000000 0.000000 0.000000 
13.008413 -0.369776 107.964912 -176.033972 51.887618 157.027688 -81.073546 -56.006948 -59.590596 76.874513 81.400934 45.556625 99.374411 29.550141 78.109917 -72.372246 36.113182 38.865121 -97.946641 46.050551 69.947012 -81.544571 -53.263039 -37.475840 103.899772 -37.926797 -104.251154 83.422520 -41.614301 18.742640 95.474412 48.885030 45.138041 88.621181 57.297777 97.846183 94.149531 69.350159 33.239363 86.585480 11.969838 57.959711 -84.416465 34.127978 23.476261 83.579751 1.322787 -40.028649 68.333555 13.416569 -27.625998 -42.411061 -15.010013 -73.836617 -55.955795 41.392187 26.440919 0.000000 0.000000 0.000000 -88.419329 -0.329637 -52.349621 -73.125632 -4.206813 -33.163264 43.430570 3.933600 -70.038584 53.017736 -51.570041 19.485586 0.000000 0.000000 0.000000 
14.336411 -0.376698 107.821205 -64.903497 -44.364597 171.093059 -81.521917 -58.346173 -57.599513 86.146879 79.630802 50.901030 99.512985 24.747250 76.662899 -70.751833 34.682097 38.376552 -100.480840 55.922164 63.745386 -84.916690 -32.487782 -45.048405 102.725131 -34.539418 -100.976575 87.125022 -43.684234 17.658577 96.124510 49.869261 47.003100 89.026309 30.715839 92.123451 101.300897 77.625139 37.846609 87.361997 12.292793 59.086043 -86.710977 30.722977 15.827738 83.699819 -0.095888 -40.039466 66.993736 14.723009 -25.899220 -42.858490 -15.830809 -72.206586 -55.197721 42.901844 24.141773 0.000000 0.000000 0.000000 -88.852219 -0.355247 -53.735297 -73.969539 -2.816057 -33.941551 43.298680 3.964172 -69.276677 54.237879 -50.635613 20.262874 0.000000 0.000000 0.000000 
14.738722 -0.383948 106.444443 77.593375 14.993614 81.837829 -81.983202 -59.626570 -59.275155 90.614021 78.842389 54.889530 100.071499 25.804211 77.565946 -69.305734 34.575530 41.723883 -100.254385 57.389645 60.811711 -86.001280 -15.974145 -48.221605 101.443009 -26.384500 -96.589914 89.650886 -45.031266 14.969398 96.747940 52.019829 49.479979 88.766112 7.391207 88.148759 110.171934 78.934894 57.012953 86.942087 11.569376 59.655668 -86.861696 28.832898 14.023014 83.780081 -0.977995 -39.718187 66.947962 15.142027 -25.450840 -42.616214 -15.253372 -71.330555 -55.269165 43.710379 21.837346 0.000000 0.000000 0.000000 -88.650953 -0.265856 -54.044377 -74.423104 -2.776726 -33.984971 42.886955 4.197245 -68.075067 56.672527 -49.869828 19.364241 0.000000 0.000000 0.000000 
15.848208 -0.357761 106.260269 -122.929926 28.165043 -170.538739 -81.568715 -59.870695 -60.532325 94.577330 77.254350 60.399547 100.494040 24.922278 77.745819 -70.369565 34.338898 41.448576 -100.408980 60.702209 59.863203 -86.862738 1.971984 -53.140566 100.497109 -25.987926 -93.172456 85.039580 -43.658616 17.348926 97.078413 52.031617 48.030297 89.150563 -6.990710 85.121943 128.122529 70.269797 84.078522 85.948767 10.586863 52.596742 -88.532883 20.516551 15.917609 84.241751 -2.878518 -40.247232 66.973942 16.511357 -24.740709 -42.362588 -15.769183 -72.095739 -53.289496 46.769028 18.853618 0.000000 0.000000 0.000000 -88.880840 0.256546 -54.434470 -75.970838 -1.908361 -34.274361 43.516977 2.515845 -65.350729 60.295463 -48.965397 16.725003 0.000000 0.000000 0.000000 
17.200001 -0.371975 105.413956 -1.446331 -39.225596 120.192817 -80.318865 -56.896546 -64.131741 96.124702 76.464220 61.689443 100.446302 23.254632 77.415984 -71.641220 34.430636 39.097386 -98.789948 60.699357 60.322475 -87.345823 13.828463 -55.441324 99.800275 -22.160436 -88.669575 83.388598 -41.603986 15.584248 96.449569 52.581596 46.831312 88.935489 -13.878510 84.163543 121.941669 66.328674 85.360427 86.116769 11.600047 52.234694 -88.807684 17.484133 14.669415 84.353398 -2.773159 -40.128363 66.764817 17.066413 -24.771554 -42.838759 -15.163323 -73.348295 -53.372090 48.002147 16.717210 0.000000 0.000000 0.000000 -88.967960 0.244376 -54.723560 -76.518266 -1.399497 -34.240868 43.877432 1.268895 -63.545574 62.184786 -48.524157 15.760136 0.000000 0.000000 0.000000 
17.722534 -0.385299 103.954628 106.558253 57.185307 98.326957 -80.271521 -52.345700 -67.294958 97.728552 76.216357 63.920272 100.234645 21.501248 75.456078 -70.811503 33.666823 39.567727 -99.351988 63.599975 61.682774 -89.033037 36.946351 -61.149090 99.083762 -22.959658 -85.069979 78.914754 -40.442224 19.791507 95.953206 53.019196 43.619008 88.635855 -13.949967 82.559036 115.285782 57.893925 86.243309 85.926246 11.748078 50.241353 -88.525820 9.741742 12.606880 85.367754 -3.872977 -40.706395 66.313186 17.923975 -25.101760 -43.132132 -14.070728 -73.635091 -51.405387 51.869190 15.723430 0.000000 0.000000 0.000000 -89.825893 1.147842 -54.843900 -77.340067 -0.894159 -34.456061 44.024476 -1.462636 -61.481851 62.214399 -49.989396 15.236752 0.000000 0.000000 0.000000 
19.512064 -0.413746 103.806152 -87.229509 -3.700698 -169.082181 -80.580673 -47.079432 -71.113509 99.432532 75.863206 67.376474 100.118658 20.257321 73.796715 -70.186000 33.707535 40.740522 -100.046776 64.918106 59.716781 -91.448544 52.942798 -65.884776 99.053606 -26.746677 -82.332311 76.984042 -39.223493 21.952758 95.851705 53.833453 42.140042 88.286278 -16.106793 80.852156 113.334617 59.980171 85.850988 85.805955 13.168608 49.010753 -88.399118 7.922470 11.659844 85.385157 -4.800681 -40.835085 65.859289 18.163944 -25.449364 -43.125577 -13.388601 -74.327440 -50.976484 52.822793 14.655511 0.000000 0.000000 0.000000 -89.803082 1.804046 -54.968273 -77.559951 -0.755887 -34.259552 43.863122 -2.473957 -60.392931 61.964335 -50.237364 14.406873 0.000000 0.000000 0.000000 
20.938234 -0.456881 102.205841 29.233001 -5.790758 95.003268 -83.619523 -38.542866 -76.117665 100.521477 73.421901 72.188278 100.458223 19.306945 71.626014 -69.010923 33.468734 37.489311 -104.363930 70.103015 55.002055 -97.601208 66.208689 -73.841799 99.012524 -35.485299 -79.881503 73.763262 -35.574164 24.755075 95.464364 52.824970 36.737796 87.523520 -11.033647 81.562915 115.488702 63.694548 85.441306 85.526136 15.694277 43.911566 -88.869465 -1.445901 15.991565 85.958174 -5.177151 -41.281918 66.067744 18.126796 -25.569111 -43.904755 -13.484373 -72.933878 -46.621523 54.206660 18.066137 0.000000 0.000000 0.000000 -89.948792 3.801087 -54.455321 -77.686757 -0.868329 -33.639536 44.488130 -3.590361 -60.565374 60.079346 -50.185719 15.010079 0.000000 0.000000 0.000000 
21.857620 -0.490570 100.763817 -75.198118 67.585364 -94.833730 -83.431902 -25.931658 -77.687187 99.935760 72.589060 74.248630 100.171921 16.485576 68.867354 -70.050035 32.729202 39.100890 -104.945333 70.235547 52.606830 -110.370638 77.305042 -87.370145 99.504074 -41.548889 -76.738232 72.009351 -34.085463 23.803593 95.142719 54.250845 34.560725 87.078249 -12.055461 80.430202 135.962053 71.906350 84.821495 85.471470 16.525749 42.477633 -88.791285 -3.668554 18.298192 86.070951 -5.903555 -41.791481 65.750467 17.982521 -26.063881 -44.769789 -14.123799 -73.341292 -45.093372 54.586643 19.253994 0.000000 0.000000 0.000000 -89.774914 4.058164 -54.350797 -77.853020 -0.960267 -33.390751 44.668594 -3.177435 -60.643751 58.657393 -50.602265 16.175605 0.000000 0.000000 0.000000 
24.333046 -0.533127 100.374130 -161.765304 8.419288 15.553779 -83.261268 -23.635860 -75.516172 97.808795 72.653805 73.664465 99.753460 7.932468 65.640385 -68.319596 30.273325 39.650592 -107.306305 70.391689 46.877386 -167.160851 84.307823 -145.597243 101.271075 -48.578363 -72.774257 70.529869 -36.629238 25.097448 95.543670 56.498967 31.949785 86.561503 -12.487007 80.531848 -119.416756 -67.036410 84.580269 85.329980 17.906748 37.093916 -88.714317 -3.123828 13.956554 86.944462 -7.767757 -44.140004 65.929822 18.532484 -25.843889 -44.019652 -14.109804 -73.031988 -36.098658 56.121205 24.544135 0.000000 0.000000 0.000000 -90.073871 4.001848 -54.492360 -78.067579 0.202506 -33.201806 45.432566 -2.778804 -61.196251 60.558368 -50.135922 18.420211 0.000000 0.000000 0.000000 
22.975626 -0.549007 102.431870 -22.304832 35.423823 -94.084724 -82.454194 -19.626792 -72.700031 94.850176 74.878018 73.817804 99.421732 -0.448112 62.111382 -70.277661 30.709894 40.322025 -105.244954 67.794270 44.442996 120.655652 79.427493 143.880822 105.188601 -56.915937 -70.148137 69.605978 -34.054193 25.731214 95.246428 59.561402 31.358046 86.227304 -14.028144 79.304922 -100.317718 -83.302264 74.453314 85.150637 18.617943 36.023628 -87.713752 -1.821760 13.640620 87.640341 -8.996890 -45.677339 65.839191 18.214870 -26.342288 -44.049977 -15.947888 -74.468511 -31.174488 57.947338 27.988608 0.000000 0.000000 0.000000 -90.340996 4.467215 -55.148375 -77.869341 0.177668 -32.460792 46.018125 -2.723851 -61.617343 60.319233 -51.406163 19.150160 0.000000 0.000000 0.000000 
22.825247 -0.550715 101.082054 -108.620577 -15.216486 -35.171001 -79.870312 -21.977226 -62.937058 86.219635 78.716859 62.189384 99.154675 -18.062512 58.776933 -66.047326 27.004315 41.159130 -108.252784 68.595330 23.319021 106.694043 68.693616 126.756109 110.693335 -61.026029 -74.386966 69.808178 -33.498819 30.395770 95.394939 61.743184 30.846320 86.913507 -1.820421 83.098884 -62.504988 -86.675741 28.434260 84.571868 16.401753 32.889310 -86.326680 9.207800 14.553711 88.504001 -10.568524 -47.606923 66.394036 17.644400 -25.768242 -45.914850 -14.803075 -73.908097 -28.480007 57.630816 32.332378 0.000000 0.000000 0.000000 -90.719578 5.165372 -55.682920 -77.100751 0.835052 -31.479411 46.624626 -0.427381 -63.521749 60.395068 -50.270954 22.121006 0.000000 0.000000 0.000000 
24.427265 -0.517398 102.064606 147.690880 52.195616 13.789587 -79.865188 -13.840567 -54.511213 74.352854 80.474802 50.165061 99.364496 -23.256778 56.354597 -65.746863 26.631579 42.938659 -107.825467 68.520818 13.822255 101.145235 57.420575 120.183742 110.854563 -65.506141 -83.609406 65.546169 -32.986648 32.311544 93.877624 63.988378 24.039405 87.111507 26.138398 87.946022 -86.632383 -83.403953 38.329833 84.489110 13.543784 33.010578 -86.105143 12.272283 18.198125 89.010637 -10.927723 -48.941724 66.419708 16.941872 -25.850672 -46.078564 -13.855275 -73.399524 -27.136878 58.484504 32.698866 0.000000 0.000000 0.000000 -91.270763 4.467848 -56.021652 -76.960649 0.627650 -31.370177 47.428835 -1.431755 -63.409346 62.875706 -49.952456 20.105456 0.000000 0.000000 0.000000 
22.807108 -0.495025 102.677414 -29.426911 -18.593280 -110.196292 -79.520937 10.873420 -49.649550 57.818507 79.615605 25.465855 98.905540 -25.673271 57.450438 -65.547313 24.347833 46.910515 -108.108099 70.425088 7.831293 95.703592 17.841228 104.614961 109.580435 -66.159611 -101.980725 67.299055 -32.204515 28.864362 93.278735 63.387598 13.980342 70.341654 83.316238 75.783833 -87.155305 -78.658368 33.966741 84.235225 13.565328 32.938853 -85.984884 21.590779 18.042960 89.440579 -9.942447 -49.574445 66.497641 16.728714 -26.334719 -46.539288 -10.896075 -71.844573 -28.969671 59.282395 28.175019 0.000000 0.000000 0.000000 -90.361480 2.922483 -54.148216 -77.014972 0.668946 -31.851755 48.016078 -3.276752 -62.329018 64.486689 -48.728490 18.558164 0.000000 0.000000 0.000000 
24.539007 -0.457575 102.225723 147.197956 -20.489776 -8.143488 -78.100574 32.649175 -45.524502 54.068067 76.652977 11.471307 98.505030 -21.618064 58.954064 -66.220573 25.166603 42.966564 -102.757460 70.228837 18.932537 94.825851 -32.805340 94.617356 -120.057717 -73.306699 113.550772 67.529559 -31.146543 30.111525 92.240035 63.537255 5.483900 -84.317061 72.021798 -74.833266 -84.191575 -77.630182 27.959335 84.634304 11.652512 35.641556 -86.281135 27.528527 19.320555 89.761698 -9.142870 -49.724832 66.580538 16.335983 -27.228489 -46.705262 -9.168810 -70.569688 -29.483314 59.810905 26.223079 0.000000 0.000000 0.000000 -90.080396 1.906198 -53.125144 -77.021085 0.725758 -32.649920 48.832070 -5.739972 -61.426358 64.291924 -49.238126 16.607532 0.000000 0.000000 0.000000 
23.814827 -0.441913 103.810638 13.198079 9.036084 -101.981445 -74.647945 49.409124 -43.821284 50.501930 71.629408 -10.470282 97.907689 -18.934557 63.703239 -65.380085 22.883009 45.305781 -90.016619 51.947630 46.291262 87.315060 -49.371963 91.560741 -98.900207 -0.828502 74.603976 73.833835 -31.191373 33.213292 91.656506 65.803670 -4.661442 -87.331124 45.793926 -71.255154 -86.368633 -71.135328 23.985881 83.387396 24.374810 33.851892 -85.660666 31.114115 20.138318 89.690284 -7.043210 -49.824177 67.100070 15.565798 -28.144162 -46.415948 -8.373517 -71.223300 -31.420594 60.010285 23.806696 0.000000 0.000000 0.000000 -88.916117 1.182770 -51.423503 -76.250176 0.013239 -33.112111 48.823088 -6.596375 -59.779194 66.394535 -47.721562 15.976679 0.000000 0.000000 0.000000 
24.324026 -0.436468 103.117500 -175.216696 -56.912348 -18.023269 -73.555524 58.523608 -44.487585 56.292273 66.885645 -17.346705 98.361920 -13.549878 67.362512 -64.674333 23.282911 45.725695 -86.157027 -12.979075 57.458168 74.116066 -54.080744 88.717946 -99.117922 -4.404163 69.921912 75.230112 -31.012100 33.392411 90.369372 64.027156 -15.539892 -87.964594 38.030455 -68.638016 -86.859783 -67.448378 25.420465 82.092850 30.318904 35.805232 -85.784680 33.856787 21.381512 89.904633 -6.109605 -49.851516 67.808621 14.836883 -28.562203 -46.292221 -7.930826 -70.872648 -33.260871 59.236227 22.234993 0.000000 0.000000 0.000000 -88.534833 0.430051 -49.681088 -75.605986 -0.176922 -32.771607 49.540783 -6.954249 -58.884057 67.451449 -46.907112 14.306841 0.000000 0.000000 0.000000 
24.762945 -0.422842 104.433090 -91.429026 53.942751 90.840762 -73.286872 65.711561 -42.716929 59.935425 62.002528 -23.900498 97.924756 -4.870344 69.570408 -61.893367 22.767823 47.542081 -66.047482 -74.144764 58.689691 32.508581 -66.939366 78.300887 -99.841425 -12.890463 66.852515 76.948447 -32.584597 33.828504 91.338732 64.164159 -24.444248 -88.464022 36.513417 -69.716690 -87.693121 -66.154510 22.662607 80.821987 41.829566 48.006072 -84.699875 37.277216 21.774628 90.290094 -5.177690 -50.178199 68.553958 13.634185 -29.306521 -45.794610 -7.399110 -72.270660 -37.671211 58.767543 21.670733 0.000000 0.000000 0.000000 -88.568385 0.587090 -49.731207 -73.426239 -1.179222 -31.740842 49.334497 -4.738998 -60.098083 69.889756 -45.517311 13.822380 0.000000 0.000000 0.000000 
23.683443 -0.417903 103.836342 38.807647 -28.028512 137.659280 -72.781591 70.394065 -43.813837 64.794586 58.530676 -26.081867 98.233987 3.162051 72.300595 -63.241613 23.819010 48.460648 0.538664 -80.806944 10.789217 38.335710 -72.117346 55.024268 -100.542965 -18.381513 64.965995 79.309668 -34.985293 31.522688 91.273929 61.087707 -33.345271 -88.778079 35.247594 -69.908359 -88.373761 -64.452050 25.066040 77.628605 53.023598 52.774500 -83.982151 38.217458 19.659455 90.876485 -4.815991 -50.109459 68.853164 12.982922 -29.471289 -45.151786 -6.919795 -72.013243 -35.758156 58.612156 23.139116 0.000000 0.000000 0.000000 -88.471771 -0.245612 -48.996994 -72.644641 -1.455722 -31.442223 49.211710 -4.646162 -61.022650 69.869263 -45.428443 13.971441 0.000000 0.000000 0.000000 
25.042597 -0.397602 103.702858 146.930574 46.199539 41.565450 -66.528707 76.600829 -44.210987 66.810450 57.183145 -24.259076 98.656771 18.715140 76.589449 -63.513119 22.027213 46.260372 61.493216 -66.362830 -37.822584 50.396002 -79.886517 15.405527 -100.752165 -19.558191 62.974795 76.956232 -33.247342 31.863583 90.763971 57.757900 -45.310520 -88.931832 30.017677 -68.067850 -88.938445 -61.246486 26.784091 63.527198 64.300268 37.233362 -82.740038 37.864865 21.687652 90.399672 -4.958961 -50.023112 69.308077 12.265478 -30.284104 -44.315543 -6.694556 -72.299546 -40.502128 58.541144 18.510453 0.000000 0.000000 0.000000 -87.787571 -1.105220 -47.899017 -71.816269 -2.055489 -31.298409 49.612674 -4.710733 -61.366500 70.990352 -45.789942 11.702551 0.000000 0.000000 0.000000 
24.370251 -0.400536 103.630470 9.030386 0.566682 171.104658 -65.025883 79.373974 -46.403935 68.985789 55.476753 -25.855530 98.965845 21.124002 76.931880 -63.984452 21.941286 46.090052 73.947090 -42.975436 -44.359019 67.854346 -80.513518 -11.529205 -100.713497 -16.910080 61.403355 75.582578 -31.833924 33.925897 90.816889 53.811508 -53.349989 -88.922421 30.516012 -68.032218 -88.992215 -59.801958 29.920925 27.659579 69.115780 1.404752 -81.373894 40.066704 22.207361 90.065602 -5.520245 -50.253687 69.814518 11.535988 -31.120719 -43.314238 -6.605192 -72.359461 -39.433348 58.606838 19.094809 0.000000 0.000000 0.000000 -87.089542 -2.087790 -47.065968 -71.684869 -2.115104 -31.131864 49.528900 -4.313515 -62.340937 70.697745 -45.811153 12.135048 0.000000 0.000000 0.000000 
25.230005 -0.397556 102.707848 127.659568 14.821512 54.608928 -54.629230 82.348791 -36.401648 72.436486 52.063769 -26.461555 100.298591 35.071768 80.910924 -64.684605 21.688522 45.124547 76.695922 -9.640301 -48.186827 59.530705 -83.378033 -25.551508 -100.400311 -13.145768 60.364037 75.376432 -30.355806 32.956308 90.922718 43.501115 -61.837062 -88.898521 26.770909 -67.452343 -88.964304 -59.378697 32.359234 58.739805 62.515668 40.004095 -80.800550 39.774192 22.903494 89.152534 -4.499255 -50.558205 69.920154 11.143938 -31.810199 -43.033880 -6.035737 -73.631606 -39.852995 58.744518 19.409865 0.000000 0.000000 0.000000 -86.616405 -3.565498 -47.323206 -70.897300 -2.229282 -30.886620 49.647225 -2.883074 -63.337708 71.220469 -46.044481 12.477430 0.000000 0.000000 0.000000 
25.249887 -0.410318 102.942833 -6.980317 31.023161 -175.400583 -49.104022 84.271003 -32.238353 74.492809 50.898901 -26.534245 101.374706 42.903731 83.118264 -63.690842 19.968629 45.820248 76.093357 14.256489 -47.824055 37.026226 -84.938402 -15.892780 -100.350234 -11.919136 60.139560 75.130495 -28.499092 32.689589 91.384410 36.055158 -67.030531 -88.858980 26.603450 -67.547284 -88.786637 -58.952751 35.398564 63.901096 56.444738 41.649491 -79.054934 42.113430 26.276103 88.842456 -4.915923 -51.758816 70.062456 10.631749 -32.221681 -42.801123 -6.117488 -73.840964 -39.612024 58.720220 19.384095 0.000000 0.000000 0.000000 -86.353476 -4.360960 -47.490681 -70.745581 -2.074384 -30.866282 49.907870 -2.536531 -64.367410 72.017185 -45.763809 13.014272 0.000000 0.000000 0.000000 
25.563595 -0.422850 101.782547 108.689818 -8.868224 72.779942 -31.471444 85.691600 -14.203526 76.805779 49.420472 -25.960194 101.776170 45.842997 83.483341 -64.317412 21.180904 44.534559 69.276254 42.947967 -45.996377 -22.127184 -84.944393 30.653983 -100.119513 -8.722436 61.262634 75.658500 -28.545259 32.318205 91.349618 29.251142 -69.680537 -88.714650 25.034974 -68.150704 -88.798192 -57.991178 36.194461 64.994177 40.616358 46.695592 -78.282940 42.237117 30.737368 88.547500 -4.557319 -52.180547 70.721510 10.040430 -33.094358 -43.601878 -4.741380 -73.782564 -39.991952 58.484172 23.329794 0.000000 0.000000 0.000000 -85.889298 -5.774555 -47.707760 -69.860099 -3.001893 -30.422056 49.773431 -1.193523 -65.446712 72.220926 -45.510976 13.929344 0.000000 0.000000 0.000000 
26.130083 -0.441258 102.004814 -17.990555 58.664918 -165.677052 -31.040324 86.641452 -15.232024 78.636590 47.315196 -26.763460 102.562008 49.677567 84.964181 -64.641093 22.887062 43.792708 66.428432 49.871610 -44.518128 -38.694290 -82.193665 33.486017 -99.959939 -5.542840 62.366163 76.397393 -30.272439 31.387413 91.419389 18.475361 -72.150018 -88.621452 24.839595 -68.671298 -89.037141 -56.631955 37.425999 60.136764 23.097453 42.073651 -76.875618 42.737996 33.661934 88.446101 -4.371228 -52.555822 70.976679 9.879549 -33.299189 -43.726288 -4.603160 -73.317949 -39.835734 58.296695 24.311465 0.000000 0.000000 0.000000 -85.823585 -6.563763 -47.707998 -69.949889 -3.201256 -30.468087 49.566244 -0.226061 -66.516357 72.194157 -45.514142 13.619048 0.000000 0.000000 0.000000 
26.061821 -0.447109 100.846275 82.053653 -24.493323 97.753851 -57.555127 86.262206 -40.401345 81.005724 45.772089 -27.498493 108.661989 63.280081 94.678383 -63.125127 22.855892 43.666500 64.993459 52.444994 -41.696776 -58.982109 -80.770866 44.210735 -99.948841 -3.917272 62.874092 74.323814 -31.060447 29.833298 91.261769 -0.135905 -75.044460 -88.557348 20.108579 -68.153232 -89.500209 -53.279868 39.034908 10.995698 57.078047 16.972094 -74.429235 43.558118 29.495364 88.599486 -4.101329 -53.294116 71.144803 9.981654 -33.242823 -44.212475 -4.756527 -73.624880 -42.147987 57.840417 24.649813 0.000000 0.000000 0.000000 -85.696623 -7.377935 -47.665816 -69.348239 -3.891612 -30.843094 49.009610 0.835619 -67.251643 71.738946 -45.966871 12.319259 0.000000 0.000000 0.000000 
27.023903 -0.472058 100.818886 -114.626202 88.337802 114.017409 -58.901810 86.259197 -41.062147 82.520363 42.790540 -29.519837 127.110622 76.349816 115.841592 -64.101587 23.404746 42.983425 64.726277 53.685977 -38.602770 -64.149121 -80.417762 42.374878 -99.871998 -3.096292 63.349171 74.218962 -31.605000 30.133306 91.382655 -19.577090 -77.182482 -88.544328 19.708711 -68.664943 -89.775831 -51.767520 39.760829 -20.333737 58.581785 -5.033293 -73.851403 43.056870 28.804952 88.789383 -4.399491 -53.933323 71.215021 9.982695 -33.167746 -44.540673 -4.413662 -73.565433 -43.218543 57.816626 23.909637 0.000000 0.000000 0.000000 -86.014591 -7.810136 -48.055215 -69.372312 -4.039379 -31.171544 48.675139 1.539909 -67.449434 71.699247 -45.819822 12.619266 0.000000 0.000000 0.000000 
26.751131 -0.469619 99.863007 46.335933 -22.371781 130.176441 -66.439446 85.021956 -46.605022 84.033225 36.693792 -31.122788 -169.416791 82.373283 -178.382002 -63.996599 23.000264 44.982752 58.036988 56.015368 -37.054520 -63.134376 -80.313465 35.918328 -99.639584 0.112287 63.935901 73.619702 -32.028201 31.318447 91.284718 -27.243442 -77.890327 -88.705485 19.200493 -71.523852 -89.617669 -51.024503 41.833398 6.693982 67.515811 8.833029 -75.673089 39.955323 26.752408 89.603214 -4.976379 -54.963087 71.344709 9.959605 -33.077426 -44.858995 -4.502820 -73.172440 -39.978614 57.560533 27.082282 0.000000 0.000000 0.000000 -86.667396 -8.222289 -49.310506 -69.447617 -3.551526 -30.791812 48.565522 2.073722 -66.215415 72.601328 -45.055508 14.481956 0.000000 0.000000 0.000000 
27.866405 -0.483285 99.358994 140.916019 52.893515 30.398523 -69.860898 84.652948 -49.317501 84.516453 32.886153 -32.134327 -145.038003 80.899190 -152.753940 -64.543544 23.238685 45.201295 54.191863 57.418260 -37.194341 -63.216833 -80.377383 34.309699 -99.589258 2.339993 64.400530 75.103315 -33.042785 30.024557 91.247189 -22.511462 -77.199882 -88.851782 20.161332 -72.115982 -89.781017 -50.825024 42.049900 32.810814 68.012958 30.276970 -77.491188 36.684663 26.349583 90.035177 -5.027443 -55.385960 71.737048 9.684449 -33.230351 -45.225932 -4.238919 -72.742291 -39.544464 56.939356 29.557434 0.000000 0.000000 0.000000 -87.075807 -8.568688 -49.634418 -69.484390 -3.645535 -30.244305 48.770576 1.758173 -65.254961 72.285848 -44.660758 15.462976 0.000000 0.000000 0.000000 
27.691202 -0.499735 98.825722 12.393801 3.281058 160.602916 -62.932449 85.754015 -43.001754 85.903460 25.283838 -35.514019 -105.538180 63.250715 -109.355606 -65.204394 23.421719 44.085540 50.917236 56.287865 -45.700961 -66.778923 -80.359900 36.359673 -99.606969 0.820807 64.847577 73.577165 -32.509141 29.932582 91.864837 -47.981501 -80.500845 -88.855353 15.945282 -72.912962 -89.684278 -50.464758 42.237156 -49.589473 68.842697 -47.723463 -77.553423 35.567097 27.528298 90.036340 -5.181303 -55.539408 72.518795 9.793419 -33.110303 -45.375240 -4.711577 -72.280071 -39.004705 56.774082 31.047883 0.000000 0.000000 0.000000 -87.188225 -9.054088 -50.023865 -69.310187 -4.313081 -29.830102 48.709276 2.457903 -65.452259 72.379872 -44.438426 15.694904 0.000000 0.000000 0.000000 
28.633741 -0.521941 97.650749 123.836670 12.315345 47.392320 -63.238336 86.189466 -43.533769 86.936268 19.807026 -37.089608 -100.222166 45.435847 -98.936582 -67.134860 23.433310 45.831682 49.491963 54.947245 -48.420595 -65.844688 -81.051527 34.693316 -99.479122 0.874861 64.432684 73.738167 -32.448052 29.864666 92.962201 -58.769564 -82.514937 -88.867291 14.765544 -73.150900 -89.805082 -49.387837 44.318041 -52.373721 68.832931 -52.314061 -77.705033 35.960403 28.422914 90.091703 -5.973062 -55.981673 72.875989 9.883494 -32.985051 -45.253795 -5.248436 -72.168393 -39.236568 56.238361 31.534050 0.000000 0.000000 0.000000 -87.292995 -8.765806 -50.387192 -68.905879 -4.395777 -29.148390 48.659029 2.690015 -65.398142 72.231368 -43.938197 15.976835 0.000000 0.000000 0.000000 
29.038752 -0.547600 97.405739 -14.591440 48.314057 172.165376 -72.791741 85.096734 -51.281462 87.796110 7.891816 -40.475066 -99.968797 37.746372 -93.223857 -66.587682 24.047437 43.402189 48.395337 45.297033 -61.781558 -67.865310 -78.365235 31.955209 -99.225271 -2.162354 64.395711 71.399948 -29.878916 29.815561 92.800333 -60.025502 -82.519639 -88.600921 5.472643 -72.531218 -89.675382 -51.183793 48.669602 50.275903 72.430754 41.205295 -73.450138 40.005588 35.294003 90.124336 -3.941764 -55.340886 72.693749 8.693301 -32.505747 -45.347956 -7.222492 -72.366778 -42.583799 54.123085 32.202877 0.000000 0.000000 0.000000 -87.465889 -7.132755 -50.103965 -68.931639 -6.412076 -27.364732 47.990972 3.550918 -66.918868 71.260999 -44.321481 15.972784 0.000000 0.000000 0.000000 
29.433626 -0.586501 95.823524 82.091993 -30.403644 76.910266 -81.684054 84.741330 -61.563011 88.295482 -6.490206 -43.108147 -99.841288 36.868800 -86.023672 -69.866710 25.392650 40.716659 49.419113 38.141362 -67.028158 -71.453134 -77.333076 34.945068 -99.348222 -1.075082 63.030568 71.272966 -29.918590 29.220945 92.826526 -59.065673 -82.383223 -88.564937 2.782497 -72.244566 -89.695338 -52.684326 54.450139 68.677797 60.440425 54.840776 -74.044432 40.094991 39.183141 90.195835 -3.694159 -55.085053 72.708083 8.831952 -32.207915 -45.085406 -8.600661 -72.330076 -41.774288 52.650247 34.680965 0.000000 0.000000 0.000000 -87.544555 -6.714881 -50.078074 -68.751167 -6.823621 -26.704560 48.089494 3.390689 -67.127165 71.271144 -44.132181 16.312859 0.000000 0.000000 0.000000 
30.735771 -0.634871 95.440231 -148.150605 58.420240 63.639529 -81.980673 83.834612 -59.450391 87.962071 -35.600387 -46.420384 -99.704410 44.868509 -79.728412 -73.470142 26.682238 41.482484 54.713295 29.247905 -62.054000 -74.416576 -76.656094 35.328063 -99.419057 -0.394357 60.397199 69.011585 -31.486830 27.731525 92.005990 -43.810400 -79.893641 -88.889565 1.746260 -72.549194 -89.703075 -52.234572 56.735469 78.666304 39.827982 57.541106 -75.659525 36.740016 37.173137 90.910874 -5.286091 -56.272429 72.784318 9.066489 -32.512032 -43.884093 -9.415535 -72.222495 -42.208730 52.145257 36.141082 0.000000 0.000000 0.000000 -87.796439 -5.964554 -50.931300 -68.258993 -7.306123 -24.791348 48.163728 4.605195 -68.508741 69.565150 -43.293981 16.926060 0.000000 0.000000 0.000000 
30.636984 -0.661643 94.041542 -83.182906 -46.475662 -151.770912 -73.005286 86.259079 -53.369501 85.014168 -60.940822 -47.407117 -99.669295 54.542434 -69.368700 -72.816815 26.043282 39.392054 58.386304 8.810361 -62.435626 -75.706386 -76.069906 36.674015 -99.472564 5.062107 58.701806 67.947172 -30.510600 28.184601 91.746753 -29.680701 -78.704478 -88.938395 6.753954 -72.995564 -89.427459 -54.506014 60.383685 77.172805 39.215633 53.010679 -74.625713 35.898678 43.375076 91.009951 -5.743973 -56.315407 72.613232 9.399494 -32.316241 -43.753530 -10.046499 -72.108831 -42.434872 52.465110 35.469511 0.000000 0.000000 0.000000 -88.052290 -4.980935 -51.548473 -67.475556 -7.729603 -23.839442 48.434515 4.681642 -68.980131 69.123415 -43.165242 16.648414 0.000000 0.000000 0.000000 
32.248913 -0.652685 92.823296 -58.397641 -48.694879 -16.329476 92.201106 85.320380 98.780043 -58.140778 -81.949021 84.513115 -103.614407 66.551269 -43.726050 -71.169857 29.791363 35.241998 57.508902 -51.268205 -65.585147 -77.291742 -76.684839 40.681832 -99.836019 21.319796 56.487569 66.293307 -29.658639 30.018574 100.369921 -78.379910 -92.133421 -89.150576 4.004568 -72.708790 -83.631205 -86.892452 78.290634 54.769396 57.284697 35.471262 -58.391902 36.318761 55.334001 91.055251 -6.900919 -56.474548 72.274494 7.936734 -31.094734 -44.780550 -9.336892 -71.102994 -53.667354 49.154405 31.999742 0.000000 0.000000 0.000000 -88.065957 -1.921673 -51.451458 -67.929665 -10.073800 -22.699033 47.967860 5.014744 -69.001453 67.912649 -45.569437 16.751796 0.000000 0.000000 0.000000 
31.905582 -0.616787 92.177025 -171.989589 65.201937 -28.339206 91.213276 28.557851 83.503131 -77.876662 -67.314197 99.274800 -117.155828 71.469776 -31.202448 -76.690524 34.214033 43.751967 42.364768 -64.919193 -52.795288 -66.866563 -78.231787 29.481332 -100.981368 31.773882 53.603066 68.116245 -33.235733 30.759790 91.710608 20.145686 -72.653224 -87.805009 -6.088649 -69.924236 89.479734 28.277325 -89.579340 60.531595 47.718049 44.574429 -56.208830 33.455375 54.450415 91.309706 -7.569880 -56.235194 72.023903 7.920729 -30.649341 -45.305551 -9.877648 -70.687198 -57.120795 47.551400 31.300696 0.000000 0.000000 0.000000 -88.482222 -0.095990 -51.911319 -67.933721 -10.150196 -22.841914 48.314275 5.614105 -69.243296 68.526006 -46.687277 16.986599 0.000000 0.000000 0.000000 
31.943207 -0.589266 93.856827 56.175120 -33.783756 -100.728328 91.354964 -50.453298 66.643919 -88.163183 -6.291482 88.665695 -127.262526 74.930149 -27.180997 -76.444502 39.856871 46.929001 8.978226 -81.334281 -27.868817 -69.648609 -77.063809 34.818666 -101.530823 36.502486 54.240762 67.749726 -37.761920 28.314131 90.414766 22.985127 -70.939662 -44.136852 -75.770209 -66.613794 87.592332 57.587344 -56.235762 -37.485000 72.043196 -34.173712 35.620392 26.519998 70.951212 90.764868 -6.449238 -54.945548 72.356990 7.852304 -29.144688 -47.585051 -7.501938 -69.967782 -63.561032 40.822627 27.081631 0.000000 0.000000 0.000000 -88.669745 3.388468 -52.729626 -66.899933 -12.220157 -22.970552 48.525505 5.575919 -70.179751 64.339699 -51.376018 13.282175 0.000000 0.000000 0.000000 
30.721039 -0.512751 92.417732 -102.982505 -0.505612 19.880951 91.405206 -55.477980 52.759449 -88.503369 42.687368 82.884812 -138.875467 75.783851 -35.678279 -76.363082 40.901815 40.057136 39.262265 -81.434317 -52.145298 -65.102199 -76.720227 26.959044 -101.117017 33.913072 52.854181 68.667114 -39.484659 24.874064 88.605796 53.593012 -60.078721 87.221411 -38.034608 -81.666913 88.067028 53.096643 -37.810419 -65.080323 58.877110 -56.390050 52.348459 28.966541 73.276927 90.996963 -7.078423 -54.319929 72.311923 9.021992 -27.836720 -48.804324 -6.415914 -69.683138 -68.473288 38.077766 22.786279 0.000000 0.000000 0.000000 -89.693527 4.488180 -53.710391 -66.392067 -12.315162 -23.828923 48.054622 6.514842 -70.744521 63.923874 -52.455943 13.346091 0.000000 0.000000 0.000000 
31.145157 -0.473879 93.831581 114.632562 39.976768 -84.848400 91.553065 -39.635920 57.300960 -89.145697 58.626293 72.068987 -135.885320 74.266024 -38.374130 -73.737071 38.319423 35.555148 -41.401489 -85.042113 28.592488 -64.970183 -76.292093 20.249547 -100.044300 29.418504 55.244479 70.542855 -37.674861 24.649611 82.551893 56.717358 -57.826353 91.045944 -68.860453 -94.218868 87.990694 53.504827 -31.409110 -35.982789 66.605504 -38.361564 41.958675 5.018743 74.408937 91.354668 -7.757531 -53.724184 72.546403 8.728040 -27.461401 -49.222915 -6.309778 -68.602751 -69.189676 38.682802 22.469693 0.000000 0.000000 0.000000 -90.606244 5.137493 -54.841634 -66.277686 -12.481856 -23.618393 47.363213 6.866648 -70.849190 59.000813 -54.128886 12.878299 0.000000 0.000000 0.000000 
30.355209 -0.456519 94.144264 47.968527 -65.874898 -89.365194 91.026769 -10.776049 61.593278 -86.983268 65.049996 62.939025 -130.591458 72.350938 -51.470497 -72.340707 36.675058 31.303139 -72.475705 -81.601537 60.560202 -58.561656 -74.396427 6.099246 -99.461485 27.546891 57.322449 68.948907 -37.760278 27.455662 74.577760 68.822731 -46.363145 89.701125 -73.695493 -92.603219 87.089209 55.980975 -22.614651 -48.481404 58.127065 -45.315273 56.168880 -3.950079 74.229393 91.481689 -7.218474 -53.190128 72.036538 8.459597 -26.927000 -49.008743 -6.205984 -68.412019 -68.193637 38.518820 24.779857 0.000000 0.000000 0.000000 -90.968429 6.007903 -54.719763 -66.525864 -12.235274 -23.968550 46.564739 6.368624 -70.846200 51.194222 -56.260911 18.183966 0.000000 0.000000 0.000000 
29.533546 -0.443752 93.158768 -124.280419 -7.875772 29.250597 93.711228 46.178945 71.366258 -85.668820 70.139447 44.074635 -120.111942 70.324836 -64.518511 -73.008830 38.886559 32.427191 -79.314193 -71.516410 66.789551 -52.971688 -71.542214 -13.588036 -98.744962 23.624237 60.801580 66.609870 -37.244943 27.637376 71.551303 75.180606 -21.383216 84.881526 -85.961345 -91.352653 86.161775 61.241291 -13.900080 33.574608 48.313366 7.540248 29.678627 -18.933438 77.615046 91.253098 -4.959282 -52.851217 73.398768 7.220264 -27.495946 -49.106211 -6.376432 -66.985411 -70.384918 39.497031 25.601716 0.000000 0.000000 0.000000 -90.591755 4.316425 -53.847143 -66.955008 -11.490452 -23.428829 46.324745 8.474328 -71.447703 48.721217 -56.051215 21.123557 0.000000 0.000000 0.000000 
29.858862 -0.450906 94.358429 139.417216 31.997284 -60.236620 94.032346 63.687853 74.823524 -76.351292 72.210556 27.790210 -112.014308 66.251725 -82.621946 -76.644547 40.005257 32.780039 -79.133388 -68.809536 69.320615 -55.489080 -67.880118 -23.307014 -98.311296 22.869996 63.329924 61.126114 -34.580210 30.372336 72.106553 75.814033 -4.689075 -90.681851 -73.093120 75.950398 85.813053 64.950901 -5.750949 51.421774 43.145282 14.803596 23.266858 -27.828859 74.160750 91.209440 -4.054549 -52.589605 73.517971 7.037114 -27.755078 -48.758058 -6.455491 -66.847216 -69.807330 40.235132 25.397238 0.000000 0.000000 0.000000 -90.318091 4.773403 -53.409530 -67.268287 -11.771893 -23.642014 45.823812 9.449249 -71.770937 47.450090 -55.314781 23.259366 0.000000 0.000000 0.000000 
29.324688 -0.443369 94.942108 78.649208 -51.924729 -106.220798 93.042777 69.403237 72.119478 -77.950094 70.361907 19.371234 -118.172509 72.463267 -110.368427 -77.607813 38.433506 33.498436 -83.405553 -71.387687 74.773824 -61.039024 -66.603334 -25.105066 -97.876409 11.614196 69.211395 61.246137 -31.194751 37.562858 84.665448 78.596658 58.081541 91.004752 -4.832655 -79.711275 87.554558 62.655859 11.353713 -43.004484 -30.275008 -17.495599 62.481910 -43.593321 56.306934 91.289149 -2.216781 -53.214121 73.938519 5.298414 -27.620518 -48.618127 -5.979493 -66.236531 -72.148089 37.181603 23.734710 0.000000 0.000000 0.000000 -90.525545 5.318783 -53.042183 -66.771095 -11.577071 -24.787869 44.984667 9.944325 -72.044635 45.506702 -55.254699 22.733850 0.000000 0.000000 0.000000 
28.290640 -0.435467 94.172432 -110.982592 -21.109470 29.880389 88.013756 76.889835 69.463985 -74.051036 65.813621 12.137610 -170.322662 81.569032 -172.259032 -76.051550 37.139181 34.193784 -85.597959 -71.410452 78.304883 -61.143755 -67.247741 -28.662934 -97.968549 -0.760935 73.611511 60.768703 -29.811773 37.059330 87.406982 77.264614 65.623318 90.979599 -1.441328 -78.582829 88.266078 59.977058 16.657095 -39.425074 -33.402979 -27.946188 65.679807 -46.161123 51.666602 91.268758 -1.489123 -52.813200 74.318033 4.719173 -27.486083 -48.313737 -5.698552 -66.110069 -72.759426 35.385709 23.671234 0.000000 0.000000 0.000000 -90.366597 4.861164 -53.038395 -66.461178 -11.428505 -25.289708 44.254308 10.804184 -72.379090 46.758548 -54.198090 22.107157 0.000000 0.000000 0.000000 
28.226851 -0.420072 95.019547 143.404474 45.717579 -60.047623 79.064145 84.093422 61.408842 -71.682246 49.227132 3.161311 124.476124 74.850331 116.605203 -75.059521 38.822444 34.889677 -87.777032 -68.058286 81.895605 -67.689026 -66.101556 -29.451189 -98.233891 -19.786467 76.602340 64.005214 -30.657255 33.833484 87.586497 76.586760 66.026263 91.689784 1.731203 -77.759330 89.049174 54.201693 18.597423 -15.819699 -16.490959 -54.941299 57.597222 -48.249412 60.068431 90.781017 0.344246 -52.698576 74.385470 4.165387 -28.026354 -47.852253 -6.647788 -66.818246 -70.969772 34.965606 25.203336 0.000000 0.000000 0.000000 -89.971008 3.584434 -52.597696 -66.358272 -11.524330 -25.985322 44.438660 9.704242 -72.387780 42.879969 -54.935664 24.151823 0.000000 0.000000 0.000000 
27.641296 -0.421764 95.694481 60.453615 -53.033138 -98.166367 -37.806262 84.371811 -50.906943 -67.612670 11.350189 -13.742671 107.771789 61.661845 97.282924 -72.226640 37.884749 34.449022 -87.825956 -71.163988 83.345568 -73.757480 -62.115248 -32.571596 -100.991742 -46.101563 83.753636 62.622052 -30.917451 33.230769 88.578163 74.369074 67.919783 91.259785 3.291933 -77.109011 89.108090 51.623656 23.628525 -38.833673 -11.719691 -61.657267 60.930685 -45.996661 65.493250 90.256359 1.212962 -52.320411 74.674320 3.816835 -28.563534 -47.922352 -7.011642 -66.751003 -70.491963 33.416661 26.413493 0.000000 0.000000 0.000000 -89.661524 3.255847 -52.173997 -66.456015 -11.345046 -26.326275 44.319921 9.574264 -73.028927 41.059190 -55.759251 23.998145 0.000000 0.000000 0.000000 
26.641756 -0.416589 95.170967 -115.616328 -9.275205 23.810956 -60.237023 76.867374 -72.808957 -41.302937 10.122298 -32.828970 105.130468 54.196944 92.085837 -72.828345 38.027176 32.956240 -90.124163 -68.911703 84.906033 -77.270569 -59.838216 -33.084455 -118.154848 -75.375139 105.725475 62.834232 -30.919091 39.632026 90.384517 72.858394 75.553302 91.122612 1.250888 -73.928538 89.098297 47.154328 25.014860 -63.530558 -12.135128 -62.789950 69.768082 -44.086537 65.415416 89.515765 2.832262 -49.991191 75.256391 3.666871 -29.455161 -47.609547 -6.190431 -65.582124 -67.980698 33.852315 27.983607 0.000000 0.000000 0.000000 -89.124763 2.262433 -51.545522 -66.334612 -10.858546 -27.174427 43.926648 9.399275 -75.071556 34.943750 -55.658544 28.245250 0.000000 0.000000 0.000000 
26.464151 -0.425960 96.076096 130.678272 34.888819 -71.616467 -65.115106 68.978810 -78.132741 11.882771 8.592759 -42.443918 105.328593 56.657815 92.776470 -73.738325 39.456133 34.009480 -91.189703 -66.259163 85.401229 -80.790723 -54.222334 -36.104457 118.411805 -75.971380 -126.376104 64.679106 -33.054005 37.498417 91.668898 69.734002 78.343688 90.870903 0.850622 -73.774563 89.155034 45.046674 27.237532 -69.582180 -16.410858 -61.663378 74.178769 -43.016191 64.660746 89.310318 3.758525 -49.533854 75.617288 3.418900 -29.692737 -47.961545 -5.710259 -65.292581 -67.599021 33.349640 27.293719 0.000000 0.000000 0.000000 -88.494559 2.316801 -51.100880 -66.213652 -10.803607 -27.385211 43.512344 10.557266 -76.233128 33.834390 -55.955752 28.401033 0.000000 0.000000 0.000000 
25.763460 -0.412756 96.722816 55.302696 -63.389326 -94.543775 -75.541396 37.937088 -78.633290 22.130785 26.962596 -47.755466 104.546517 56.883290 91.945721 -74.763108 40.503756 32.108484 -91.616453 -39.824562 82.650629 -84.090042 -45.741032 -40.813628 101.945887 -59.663730 -105.125264 63.865984 -32.403111 37.072013 92.969757 65.600658 78.539319 91.029045 1.064915 -70.694324 89.515722 44.091852 31.742492 -71.340494 -21.266345 -62.092445 72.937844 -47.651374 60.208455 89.134654 5.014287 -48.904457 75.133335 3.120309 -30.183684 -47.824143 -5.479399 -65.659891 -68.559019 31.651979 29.683991 0.000000 0.000000 0.000000 -88.475555 2.491988 -51.315180 -65.867967 -10.831812 -27.924197 42.633029 11.571843 -77.057728 37.225513 -54.567724 25.747041 0.000000 0.000000 0.000000 
24.639404 -0.416772 96.323021 -117.440474 1.967543 22.937714 -77.446415 7.579734 -79.576734 10.748844 43.496211 -50.925270 107.379932 64.013578 97.008878 -74.690281 40.284777 32.588148 -91.291725 -28.228695 81.951069 -86.050447 -34.906164 -44.424522 98.846748 -50.044407 -99.035161 65.340240 -33.419314 35.034643 93.010540 62.347119 76.941375 90.896401 1.317114 -71.332255 89.699236 42.451639 33.185668 -70.520586 -13.177161 -67.434380 72.404680 -46.491745 63.668564 88.968399 5.185227 -48.296737 74.978422 3.249421 -30.383019 -47.794255 -4.827236 -65.579568 -68.500027 30.696644 30.302080 0.000000 0.000000 0.000000 -88.282887 2.340860 -51.308459 -65.698880 -10.820904 -28.165511 41.903764 12.361591 -77.716694 41.191044 -53.428515 23.546050 0.000000 0.000000 0.000000 
24.244127 -0.428243 97.243874 118.802112 29.806651 -82.888672 -65.742947 -56.633138 -67.174013 21.642513 56.235401 -49.316493 111.893697 68.914425 102.098564 -73.652141 37.769668 34.350623 -90.749722 -52.550946 85.545997 -88.461962 -10.304836 -51.310749 97.879345 -48.118956 -99.063929 61.561255 -32.519791 38.037465 93.543535 61.129121 72.078865 91.280990 -0.906759 -74.513918 90.127172 43.415049 27.866149 -43.652644 58.028031 -58.417063 68.228373 -41.461676 73.447784 88.775896 3.986439 -46.991742 75.057657 3.781137 -30.395671 -48.493786 -3.999693 -65.087562 -65.804078 34.469914 31.243924 0.000000 0.000000 0.000000 -88.162611 0.443512 -50.814062 -65.502995 -9.735688 -28.995476 41.725044 11.477900 -78.187052 35.743231 -52.609399 28.009408 0.000000 0.000000 0.000000 
23.430792 -0.442254 97.950294 42.625458 -72.641238 -84.271400 -60.156911 -63.854042 -63.185879 23.918946 62.515645 -48.775545 104.234546 58.844836 92.844793 -73.633243 39.423021 32.576059 -90.175405 -21.554761 83.250516 -89.001790 2.586858 -54.412654 97.685371 -44.495589 -97.130050 61.220359 -32.782867 37.073496 93.797815 59.901346 71.723264 91.137429 -1.877666 -75.380682 90.226289 44.619340 27.747058 11.120980 69.532166 -10.935931 68.069241 -43.599961 73.120723 88.557462 3.591712 -46.105905 74.997216 3.984377 -30.503747 -48.433004 -3.121602 -65.026799 -64.253638 36.011128 31.776050 0.000000 0.000000 0.000000 -88.105657 0.263130 -50.782752 -65.645810 -9.222643 -29.418013 41.526665 11.146106 -78.425817 30.406034 -52.560969 31.899863 0.000000 0.000000 0.000000 
22.196493 -0.452981 97.618454 -122.542760 6.771548 22.568067 -60.421664 -68.072159 -56.776741 25.741231 70.533008 -38.787661 102.341324 52.633584 90.222276 -72.368514 38.700621 36.143242 -89.365001 -9.339095 83.065154 -90.073689 23.422362 -60.497514 98.723773 -51.565669 -101.018379 62.083349 -33.376085 31.889522 93.580211 58.212724 65.116024 91.725694 -7.871036 -79.747180 90.664219 50.941490 20.516514 69.335943 44.679913 30.681422 60.885716 -4.627195 83.700263 88.560630 2.194845 -45.152807 74.901092 4.712080 -30.566252 -48.503899 -4.389619 -64.813966 -61.098110 38.623447 33.273307 0.000000 0.000000 0.000000 -88.500247 -1.716604 -51.194768 -66.526387 -6.646348 -29.784693 41.942185 11.388772 -78.891107 31.016895 -50.967555 33.951483 0.000000 0.000000 0.000000 
21.640129 -0.480845 98.516403 114.583888 26.817146 -84.757785 -59.959524 -67.866945 -54.100143 27.343837 73.333196 -34.142884 101.119552 47.879731 87.865208 -71.139564 38.043507 37.528528 -88.529396 19.306962 81.172369 -92.201613 38.546397 -64.398647 99.328766 -55.182376 -102.174611 61.503778 -33.052916 32.822052 93.437454 57.525868 61.748052 91.879718 -9.869960 -80.638566 90.775950 55.048837 19.054712 74.060375 37.063049 31.407786 39.065215 15.286925 81.056446 88.734534 1.269624 -45.227893 74.922700 5.109224 -30.909444 -48.516575 -4.640289 -65.037553 -59.512124 39.788582 34.623548 0.000000 0.000000 0.000000 -88.553581 -1.851736 -51.293054 -66.676809 -6.249568 -29.538541 41.946230 11.270054 -78.458510 31.239517 -50.539921 34.231641 0.000000 0.000000 0.000000 
20.669743 -0.500557 99.482712 30.796658 -75.322753 -75.174978 -60.546728 -68.609576 -48.072246 36.570919 73.001645 -28.794403 101.360664 48.907525 88.131660 -70.198633 37.108636 37.811002 -87.270232 35.316727 80.353182 -95.137742 44.931653 -67.715324 99.341232 -58.177837 -102.335628 60.458291 -29.626397 37.180445 93.931555 57.311332 59.305904 91.838745 -14.938059 -83.670102 91.009353 57.019257 15.723959 78.774294 19.804930 15.984396 -43.296003 -25.163302 81.596438 89.183809 0.311946 -45.744107 74.593177 4.854474 -31.082166 -48.180215 -5.206901 -64.386039 -57.824304 40.493850 38.254744 0.000000 0.000000 0.000000 -89.148078 -0.865655 -51.684836 -66.964383 -5.492457 -29.257506 42.063550 10.719737 -77.660322 32.753303 -49.659291 35.411615 0.000000 0.000000 0.000000 
19.091484 -0.524354 99.180794 -126.005591 9.849647 21.598417 -60.923718 -66.406449 -45.472994 39.426217 72.310668 -29.530798 99.497196 41.438838 83.622185 -70.306104 36.825029 38.170984 -86.460098 51.804408 77.678874 -98.502008 54.492418 -71.868883 97.918485 -52.916389 -98.945400 58.676556 -28.271707 35.486262 94.063576 57.246272 56.862806 91.848031 -14.431236 -85.908037 90.994208 59.581055 12.317342 80.194144 16.071223 15.850621 -59.329366 -27.001824 82.380953 89.593779 -0.151327 -46.380697 74.352462 4.998691 -31.401119 -48.163335 -5.266054 -64.416156 -56.939809 41.067809 39.490154 0.000000 0.000000 0.000000 -89.345843 -1.080458 -51.711002 -67.046178 -5.277984 -28.798786 42.107326 9.849690 -76.973970 32.338512 -49.261507 36.776788 0.000000 0.000000 0.000000 
18.269793 -0.567125 100.188881 109.715360 23.890381 -86.920688 -68.933072 -62.541625 -43.841778 43.577197 72.561491 -24.696399 99.832166 45.862382 84.285423 -68.399514 34.672170 41.263900 -84.842696 60.582820 74.972491 -103.431053 61.807974 -78.059070 97.686790 -51.260941 -98.948603 55.852416 -28.406691 33.038246 92.963872 57.318816 48.249338 91.356956 24.795334 -108.071612 91.098175 66.107898 3.180489 82.991664 8.779279 21.359831 -75.278849 22.815235 70.788203 90.049022 -0.681831 -47.577572 73.656064 5.825092 -31.232557 -47.099748 -5.992574 -65.018913 -53.260233 41.812232 40.608892 0.000000 0.000000 0.000000 -89.232950 -1.028722 -51.238256 -68.141589 -4.119033 -28.888905 43.558138 8.370654 -74.678099 39.903936 -48.530173 33.719052 0.000000 0.000000 0.000000 
17.097710 -0.605191 101.524178 9.677645 -75.536496 -55.128833 -70.645061 -56.995738 -43.764976 42.673982 72.416205 -22.737923 98.449680 38.000700 80.764944 -66.743970 32.214911 41.147827 -83.883242 63.007973 73.368485 -109.200726 68.636488 -84.565884 97.301129 -49.217443 -97.666953 55.647862 -25.889672 35.021269 93.135733 58.921307 46.391186 82.686348 65.647352 -135.680965 90.373669 68.484294 -2.909885 83.233904 6.317646 21.615295 -75.668862 24.446617 70.114415 90.020195 -0.695567 -47.698609 73.322623 5.824277 -31.534413 -46.549278 -6.469051 -65.383323 -52.401958 42.312038 40.312338 0.000000 0.000000 0.000000 -88.982526 -1.075882 -51.012991 -67.991686 -3.743263 -28.375068 44.044925 7.311932 -73.437350 41.287117 -47.904930 34.240362 0.000000 0.000000 0.000000 
15.024220 -0.644888 101.222366 -129.556875 18.158415 18.736528 -74.279165 -45.772707 -47.375508 50.347490 70.073606 -26.187868 99.176007 41.761182 84.698507 -68.080269 31.994649 40.051658 -84.874962 70.401012 66.591909 -150.156053 80.691661 -129.723020 97.513579 -52.271178 -98.544926 58.013046 -25.677334 35.276102 93.020711 59.884243 36.799156 -2.367326 84.975992 58.628719 88.384219 72.049732 -33.119072 83.754062 10.504132 17.204929 -83.090611 16.783928 61.779717 89.859277 -1.095959 -47.903153 72.430334 7.474574 -30.691683 -46.623940 -6.729203 -63.809815 -47.484361 44.789637 41.061544 0.000000 0.000000 0.000000 -88.275030 -1.480800 -51.184016 -69.174471 -2.805719 -27.638226 45.473754 4.571642 -71.010661 49.850483 -46.612655 31.890879 0.000000 0.000000 0.000000 
13.912297 -0.663455 102.492859 101.036232 15.268158 -91.713145 -73.098746 -25.480297 -47.370762 51.438735 64.530797 -32.472074 97.723672 21.679293 79.122466 -70.449650 34.824069 41.520868 -89.875542 72.970458 57.309944 144.203369 79.788857 163.186056 97.392560 -46.240267 -90.835096 58.429822 -24.671307 36.909914 91.873808 63.678876 33.680629 36.194506 81.949180 89.639793 86.748085 70.881758 -43.939631 84.261539 8.037166 17.680623 -83.248247 12.815427 65.761663 89.527717 -1.312955 -48.275051 71.781373 7.589868 -30.457065 -47.137773 -6.374262 -63.715134 -47.397638 46.693405 39.231143 0.000000 0.000000 0.000000 -88.197932 -1.466403 -51.620463 -68.973779 -2.643651 -26.911319 46.314180 3.172607 -69.508635 52.349453 -47.017581 31.029769 0.000000 0.000000 0.000000 
12.536387 -0.645867 103.926117 -62.888247 -65.165234 7.723872 -69.960337 -0.817445 -50.481347 54.244296 59.242619 -38.422787 95.292108 20.889948 80.697172 -68.574520 34.047812 40.963557 -92.872674 75.638058 40.686167 113.863302 68.036940 130.129081 99.456005 -57.641204 -80.698555 57.575392 -25.852672 32.039710 91.887453 65.472883 26.275572 36.377065 83.244229 59.230786 84.794422 69.437168 -68.610227 84.971594 8.670186 14.913515 -84.349009 11.508468 62.963915 90.159094 -3.880860 -50.717230 71.034355 8.832414 -30.682044 -47.257894 -7.415211 -64.572835 -44.262861 50.403864 36.418156 0.000000 0.000000 0.000000 -88.185843 -0.039592 -52.423672 -68.596011 -3.226896 -24.957204 47.245454 2.616917 -68.473892 55.441553 -47.676107 27.733151 0.000000 0.000000 0.000000 
10.718609 -0.597745 103.886032 -151.550934 44.974257 -2.683588 -64.553652 23.117682 -44.084130 49.817891 54.907523 -42.509667 95.449657 2.011788 76.014459 -69.648896 33.229662 41.063177 -92.796950 74.706229 26.274094 105.725382 59.228886 123.434071 105.843762 -70.500852 -68.288091 57.592294 -23.582963 33.686017 86.096276 69.915488 16.642062 59.395276 80.898633 74.039879 85.148035 66.558398 -81.144816 85.011291 11.310270 14.898869 -84.173015 9.615635 62.906493 90.469701 -5.537456 -51.845761 70.567738 9.090068 -30.958215 -47.071558 -6.926479 -65.093390 -47.099811 51.316944 31.871602 0.000000 0.000000 0.000000 -88.209001 0.862623 -52.798694 -68.299679 -3.506325 -24.377366 48.184032 1.884129 -68.173226 59.160195 -47.956669 23.383417 0.000000 0.000000 0.000000 
9.861049 -0.553527 104.961746 68.172667 -33.515370 -102.933762 -39.385473 69.671807 -35.311435 49.705890 57.362948 -43.588635 96.420040 9.986729 77.632271 -68.354773 32.069138 47.050235 -86.229503 74.690350 15.153063 100.630945 46.647312 117.447853 113.049984 -78.311211 -101.616047 62.639403 -28.031072 33.882667 82.140149 68.926377 -10.660074 -42.255818 85.495398 -30.648327 -74.269010 -81.476796 56.704733 84.882776 7.846080 8.617117 -83.825055 9.568117 61.806319 91.448122 -8.648639 -54.010806 70.390339 10.852109 -29.287172 -47.031112 -5.666497 -66.067583 -44.775088 53.905217 30.712191 0.000000 0.000000 0.000000 -88.190790 2.811618 -52.696999 -68.451672 -3.317412 -23.833730 49.190175 0.291593 -67.004781 63.743758 -45.694965 23.405844 0.000000 0.000000 0.000000 
8.676047 -0.526585 105.812347 -166.742762 5.227591 10.237137 -22.543815 79.516012 -20.785542 57.385838 57.276636 -42.770360 96.708559 -6.549979 71.742175 -69.181069 32.823193 43.144993 -85.042901 73.362136 10.285045 97.965353 36.100246 115.160495 -94.637648 -38.777503 80.903509 66.964040 -30.680149 29.164876 83.403188 65.045112 -29.068758 -75.460424 77.503348 -63.008510 -79.317019 -76.070722 49.402888 84.878591 9.602856 3.961269 -83.837791 8.437856 63.190202 91.655490 -9.134310 -54.565843 69.838685 10.337155 -28.863520 -47.164642 -4.289223 -65.640927 -42.617086 54.676450 30.281415 0.000000 0.000000 0.000000 -88.350595 2.148267 -52.336538 -68.610430 -3.045168 -24.132335 49.784629 -1.214017 -65.596351 65.557400 -45.432950 21.538912 0.000000 0.000000 0.000000 
7.394750 -0.527333 106.063194 176.289602 -81.188350 -148.423761 49.480306 82.331241 43.868777 59.497808 62.687121 -35.343560 96.685827 13.472183 76.653518 -66.012832 28.275737 46.679401 -77.442828 66.501124 26.776963 96.165473 -21.932705 98.965819 -94.077204 -14.948933 66.793085 72.140376 -32.999409 29.182923 85.291137 57.839472 -43.098664 -80.470667 73.091000 -69.747716 -86.519989 -64.917152 48.203659 84.219094 14.717128 2.051113 -83.862423 8.956263 56.224973 92.177023 -10.115640 -55.349874 69.089684 11.503886 -29.154510 -46.905211 -3.484131 -66.149168 -40.392979 55.406484 30.276502 0.000000 0.000000 0.000000 -88.246078 1.839280 -51.906357 -67.959024 -3.238213 -24.469041 50.006870 -2.412971 -63.308953 68.453776 -44.692841 23.749322 0.000000 0.000000 0.000000 
6.555044 -0.527292 107.026314 -165.383955 22.282029 69.926690 78.503584 77.316077 69.503338 65.450545 63.318866 -31.422981 97.557667 25.254509 79.429264 -65.297725 25.802840 47.920787 -74.850799 38.541137 41.979454 96.363401 -51.334484 85.535095 -94.570537 -20.131970 59.946993 75.696576 -32.229838 29.290238 87.338995 51.497797 -48.484284 -81.829644 72.335014 -72.019509 -87.571775 -60.576956 50.977619 84.236356 13.782653 -2.972458 -83.926080 9.596174 56.330219 92.475865 -10.488433 -55.863072 69.048386 11.504018 -29.556928 -46.345226 -3.711716 -66.563194 -37.619952 56.097064 30.810821 0.000000 0.000000 0.000000 -88.027912 0.507357 -51.693501 -67.693214 -3.540333 -24.692403 50.221721 -3.434860 -62.131561 67.832974 -45.545206 24.245674 0.000000 0.000000 0.000000 
5.434275 -0.511291 107.336075 88.637292 -37.635613 -26.041077 84.674540 71.265352 74.420041 67.717727 62.198224 -28.894816 98.688905 40.435404 83.250007 -63.348467 25.839762 47.399512 -33.630001 -33.916154 27.614770 96.003151 -59.756146 70.904705 -96.713102 -30.049444 56.736015 75.925838 -31.021684 30.345399 88.784513 43.740189 -51.293354 -85.347035 62.149422 -73.594777 -88.317696 -58.660000 48.542136 80.138292 20.618753 -13.509884 -82.691558 14.563574 53.136420 92.083915 -11.033819 -55.225558 68.672234 12.166847 -30.166785 -46.061468 -3.396208 -67.875045 -38.601212 55.695715 28.474380 0.000000 0.000000 0.000000 -87.380987 0.328738 -50.420611 -67.890850 -4.076851 -25.483594 49.712667 -2.066739 -62.078284 69.611636 -44.824042 21.713686 0.000000 0.000000 0.000000 
4.707957 -0.516405 107.986870 -125.596171 -8.841312 105.329133 87.675579 68.502669 77.036610 67.035312 63.227533 -25.229423 106.439940 63.176470 94.282608 -64.015104 26.643337 45.942794 48.788118 -15.328086 -9.982740 91.829789 -58.786988 59.996469 -98.009452 -33.394560 55.470147 76.273576 -32.348158 29.317191 89.580895 35.553537 -55.253559 -86.298810 57.025434 -74.220809 -88.659847 -57.192901 49.302885 78.679283 18.343865 -20.436229 -83.153195 14.931534 53.242874 92.002930 -11.184662 -55.055327 69.117955 12.093768 -30.386210 -45.326546 -3.763388 -68.832492 -38.245227 55.326611 28.930029 0.000000 0.000000 0.000000 -86.989926 -0.574418 -49.364965 -68.362539 -4.641213 -25.519992 49.518393 -1.461749 -62.979782 70.452533 -44.801132 20.204248 0.000000 0.000000 0.000000 
3.846668 -0.511238 108.425644 109.112034 5.974782 -8.118874 87.201691 70.608707 79.380976 67.316601 63.415340 -22.395947 115.627348 73.484897 105.187901 -63.032095 25.367853 46.396675 66.433924 16.155111 -26.091284 85.259071 -67.419175 29.259466 -99.388644 -33.145392 56.235082 74.116304 -32.329105 32.564198 90.307167 24.368565 -60.546370 -87.131904 50.783163 -74.951931 -88.907932 -54.744935 48.767773 77.171097 22.408422 -28.012341 -83.563255 17.956147 52.674126 91.409486 -9.968636 -54.521536 69.154111 12.043876 -31.046645 -45.048439 -3.785124 -69.786529 -39.882874 55.914621 26.745925 0.000000 0.000000 0.000000 -86.876746 -1.800056 -49.154535 -67.377054 -4.657679 -25.965922 49.506947 -0.657628 -64.138407 71.507194 -44.640939 16.300231 0.000000 0.000000 0.000000 
3.157607 -0.526160 108.822800 -103.246510 -53.742736 116.163039 84.408553 79.846127 81.345350 66.797052 63.966747 -21.536738 129.910304 79.237448 120.397984 -64.134585 26.727796 45.216210 70.666913 28.670101 -23.670628 87.138596 -69.538396 -6.059341 -99.801119 -28.245053 56.560204 74.974907 -33.898326 31.122558 90.658716 10.164504 -65.043646 -87.280637 46.532297 -74.371180 -89.072298 -52.636603 47.490052 75.698969 23.009951 -30.621330 -83.885188 18.820457 51.790014 91.549652 -9.529980 -54.626516 69.331910 11.287689 -31.423372 -44.406560 -3.607144 -70.363278 -39.130692 55.984577 27.261124 0.000000 0.000000 0.000000 -86.739426 -2.762648 -48.654948 -67.371839 -4.560285 -26.133519 49.817401 -0.323227 -65.506957 71.905805 -44.634871 15.330359 0.000000 0.000000 0.000000 
2.472314 -0.522665 109.392792 154.950894 33.569826 32.518312 68.436356 84.286066 72.094715 69.376593 61.522949 -18.775766 165.230566 82.844310 156.155239 -65.239160 27.332419 44.237647 71.393347 43.923407 -14.414408 57.316831 -70.478899 -6.682384 -99.657573 -25.063860 54.970207 75.592512 -34.411985 32.533682 90.929096 -7.110127 -69.596487 -87.791821 41.227814 -74.684699 -89.338899 -52.912376 47.398582 68.502648 39.670283 -30.166454 -84.978172 17.477733 42.104789 91.445237 -8.666589 -54.008866 69.478451 11.009302 -32.847664 -45.844931 -2.889731 -70.802848 -43.787056 55.906927 22.297880 0.000000 0.000000 0.000000 -86.704830 -3.860473 -47.639497 -67.503735 -4.298833 -27.851168 50.380715 -0.643919 -65.611303 73.046122 -45.079722 11.321806 0.000000 0.000000 0.000000 
1.685362 -0.534329 109.547668 68.012702 -77.323534 -26.855727 21.669508 87.739829 29.340095 70.476595 60.321403 -19.846053 179.137674 83.018057 170.237517 -65.021649 27.158733 44.935130 72.201772 48.482252 -10.265445 29.840906 -76.087042 -20.192652 -99.789817 -22.388109 54.461892 75.087398 -34.448301 32.446260 91.106338 -10.445650 -71.010932 -87.529382 42.422243 -74.784990 -89.454356 -52.846148 46.285817 68.251291 40.057674 -30.775824 -85.324743 17.927420 41.894717 91.504424 -8.553861 -54.077405 70.071800 10.316797 -33.545749 -46.015041 -2.181422 -70.846141 -46.044297 55.744939 20.657143 0.000000 0.000000 0.000000 -86.646875 -4.449249 -47.017956 -68.493980 -3.868079 -28.635592 50.367121 -1.295268 -65.694506 73.359560 -44.740652 9.811163 0.000000 0.000000 0.000000 
1.185485 -0.517659 110.309563 -160.612058 20.972002 82.978032 -32.557693 87.278712 -21.366469 71.508370 57.286432 -19.169698 -178.145231 83.067446 172.694430 -64.329458 26.588988 44.180690 72.208818 51.781938 -7.888444 -16.068029 -76.480522 -14.208666 -99.354661 -17.616310 54.566195 74.193813 -34.286325 32.552201 91.259460 -17.018623 -73.270992 -87.620182 40.692450 -75.831426 -89.774940 -51.305422 47.605165 54.869111 54.149594 -33.186806 -84.943645 18.801069 31.699833 91.880983 -8.246846 -54.296956 70.322284 10.591000 -34.305509 -46.805983 -2.440307 -71.546158 -46.664198 56.479536 19.429060 0.000000 0.000000 0.000000 -86.942429 -5.662249 -46.716188 -68.841835 -3.571614 -29.225225 50.303473 -0.849090 -65.545834 74.034954 -45.278247 9.773595 0.000000 0.000000 0.000000 
0.276081 -0.521828 110.223526 88.397401 -54.619801 -10.971301 -52.291203 86.651983 -38.909048 73.283241 54.504755 -20.116504 -140.111019 80.985879 -148.220682 -63.183398 24.586230 46.263790 71.877612 53.456360 -5.640466 -36.678145 -75.333934 -13.071256 -99.397728 -16.236740 55.886206 74.762622 -34.131535 31.312429 91.596765 -24.537545 -75.003471 -87.571405 43.630510 -76.896343 -90.183356 -50.732695 49.332383 51.138818 56.099577 -28.658420 -84.351189 19.793924 31.753125 91.918813 -8.690065 -54.967310 70.707946 10.397542 -34.311180 -47.116447 -2.582592 -71.597614 -44.908160 56.912622 19.367923 0.000000 0.000000 0.000000 -87.197645 -6.121836 -47.141813 -69.677605 -3.082928 -29.763686 50.185638 -0.873582 -65.123785 73.626672 -45.317115 9.727220 0.000000 0.000000 0.000000 
0.128211 -0.526945 111.205925 -139.209979 2.458329 100.028464 -74.043427 84.341475 -57.421499 72.746055 52.784801 -16.019875 -134.708001 79.453336 -142.663589 -64.713205 24.778317 44.752862 72.062586 53.464241 -8.870451 -49.928484 -78.390351 4.154948 -99.381958 -13.008784 58.808961 74.379941 -33.688637 30.046742 91.790685 -19.017607 -75.187345 -87.414130 49.004160 -78.243311 -90.319607 -49.000384 51.240336 62.617275 51.494048 -39.254428 -85.307370 14.850330 32.558509 92.288465 -9.490082 -55.207377 70.318887 10.713141 -34.428305 -47.166283 -3.166365 -71.992718 -45.970940 56.270793 18.913765 0.000000 0.000000 0.000000 -87.423150 -7.564225 -47.179300 -70.104343 -2.402719 -30.820649 49.483869 -1.569485 -62.841515 73.596698 -45.462244 10.365489 0.000000 0.000000 0.000000 
-0.894717 -0.530229 110.966835 107.491403 -25.783472 -10.350034 -81.501838 82.864338 -63.496716 73.060259 51.616815 -14.516998 172.105550 82.085156 162.279477 -65.432039 25.531677 44.252785 70.938430 55.009269 -9.178097 -61.199057 -78.515758 14.792386 -99.315847 -10.240588 60.112375 75.268247 -34.203823 30.342413 91.880772 -14.143738 -74.515416 -87.035648 57.011428 -79.047310 -90.471208 -49.253466 52.512382 66.450382 50.140063 -38.662315 -85.415432 14.559433 33.614680 92.367519 -9.619151 -55.511462 70.785787 10.575545 -34.788715 -46.997002 -3.359317 -71.697227 -46.650923 56.022824 19.323909 0.000000 0.000000 0.000000 -87.395055 -8.351756 -47.327980 -70.287324 -2.421739 -30.954527 48.975337 -1.366004 -62.133754 72.955287 -44.927543 10.989493 0.000000 0.000000 0.000000 
-0.967454 -0.537900 111.974510 -118.063677 -26.607755 116.025961 -84.799750 82.013348 -66.180304 73.342115 49.576066 -14.793478 120.439444 74.019885 108.129051 -67.637322 27.288897 43.515042 69.045827 54.081282 -15.630180 -71.775585 -78.399264 26.679285 -99.407422 -11.761788 61.610661 73.813529 -34.495485 30.154291 91.902141 -30.228218 -77.414086 -87.384461 58.378457 -79.697895 -90.374260 -47.908945 54.549753 64.494275 53.671707 -33.454131 -84.771802 17.442651 30.191203 92.081236 -9.233456 -55.171305 71.594262 10.774756 -34.848855 -46.286732 -4.499940 -71.945010 -47.281260 56.047424 18.991780 0.000000 0.000000 0.000000 -87.161766 -9.582236 -47.065167 -70.724974 -2.728217 -31.361466 48.340070 0.120349 -62.436247 72.581115 -45.660965 10.796204 0.000000 0.000000 0.000000 
-1.913100 -0.552423 111.874214 129.845535 3.649417 13.104969 -83.745224 82.194624 -65.185628 73.570722 49.069569 -13.794264 129.658874 76.755579 117.845814 -68.914843 27.591095 43.606053 68.837861 52.818809 -17.398603 -78.728254 -78.329147 36.465236 -99.471153 -11.639297 61.295825 74.068560 -34.677923 30.487372 92.386234 -41.722423 -79.098830 -85.305245 71.328757 -78.967265 -90.398233 -46.967045 57.298202 65.697222 54.906546 -29.663468 -84.323624 18.344057 31.784562 91.827199 -9.121462 -55.377399 72.003347 10.905116 -35.080840 -45.959885 -5.154948 -71.551601 -46.973384 55.770494 19.660537 0.000000 0.000000 0.000000 -86.907355 -10.294914 -47.154337 -69.809431 -2.732545 -30.995181 48.004807 0.470680 -62.354995 72.404819 -45.082081 11.590254 0.000000 0.000000 0.000000 
-2.167931 -0.545883 112.420784 -94.790573 -63.979601 130.507284 -82.903388 82.740362 -64.930100 74.606864 46.934752 -12.356763 121.054951 73.556112 108.053656 -70.859220 28.423264 41.023930 64.993984 53.283272 -20.923030 -69.083712 -78.745381 23.222103 -99.262943 -14.988105 61.703024 72.414238 -34.679122 31.470827 94.369870 -65.833497 -83.791049 -81.464211 82.264196 -76.342788 -90.230090 -50.119516 59.185930 58.437213 63.697785 -9.260891 -81.983491 21.411669 26.969024 92.197770 -9.005938 -55.736658 71.947623 11.055554 -34.723864 -44.640794 -7.019400 -71.405788 -49.400445 54.450574 17.935448 0.000000 0.000000 0.000000 -87.241639 -9.841004 -48.110217 -69.656135 -2.950432 -30.021762 47.974972 1.398118 -62.259795 73.020122 -44.134582 12.704712 0.000000 0.000000 0.000000 
-2.518213 -0.558261 113.055649 162.253690 22.233564 60.616161 -84.940531 82.787587 -67.898726 74.883437 45.556791 -11.220028 -111.792863 66.254009 -119.041699 -71.541233 27.411161 41.283198 65.343307 51.181282 -22.249917 -71.221299 -79.073646 26.182686 -99.226369 -16.274970 61.307262 73.877340 -34.734785 29.541278 95.081179 -69.361020 -85.057653 -82.359143 81.759792 -77.559785 -90.349790 -51.140189 61.432608 61.796115 63.518913 3.870698 -81.855323 20.701681 28.449527 92.206851 -8.619713 -55.760025 71.784617 10.969021 -34.687425 -43.684882 -7.919294 -71.016749 -50.856017 54.057015 17.431418 0.000000 0.000000 0.000000 -87.286958 -10.217795 -48.189065 -68.789982 -2.871838 -29.701514 47.749291 1.002388 -61.779505 73.307998 -43.598246 13.077265 0.000000 0.000000 0.000000 
-3.229871 -0.579548 112.389153 49.928381 -85.666061 16.949957 -89.493883 81.519533 -71.239619 73.919951 45.242322 -9.442081 -103.972571 52.973411 -109.134909 -72.688059 28.819675 40.474961 66.909771 45.995526 -23.143380 -75.812720 -78.548627 31.894700 -99.206690 -16.833733 60.878426 72.710488 -35.264357 29.281068 93.292038 -65.073916 -82.930808 -86.329036 72.645662 -80.571166 -90.096278 -49.750809 60.631018 72.179114 57.303691 17.471975 -81.839926 16.773003 30.623032 92.228335 -8.078175 -55.834721 73.043093 10.425679 -35.906836 -43.023626 -9.329453 -70.670385 -52.934261 52.999282 16.988292 0.000000 0.000000 0.000000 -86.930342 -10.544797 -48.151278 -68.153664 -4.039128 -28.744885 46.543837 3.242996 -62.709417 73.171128 -41.820862 12.603678 0.000000 0.000000 0.000000 
-2.585421 -0.601379 113.796135 72.042944 43.952088 4.970111 -92.868623 82.149808 -76.630053 73.746347 40.132866 -10.092169 -99.810536 29.720539 -97.230857 -74.557958 28.896874 40.115660 69.653835 40.433709 -21.127088 -76.719487 -79.103444 35.568644 -99.158964 -13.909762 59.349055 72.376597 -34.512162 29.165255 92.802757 -58.082100 -81.721701 -86.522648 70.564993 -80.273466 -90.110619 -49.842931 62.685309 71.508082 55.740374 23.035853 -81.205212 18.382250 30.866411 92.044102 -7.971769 -55.726332 73.085142 10.555679 -35.780024 -42.654983 -10.221215 -70.761113 -54.381657 52.465734 16.492801 0.000000 0.000000 0.000000 -86.728203 -9.805603 -48.349357 -67.589738 -4.352850 -28.217448 46.092056 4.298981 -62.973368 73.287051 -40.830716 12.317320 0.000000 0.000000 0.000000 
-0.844866 -0.631728 113.335396 144.354093 -19.063284 -138.477737 -98.379150 83.086525 -83.723662 74.656969 28.609864 -14.849074 -100.277846 34.684872 -87.511197 -74.000592 29.947853 38.347470 72.275692 26.515022 -26.491919 -80.265080 -78.960052 40.971054 -98.611626 -6.742759 57.297039 73.621344 -35.023218 25.061091 92.569094 -50.062747 -80.680084 -87.651720 62.503811 -80.080548 -90.343891 -51.019775 67.164448 72.257989 52.115836 29.137002 -78.965770 21.862652 31.741653 92.245986 -8.130873 -56.172628 72.946464 9.833510 -35.813867 -42.046953 -10.938394 -70.858196 -55.658205 51.816672 17.246114 0.000000 0.000000 0.000000 -86.513370 -7.730295 -48.647426 -67.600543 -5.997035 -27.046850 45.887286 3.814310 -63.027929 72.142496 -41.023201 11.875007 0.000000 0.000000 0.000000 
-2.688696 -0.630396 114.234573 164.955912 12.231293 92.642843 -110.261679 85.556900 -100.027606 75.077893 8.585751 -9.034580 -102.073551 48.172473 -75.230048 -72.798311 28.448801 39.292077 74.197594 11.446238 -25.144492 -78.386760 -79.318724 38.845043 -98.685443 2.382005 56.047274 71.580044 -35.369766 25.385888 91.796404 -5.468614 -76.193871 -87.940013 47.041280 -78.461983 -90.419742 -53.004422 69.623765 69.072336 53.563139 29.283166 -78.240565 23.207634 31.859388 92.331010 -8.261123 -55.879940 72.595701 10.013559 -35.244159 -42.022793 -12.018924 -70.742666 -56.706312 51.218965 17.319439 0.000000 0.000000 0.000000 -86.684557 -6.605581 -48.797194 -67.737681 -5.908395 -26.426453 46.246710 3.913625 -63.471669 72.438592 -41.384624 12.311993 0.000000 0.000000 0.000000 
-2.033424 -0.631533 112.112007 -118.320831 60.604422 66.537511 -173.657225 87.900867 -168.534862 55.038979 -54.192966 17.905220 -104.939975 64.989913 -56.042876 -72.621183 28.668739 39.344827 72.232860 -2.933327 -22.128275 -61.288607 -81.659410 20.261572 -97.927040 15.402379 56.509910 69.161916 -35.885675 29.714996 92.072423 28.905262 -71.633969 -87.518883 55.380090 -78.658547 -90.286806 -54.826706 72.813974 75.386385 40.930739 25.269882 -78.857223 21.786937 29.095529 92.602210 -9.742832 -56.656830 72.336250 10.427246 -34.581106 -42.066539 -12.420530 -70.835635 -55.243126 51.913700 19.661458 0.000000 0.000000 0.000000 -86.592624 -5.776591 -50.018444 -67.841120 -6.155257 -25.081378 46.570061 4.543098 -64.830655 71.924530 -40.355206 15.742219 0.000000 0.000000 0.000000 
-2.525371 -0.588468 113.661583 45.276010 -14.309379 -162.879674 94.374155 68.122307 92.224542 15.123132 -62.193667 70.266387 -111.727224 71.713561 -43.724197 -76.889913 33.352414 39.204611 72.471572 -16.645036 -10.759194 -36.817877 -81.101800 -5.267166 -98.153490 20.641388 55.085813 70.134249 -36.710264 28.529614 92.053379 45.877552 -64.803869 -86.168579 63.777946 -77.280191 -89.938318 -57.181690 75.306057 76.537441 34.511692 22.940497 -78.105739 20.236299 26.321039 92.829423 -10.351078 -56.750889 72.353263 10.614590 -33.838891 -42.739660 -12.316211 -71.239269 -56.533044 52.478540 18.150589 0.000000 0.000000 0.000000 -87.123576 -5.038501 -50.794906 -67.717406 -6.093569 -24.955941 46.865180 5.490184 -65.707566 72.855607 -39.376502 17.040483 0.000000 0.000000 0.000000 
-3.964009 -0.571539 112.412285 -153.995724 -36.786205 67.898694 91.292653 21.079376 81.512861 -48.175386 -22.454003 90.622753 -112.757195 74.838141 -30.582649 -78.579931 36.857203 38.980468 67.720484 -56.582380 -28.120059 -36.917861 -81.948473 -1.650160 -98.503797 21.481329 54.983576 70.787691 -40.776275 25.654330 90.947933 46.718509 -62.878662 -87.285992 42.846899 -73.213579 -89.709131 -58.181936 72.212345 74.599008 38.462682 26.114412 -75.134278 16.411811 31.476995 92.531453 -10.762376 -55.710324 72.821739 10.244884 -33.792463 -44.255759 -11.562794 -70.706560 -56.413061 52.700498 17.026120 0.000000 0.000000 0.000000 -86.418634 -3.678294 -50.145629 -65.890893 -7.692749 -23.665990 47.143977 4.946496 -65.947733 72.433858 -39.520655 13.863607 0.000000 0.000000 0.000000 
-3.020278 -0.540608 111.837593 -59.059958 66.611147 130.248076 90.961494 9.512733 77.399513 -62.212268 19.977404 94.596728 -115.010575 74.677176 -33.650209 -79.483587 37.996368 33.814923 63.918952 -68.791342 -36.257946 -29.475014 -79.375824 -21.574922 -98.438823 18.765364 53.849488 70.387554 -42.290690 26.112167 90.286820 48.455870 -62.252737 -86.321129 54.610832 -72.167371 -89.433022 -57.623387 74.659857 76.141507 33.294017 25.826755 -75.088930 18.073686 30.756728 92.639132 -11.051957 -55.259598 73.188773 10.123763 -33.373369 -45.343161 -10.783490 -70.185618 -58.035829 53.049815 15.134053 0.000000 0.000000 0.000000 -86.876446 -3.267568 -49.853472 -65.404456 -7.549195 -23.651745 47.316859 4.736809 -65.268274 72.157333 -40.456814 13.856678 0.000000 0.000000 0.000000 
-4.370701 -0.526342 112.913445 50.988637 -28.788969 -152.289001 91.891951 26.874602 77.559852 -23.199355 63.635196 84.503897 -115.820729 72.632147 -48.899848 -76.991101 34.672631 32.976985 59.585238 -75.222285 -37.880676 -43.578607 -75.417498 -20.908420 -98.335948 16.221531 54.830900 72.479241 -38.508414 23.250927 89.063663 49.746977 -61.140314 -86.497488 34.371068 -68.182820 -89.261409 -59.238436 75.467426 79.334832 33.116783 32.849200 -77.496072 18.571473 41.923028 92.160379 -9.195187 -53.269502 74.017094 8.919789 -32.845608 -46.289176 -9.352176 -69.422294 -58.127621 52.871795 16.190934 0.000000 0.000000 0.000000 -87.247052 -2.551126 -49.228368 -64.635437 -9.117230 -23.195029 47.184290 4.442670 -66.290667 69.760955 -42.873972 9.825114 0.000000 0.000000 0.000000 
-5.025745 -0.522258 111.375107 -152.266445 -23.985132 74.950307 92.817082 47.364688 78.511669 7.263515 71.103144 79.723678 -112.320221 70.045822 -64.960612 -77.391378 34.390931 32.569624 54.885641 -78.879886 -36.713808 -49.967169 -68.590510 -30.549947 -98.215403 13.415581 55.622276 70.639795 -37.868984 24.216750 87.755884 50.286138 -60.170665 -87.095364 16.263640 -65.496835 -88.815631 -58.663673 72.315474 80.351224 30.755964 34.670257 -78.728793 16.619063 40.608308 91.870976 -8.547681 -51.800820 74.055188 9.157393 -32.554897 -46.387731 -8.516814 -69.315240 -57.324809 52.445042 17.445338 0.000000 0.000000 0.000000 -87.435899 -2.176719 -48.557893 -64.551501 -9.537284 -23.159242 46.963878 4.608340 -66.309828 68.693967 -44.089479 9.368927 0.000000 0.000000 0.000000 
-4.469270 -0.508658 111.349869 -33.728123 75.023859 159.217866 99.544131 73.906418 89.176353 40.427211 78.658382 75.225432 -108.250370 62.871248 -76.726731 -76.881346 33.545392 37.180806 49.942668 -80.438328 -31.212429 -64.034930 -58.439752 -41.121049 -97.942405 9.075970 55.656894 69.888775 -37.862303 26.036867 87.127765 56.573496 -51.539456 -88.291089 20.428867 -70.302770 -89.229684 -57.348379 69.553723 79.073334 34.553665 30.326076 -80.941824 17.518628 37.651018 92.833003 -9.539814 -52.743247 74.221133 9.756555 -32.293587 -46.438100 -7.993967 -69.952527 -58.503128 52.740450 15.505341 0.000000 0.000000 0.000000 -88.296605 -2.505980 -48.369332 -64.232225 -8.655009 -23.644394 47.204629 5.372917 -66.752373 69.746777 -43.614871 9.227427 0.000000 0.000000 0.000000 
-5.713597 -0.506326 112.037033 56.851551 -32.586722 -151.251254 106.040937 79.474999 96.822195 56.924089 77.899317 82.644891 -105.275978 55.420527 -87.227218 -77.031565 31.287319 39.667068 41.670088 -82.821718 -26.646318 -70.425396 -54.593969 -42.604309 -98.128086 5.982787 56.368164 71.051231 -36.655096 23.300188 87.207731 58.513016 -47.248049 -87.972221 15.386660 -69.591960 -89.393699 -56.952738 65.399246 79.393792 35.497416 34.470278 -81.068712 17.336243 36.518428 92.823347 -9.409458 -51.964688 74.075782 10.090065 -31.899113 -46.940249 -8.506882 -70.252103 -58.412479 52.782870 15.676897 0.000000 0.000000 0.000000 -88.338645 -1.913361 -48.561194 -64.156668 -8.711995 -24.180016 47.333560 5.038344 -66.730315 68.878736 -43.511059 8.600042 0.000000 0.000000 0.000000 
-6.148519 -0.499838 110.768204 -148.547791 -18.345473 72.215900 119.709693 83.944131 111.039789 57.404701 80.684733 78.170612 -104.496337 52.329777 -92.899673 -74.302620 32.632573 39.453726 24.842833 -85.497684 -11.831537 -75.454152 -51.770611 -44.457959 -98.109099 2.553752 57.821252 70.411321 -35.460883 23.214443 87.706185 62.477001 -37.276573 -88.578067 8.470585 -69.633232 -89.188636 -58.755651 67.296536 79.105540 34.366083 31.593428 -81.302188 20.623279 40.193274 93.075155 -8.120905 -51.829948 74.108094 9.665743 -31.468949 -47.328295 -8.915021 -70.173918 -60.770476 52.036993 13.909112 0.000000 0.000000 0.000000 -88.965653 -3.239106 -48.955609 -64.770445 -7.185760 -25.149406 47.098668 4.710079 -67.228196 67.217027 -44.123906 10.338356 0.000000 0.000000 0.000000 
-5.848509 -0.481331 110.901283 -4.002436 64.262010 -175.793802 122.829818 85.376242 114.491034 46.059146 83.616463 64.247208 -104.615749 53.666314 -95.430476 -71.673104 31.730455 40.795350 -20.682862 -86.156135 29.904168 -78.775689 -47.033542 -45.976011 -98.014998 -0.579001 59.784064 67.499747 -34.604410 26.165445 86.936394 64.425663 -32.890866 -89.076703 9.009960 -73.048841 -89.411027 -58.170019 69.784923 78.885194 36.074975 28.837844 -81.937002 22.363144 41.009984 93.211934 -7.919151 -51.457914 74.383881 9.813840 -31.452297 -47.806070 -9.125048 -70.153805 -60.995457 51.792173 14.418996 0.000000 0.000000 0.000000 -89.351009 -3.424111 -49.124370 -65.565302 -6.258647 -26.234896 46.956321 4.862414 -67.685361 66.518667 -43.823963 10.656124 0.000000 0.000000 0.000000 
-7.039688 -0.464697 111.176819 67.857009 -51.298713 -162.850579 -105.726401 85.980868 -112.298734 39.485934 84.077092 52.925812 -114.326795 67.056543 -113.144798 -72.988558 33.959891 36.539034 -43.462365 -85.107137 52.740569 -80.135032 -46.620411 -43.202866 -97.497295 -3.155871 63.493096 67.278404 -31.230328 26.285820 87.056781 68.027415 -11.573183 -90.431718 -52.162012 -50.373878 89.037116 62.277662 -83.909524 78.676995 38.467310 39.144826 -81.305868 22.569540 47.042136 92.509191 -4.539933 -49.382893 74.797435 8.621969 -31.512071 -47.924796 -10.558821 -71.025791 -62.577117 49.359702 14.729537 0.000000 0.000000 0.000000 -90.223945 -2.677767 -49.689300 -64.521950 -6.855569 -26.769531 46.829067 3.115600 -67.249869 62.404102 -47.247923 10.453018 0.000000 0.000000 0.000000 
-7.236525 -0.465204 110.043335 -141.221993 6.420797 70.268273 -87.202299 79.990835 -92.625869 38.196794 84.391010 47.081726 -158.022770 80.354524 -159.952162 -73.555794 34.829549 37.204848 -59.248919 -83.276808 67.434428 -83.188338 -37.893531 -46.957229 -97.290263 -10.178024 65.745465 67.275352 -31.745920 24.002429 88.126347 69.035891 5.309659 -89.425548 -49.141147 -45.090777 89.300156 66.734749 -66.281062 79.603382 37.067203 42.720661 -81.446676 22.344270 47.418836 92.184671 -3.629818 -48.827212 74.862626 8.663326 -31.383087 -47.982489 -10.425789 -70.987396 -62.978276 47.559842 15.763495 0.000000 0.000000 0.000000 -90.773337 -1.663492 -50.287977 -64.819004 -6.203221 -27.826185 46.432329 3.273606 -67.565999 60.215241 -49.015895 11.171541 0.000000 0.000000 0.000000 
-7.298951 -0.441861 110.348763 22.333169 43.113968 -153.829307 -86.561469 71.334611 -90.062037 46.626836 82.045564 44.588069 -132.079504 76.120230 -133.077833 -71.863310 34.718196 39.536584 -72.547535 -80.335952 77.964498 -86.913979 -14.042677 -53.950035 -97.094867 -19.644860 67.344612 67.959499 -33.005643 26.919786 88.416339 65.255527 15.467872 -92.077319 -39.665554 -53.633860 90.703435 65.604844 -60.999667 80.301002 35.606616 37.127092 -83.186360 24.128723 45.764145 92.074613 -3.832908 -49.132541 74.359941 9.353344 -31.117683 -47.186227 -10.609400 -70.431884 -60.795002 48.228357 18.352349 0.000000 0.000000 0.000000 -90.985507 -2.862563 -50.515029 -66.034802 -4.263707 -29.274336 46.856197 2.797230 -68.598221 62.007077 -47.603789 13.694876 0.000000 0.000000 0.000000 
-8.478020 -0.447146 110.240387 117.188246 -71.000730 151.976583 -85.568952 60.224363 -86.103817 45.620206 82.403427 36.474767 -119.896231 71.402017 -119.160148 -70.234115 34.024944 38.357626 -75.515955 -76.631279 80.634401 -88.031551 2.508333 -57.766136 -97.153840 -26.284904 69.656102 69.157067 -33.763592 25.674533 89.445483 62.564566 24.649775 -92.018127 -29.921934 -58.888601 90.867690 66.669531 -53.274045 79.922567 37.710629 36.238518 -82.716966 26.515624 43.098000 91.574133 -3.344259 -48.353067 74.257693 9.612220 -31.039914 -46.969484 -10.646896 -69.919717 -59.334987 47.814971 19.644330 0.000000 0.000000 0.000000 -91.175453 -2.813099 -50.929687 -66.094575 -3.799588 -29.690464 46.798424 2.897583 -68.907725 61.250517 -47.748496 13.819852 0.000000 0.000000 0.000000 
-8.571284 -0.448464 109.260742 -131.403295 34.690937 70.773540 -86.694737 30.443495 -80.391958 32.439481 81.338390 12.943442 -114.429448 66.679010 -113.193072 -70.217519 34.674581 37.756396 -82.128051 -73.435604 84.829359 -89.422151 14.663954 -60.785111 -97.465236 -35.247706 73.879423 69.337387 -33.329216 28.853503 91.225147 61.688927 32.144003 -95.621006 35.461024 -58.676004 92.106579 67.230867 -34.648693 78.302258 37.840170 32.394908 -81.801640 26.286677 47.445015 91.005160 -2.372603 -46.916539 74.286107 9.200700 -31.622348 -47.034385 -11.638255 -69.152504 -59.793899 46.053327 21.379778 0.000000 0.000000 0.000000 -91.034360 -2.525929 -50.897240 -66.879277 -3.336485 -30.655203 46.769379 2.541797 -68.915731 57.462077 -48.801214 18.394058 0.000000 0.000000 0.000000 
-9.033942 -0.465150 109.672607 38.539115 14.500433 -146.980754 -87.246576 -4.760030 -76.448768 36.325989 81.384295 5.300491 -111.091207 63.069308 -107.663614 -71.046083 36.328693 38.032654 -85.322070 -68.369512 86.516523 -89.881938 25.342175 -63.764134 -98.439198 -41.589374 77.124322 70.602257 -33.323000 26.453464 91.892414 59.382284 35.968153 -93.895075 18.450656 -55.653775 92.389346 67.158229 -32.471660 79.443104 36.014000 32.133607 -82.569560 25.170078 45.523421 90.666055 -2.254936 -46.592885 74.246050 9.092153 -31.855989 -46.964419 -11.227020 -68.731047 -60.239932 45.512268 21.433545 0.000000 0.000000 0.000000 -90.642361 -2.024891 -50.903269 -67.092413 -3.142828 -30.904313 46.420368 2.600644 -68.637923 56.759850 -49.247511 18.742222 0.000000 0.000000 0.000000 
-10.224923 -0.470421 109.178612 177.382558 -55.789101 96.038547 -85.406458 -36.164044 -68.599267 30.257373 80.636940 -6.705040 -115.512791 68.252091 -113.861728 -71.919390 36.728613 37.568334 -88.189053 -35.236732 85.173059 -91.119127 31.365430 -65.376755 -99.436101 -51.946272 81.762223 71.436151 -34.122699 24.834651 92.314528 56.552671 40.976040 -115.938798 77.424675 -70.364203 94.237809 68.907820 -11.447976 80.335570 32.635066 34.048480 -81.768434 20.960542 49.113056 90.307468 -0.678884 -46.440641 74.799284 8.034048 -31.899749 -47.339006 -11.227419 -67.975048 -62.835288 43.553591 22.246568 0.000000 0.000000 0.000000 -90.797623 -2.015851 -51.184336 -67.596710 -3.470308 -30.841430 46.482373 3.730471 -68.374992 57.227852 -49.313012 18.180628 0.000000 0.000000 0.000000 
-10.248806 -0.483326 108.300758 -116.827450 60.985063 81.944887 -84.235148 -46.776993 -64.606995 31.881315 80.847689 -6.737104 -118.872635 71.910273 -117.421652 -70.340884 35.781220 38.381956 -88.307813 6.329450 83.138341 -92.623649 41.493703 -68.372811 -100.720062 -59.159805 85.001724 70.738254 -33.598304 24.821020 92.452456 54.916923 41.839274 -155.050868 85.429250 -113.950820 95.098281 69.361643 -5.140404 80.247023 32.278172 32.337370 -81.653069 21.516736 48.316984 90.392022 -1.049807 -46.878106 74.675757 8.152447 -31.761217 -47.338113 -10.676514 -67.346113 -63.673541 42.758801 22.526025 0.000000 0.000000 0.000000 -90.697370 -1.278731 -51.733827 -67.968946 -3.589758 -30.738749 46.389064 4.500355 -68.482501 58.513784 -48.568987 18.340236 0.000000 0.000000 0.000000 
-10.989821 -0.491175 108.725044 47.564255 -9.382214 -148.253222 -83.204095 -54.386298 -61.061096 46.496816 80.349942 4.131007 -110.455590 64.886965 -107.796199 -69.886825 34.547447 42.273870 -87.782073 41.255445 80.782914 -96.909073 53.475552 -74.263258 -101.145979 -60.908504 85.358227 75.407844 -35.847225 22.844295 92.931830 55.916859 43.044569 93.004259 12.534260 92.023370 98.799657 73.974783 -22.687703 82.306952 24.684130 24.613207 -84.853686 11.908515 43.950144 91.055014 -3.639428 -48.075703 74.238116 9.627711 -31.505581 -47.383692 -10.670743 -67.000365 -59.607139 43.900978 24.696574 0.000000 0.000000 0.000000 -90.601633 -2.659203 -51.708563 -69.479268 -1.385839 -31.213690 46.427664 5.013650 -67.986072 62.230783 -45.805492 21.144653 0.000000 0.000000 0.000000 
-12.280984 -0.503369 107.993500 -160.192240 -35.017111 78.098252 -81.782923 -55.105365 -58.563510 48.803265 80.055648 4.214402 -115.564970 71.033356 -115.621764 -68.140399 33.741172 41.296717 -86.256999 55.482301 78.238019 -99.823708 58.475436 -77.334330 -106.607331 -71.325567 93.007330 74.669703 -34.871199 22.852476 93.215879 56.279436 42.801569 92.767372 -5.207683 84.572940 102.123826 76.603941 -26.730997 83.269556 23.191629 25.072044 -85.268511 9.974776 43.273037 91.307590 -4.064073 -48.043850 73.900016 9.820991 -31.765887 -47.445169 -10.204366 -67.284709 -58.097031 44.135391 24.368578 0.000000 0.000000 0.000000 -90.701596 -2.767412 -52.094661 -69.794339 -1.308179 -31.151452 46.125605 5.064810 -67.704005 62.603703 -45.119593 22.701905 0.000000 0.000000 0.000000 
-12.425927 -0.530069 107.115639 -43.677465 73.549355 148.004428 -80.699927 -53.042467 -59.010735 53.181336 79.601788 8.474513 -117.337646 72.562361 -118.254077 -67.138119 32.344947 43.554233 -87.295504 66.469642 71.321876 -104.099014 64.584690 -81.788313 -158.026986 -84.803794 147.719683 74.415521 -35.743511 23.599819 92.905388 57.349510 41.107942 91.478209 -18.382394 79.097361 103.803327 79.963341 -38.119328 83.564412 18.956973 24.744354 -85.715269 8.180156 39.635248 91.898222 -5.135548 -48.779634 73.677357 10.484989 -31.980233 -46.854288 -10.714261 -67.988694 -55.135915 44.982094 23.891881 0.000000 0.000000 0.000000 -90.810055 -2.703135 -52.798694 -71.129885 -0.079962 -31.758528 46.162870 5.458086 -67.495924 64.993991 -43.659840 24.285064 0.000000 0.000000 0.000000 
-13.585203 -0.555269 107.452293 60.139742 -39.533980 -157.378880 -79.564398 -50.318877 -58.671960 56.992210 79.582412 13.188695 177.210103 82.172132 172.116009 -65.657401 30.607736 45.772198 -87.659987 68.972731 67.851275 -111.111988 71.170579 -89.497923 135.355199 -83.165111 -144.469968 73.082254 -34.432674 25.842008 92.951105 58.592116 39.215716 90.573747 -24.182411 76.822979 110.752689 83.551234 -43.253428 83.584684 18.827623 22.528764 -85.820712 7.432724 37.289823 92.081173 -5.758087 -49.077722 73.273571 10.388668 -32.347334 -46.428736 -10.772556 -68.862412 -53.519692 45.481895 23.577351 0.000000 0.000000 0.000000 -90.588082 -2.546833 -52.566617 -71.548373 -0.277479 -31.506590 46.046937 5.682387 -67.262769 66.456954 -42.699577 25.378710 0.000000 0.000000 0.000000 
-14.968678 -0.571275 106.242294 -145.780567 -3.215112 70.367830 -80.549252 -47.500374 -58.830062 55.041688 78.616164 5.495990 106.495684 61.042026 95.783282 -68.002472 32.343819 41.827404 -92.002494 73.653856 57.442904 -117.532419 72.937664 -95.482612 100.347159 -67.910275 -105.827675 70.877731 -30.397094 27.729231 93.595723 57.468974 37.807600 89.443431 -20.599219 78.963485 109.525922 83.779283 -36.207922 83.801022 17.946810 20.124041 -85.671706 1.356112 45.063230 91.738530 -3.913419 -48.407209 73.240099 9.382345 -32.125669 -46.782944 -11.035899 -67.395990 -53.772234 44.975497 26.828175 0.000000 0.000000 0.000000 -90.303661 -2.001679 -52.461960 -72.396992 -0.610634 -31.339897 46.608664 4.109473 -65.183537 66.700008 -43.009394 23.061488 0.000000 0.000000 0.000000 
-15.215470 -0.603218 105.537483 18.316902 48.779680 -156.717849 -80.199318 -39.617811 -57.431518 54.600293 77.308030 0.938756 100.522661 43.470244 85.285905 -69.318744 32.403058 42.071015 -95.215249 74.729636 52.010892 -131.509799 77.444680 -110.182619 97.402888 -58.522653 -100.066885 69.691969 -28.963313 26.459759 94.071269 58.458123 37.411320 88.534059 -6.177750 85.195832 103.054851 82.737774 -37.333325 83.928102 17.564475 20.073625 -85.011758 1.039897 46.501917 91.684578 -3.475581 -48.781527 72.624904 9.180657 -31.837448 -46.819267 -10.915824 -66.958169 -54.645289 44.893737 25.882513 0.000000 0.000000 0.000000 -90.043453 -2.065602 -52.039788 -72.814009 -0.573392 -31.174504 46.470851 3.141238 -64.197263 67.049396 -43.257641 22.299319 0.000000 0.000000 0.000000 
-17.015207 -0.656230 105.734100 118.634806 -74.174736 148.718834 -81.785318 -25.748678 -59.396989 62.577190 75.245542 6.221994 99.517040 40.912481 83.127521 -66.699072 28.934240 47.159060 -99.966005 76.865513 45.418399 161.978358 79.662366 179.716734 97.991378 -55.111859 -100.200791 70.028541 -32.590891 28.593559 94.388996 60.516929 31.948140 87.787060 -20.350839 80.078632 154.729801 88.651153 -16.431960 84.747600 16.825377 15.852765 -85.692544 4.145972 34.704006 91.727810 -5.465688 -50.015747 71.890486 10.787770 -31.623395 -45.630599 -10.983335 -67.341991 -49.755264 47.748134 23.792273 0.000000 0.000000 0.000000 -89.386129 -2.713488 -51.387590 -74.000523 0.288090 -31.446123 46.956404 2.880719 -63.585525 69.935652 -42.900296 22.274392 0.000000 0.000000 0.000000 
-18.264442 -0.687847 104.109520 -115.428760 41.028923 78.813412 -81.113240 -5.288594 -60.883736 57.112418 74.207273 -0.302914 98.168503 24.966238 77.451653 -68.221927 32.039567 45.796733 -101.495208 76.213634 38.347521 136.326202 75.733403 154.036580 97.848070 -47.806473 -91.593234 70.945301 -31.387058 29.645743 93.751326 62.525647 29.662939 86.870383 -20.725007 78.239614 -111.802568 88.731753 70.738930 84.808102 17.951751 16.558782 -84.205706 8.230126 33.105243 91.603076 -5.582953 -50.429143 71.296441 10.967368 -31.596839 -45.498666 -11.617314 -67.566209 -48.925758 49.038303 22.944271 0.000000 0.000000 0.000000 -89.061982 -2.806810 -51.439719 -73.749424 -0.207848 -30.841138 47.382062 1.894638 -62.830462 70.551523 -43.317025 21.949643 0.000000 0.000000 0.000000 
-18.899187 -0.676362 103.867500 42.262786 -9.659559 -153.309097 -76.376111 22.119744 -61.755112 56.487193 69.313624 -15.075109 96.481748 13.520757 77.939338 -63.064392 28.113298 48.456953 -100.023337 74.268794 25.318730 111.919307 63.589324 127.018332 104.591441 -60.735631 -88.867453 69.313717 -31.538674 28.334753 94.610496 66.472351 23.418806 87.558353 17.892151 88.365310 -88.425580 -76.833498 60.157533 82.450955 25.621727 9.621236 -82.712182 2.906405 31.543047 91.846197 -8.763480 -51.812000 70.793795 12.072113 -30.384818 -46.160858 -11.506911 -67.215817 -46.838516 50.529940 23.235699 0.000000 0.000000 0.000000 -89.174291 -0.154188 -52.246486 -73.002751 -1.360863 -29.144410 47.675635 2.605200 -64.004550 70.013828 -42.402735 21.782950 0.000000 0.000000 0.000000 
-20.517942 -0.603326 103.505821 -149.362978 -30.552323 66.312054 -68.531168 44.804787 -57.886558 45.576262 66.957557 -23.647999 96.942142 5.148142 76.466143 -63.819352 26.914126 50.570409 -97.034500 71.804142 16.491101 104.102107 51.872096 119.623301 110.251312 -72.642174 -88.244147 66.306037 -30.236248 33.147704 88.551888 69.271340 9.795463 83.058533 77.173469 88.828310 -86.963551 -76.047544 51.493257 81.213334 28.129393 4.883961 -82.350379 -1.676344 31.976235 92.049874 -9.858877 -53.109228 70.253716 11.960578 -30.101143 -46.269376 -10.445551 -67.159603 -48.254514 51.528430 21.279828 0.000000 0.000000 0.000000 -89.690718 0.640840 -52.656617 -72.503468 -1.663562 -28.798551 48.199233 1.820432 -64.736476 70.741536 -42.824457 19.687884 0.000000 0.000000 0.000000 
-21.014896 -0.546395 102.503105 6.055466 51.995494 -176.525225 -59.483701 68.059067 -55.414478 46.158391 65.374324 -27.335628 97.458355 15.005412 79.087035 -63.577611 27.837148 50.050289 -95.429341 73.271683 8.341913 99.229216 34.500460 113.655834 -103.958655 -67.522237 95.756070 69.150562 -32.129431 29.881665 87.180644 66.018481 -8.518255 -87.536577 61.202864 -75.072572 -87.868966 -69.528267 34.335300 80.382545 25.504132 3.449729 -82.455020 1.746959 33.968421 91.767118 -9.490205 -52.458439 69.007519 13.262453 -29.427439 -45.767054 -9.993498 -67.005150 -49.279846 53.145488 14.730136 0.000000 0.000000 0.000000 -88.706266 1.637565 -50.721530 -72.123991 -2.088449 -29.351904 49.195404 0.326194 -64.356663 71.938520 -42.607560 16.557163 0.000000 0.000000 0.000000 
-21.802530 -0.486374 102.620712 158.386588 -22.190521 98.277551 -46.335074 77.555712 -44.303934 51.549641 64.850132 -24.581118 97.289855 5.538154 75.998835 -66.198365 26.664012 46.618180 -89.148729 71.860026 20.137505 96.746881 11.755383 107.487371 -95.471675 -8.175285 71.292400 73.968295 -35.579439 25.224995 87.907442 63.005226 -17.301073 -87.922752 50.748262 -72.495061 -87.042462 -66.054578 30.391944 79.661837 29.583288 -3.504961 -82.743377 4.072838 35.816548 91.830587 -9.039956 -52.592054 68.396360 13.345531 -29.605485 -45.205639 -8.321316 -66.487238 -50.262930 52.973834 12.098268 0.000000 0.000000 0.000000 -88.406753 0.571352 -49.664910 -71.717237 -1.825880 -29.431208 49.994899 -1.805744 -63.575760 72.442634 -42.936827 14.671959 0.000000 0.000000 0.000000 
-22.782635 -0.468804 101.964874 85.896885 7.932038 -70.550779 -32.462901 83.699926 -33.957067 57.329315 64.358924 -21.875010 97.317536 30.098542 81.740570 -64.748107 22.257333 47.051376 -73.271920 62.256297 39.094600 95.590488 -33.729753 96.105627 -96.417909 -13.439588 63.286765 75.154343 -33.981637 31.135597 86.872382 55.848647 -31.106530 -86.946865 49.517955 -71.816436 -87.625184 -62.244642 33.069018 75.291636 38.319591 -12.646466 -82.099993 7.086174 30.604631 92.228559 -7.788152 -52.261872 67.978716 13.764789 -28.868309 -44.603791 -7.683700 -66.252983 -51.916652 54.106436 8.487695 0.000000 0.000000 0.000000 -87.553590 0.078080 -47.228000 -72.151791 -2.346360 -29.572744 50.295465 -3.343933 -61.946225 73.929451 -42.708028 13.598876 0.000000 0.000000 0.000000 
-23.175161 -0.460240 101.634323 177.772548 -1.897559 160.772969 -29.648934 85.064923 -31.618712 61.780606 62.587640 -18.989461 98.567241 36.649730 83.204220 -63.888975 21.573257 47.026563 -70.477815 -15.478461 52.171406 92.136222 -49.146124 88.186432 -96.536940 -21.785982 60.732884 75.569613 -31.757856 32.541197 88.027212 49.560164 -37.533365 -87.194007 46.503099 -71.913998 -88.102360 -59.667675 38.512921 75.750240 36.505980 -23.516237 -82.337896 5.078972 33.514335 91.986912 -7.960731 -52.358780 68.364000 13.443945 -28.764862 -44.149442 -7.710800 -65.745713 -50.892223 54.219967 10.254913 0.000000 0.000000 0.000000 -87.081581 -0.793529 -46.452390 -72.574633 -2.770668 -29.290400 50.443056 -3.835159 -61.223845 74.182141 -43.266522 12.370308 0.000000 0.000000 0.000000 
-23.983633 -0.440263 101.430382 63.426672 53.530496 -38.633744 5.088198 86.619514 3.765341 63.552800 60.963987 -19.688430 102.777541 57.384426 90.038414 -65.402926 24.154854 46.526395 -16.364914 -62.861785 23.841514 85.049530 -60.795918 74.400706 -98.754231 -30.825748 58.097963 77.000155 -32.156865 31.355346 88.555004 38.921804 -45.446543 -88.166037 42.195871 -72.999247 -88.494771 -55.434957 40.231185 66.748739 42.489848 -31.735513 -81.535798 17.402564 32.247363 91.115647 -7.036539 -52.444250 68.610453 12.989633 -29.508150 -42.997925 -7.197126 -66.654104 -53.708554 53.789241 9.360085 0.000000 0.000000 0.000000 -86.005414 -1.228583 -45.898304 -71.527183 -3.166545 -29.357748 49.780556 -1.434355 -62.937287 75.536476 -41.566132 9.950380 0.000000 0.000000 0.000000 
-24.349640 -0.456549 100.919563 137.475159 -40.763901 -146.575385 33.349547 87.035764 32.038274 63.183207 60.959915 -18.973257 112.286704 70.777777 100.845489 -67.614425 26.428922 44.932945 53.959939 -39.840211 -14.768230 81.745862 -63.737813 59.506270 -100.173594 -35.427911 58.105443 78.093229 -35.127602 29.975217 88.940803 29.420525 -48.909732 -88.577915 38.987350 -74.128366 -88.785808 -53.085054 40.338302 57.987807 42.760475 -41.255147 -81.488776 19.190457 31.939848 91.237327 -6.367435 -52.241389 68.714757 12.476624 -29.663570 -42.321083 -7.173329 -67.311912 -53.801849 53.511736 10.155241 0.000000 0.000000 0.000000 -85.565969 -2.015450 -45.083304 -71.058239 -3.689444 -29.086604 49.660328 -0.017823 -64.535452 75.921472 -41.610736 9.306853 0.000000 0.000000 0.000000 
-24.961533 -0.454938 100.906273 -161.025931 65.032055 123.711448 -2.112443 87.186362 2.058673 63.937299 61.157569 -14.082548 120.493617 75.341758 108.802715 -67.606031 28.317932 44.025812 68.278847 35.533304 -8.857192 76.718779 -64.192804 47.353805 -100.162071 -34.305133 54.730619 77.098307 -35.946898 32.349074 89.687269 17.245720 -54.629874 -88.865464 29.517298 -73.593558 -88.811925 -50.184729 39.680226 56.127616 25.367222 -52.443639 -82.122686 22.030299 28.290925 90.770824 -4.992796 -50.850728 68.458122 12.215585 -30.934912 -42.962138 -4.613904 -68.031786 -57.830817 52.642764 5.987496 0.000000 0.000000 0.000000 -85.452527 -3.455297 -43.302603 -70.722638 -3.906776 -30.408717 50.172204 0.576478 -64.311406 77.347892 -40.913663 5.506467 0.000000 0.000000 0.000000 
-25.444513 -0.462302 100.310966 76.335297 -15.548640 -79.804073 -27.526812 86.832472 -19.916104 64.758763 61.500056 -11.956350 120.025436 74.835813 108.043186 -69.257136 29.184503 44.796013 68.588687 45.660805 -6.309057 79.224576 -67.211838 25.069958 -100.599330 -33.564696 53.896560 78.818280 -37.361758 29.825568 90.101725 7.449828 -58.494506 -88.559399 27.155635 -73.752966 -88.772629 -49.277642 38.598007 54.622143 9.581636 -52.477313 -82.125774 22.576928 28.077923 90.688962 -4.191719 -50.178783 68.546457 11.694493 -31.586201 -42.864328 -3.429827 -68.554195 -59.443426 52.352601 4.613628 0.000000 0.000000 0.000000 -85.139587 -4.351942 -41.975540 -70.915639 -4.025386 -30.724199 50.153080 0.480621 -64.942984 77.713535 -40.244699 4.044385 0.000000 0.000000 0.000000 
-25.797178 -0.461673 100.310341 -170.260868 15.523844 154.822078 -24.494380 86.585282 -14.880701 66.562824 60.057359 -10.442475 132.273598 78.843127 120.772100 -67.706371 27.177160 43.706202 67.690837 50.975938 -7.874254 59.316435 -76.497899 -0.471376 -100.591031 -32.568042 52.586708 76.175430 -36.031082 31.119897 90.491102 -5.023023 -63.453299 -88.521646 22.092632 -74.747451 -89.074746 -48.002882 38.501794 27.438827 -26.434432 -60.401810 -82.227491 21.730311 20.655112 90.383964 -3.306711 -49.533923 68.796351 11.131855 -33.170881 -42.923375 -3.019271 -69.450524 -60.378887 52.895320 2.826058 0.000000 0.000000 0.000000 -85.246183 -5.672364 -41.360631 -70.263894 -3.805968 -31.054336 50.248850 0.205790 -65.027550 78.099978 -40.185063 4.308139 0.000000 0.000000 0.000000 
-26.472342 -0.470923 99.733650 -56.167683 0.617640 59.541402 -35.140050 86.189213 -23.181664 69.304734 58.724812 -10.906698 137.356769 79.849686 125.945400 -66.015209 25.706826 44.775014 68.175327 51.997123 -10.673930 24.887487 -83.878702 -9.203801 -100.680717 -29.986630 52.435032 76.455841 -35.152246 29.443452 90.830213 -12.006156 -66.521968 -88.305669 20.282805 -74.898225 -89.360126 -46.439438 41.481056 24.691498 -38.194863 -52.275345 -81.646733 24.727471 23.554741 90.220511 -3.369820 -49.993609 68.869042 10.481283 -33.723557 -42.810546 -3.226364 -69.938411 -59.566544 53.404296 2.877559 0.000000 0.000000 0.000000 -84.975430 -6.389602 -41.273261 -70.309021 -3.346130 -31.307374 50.587182 -0.413092 -65.270097 78.579234 -40.124885 4.114696 0.000000 0.000000 0.000000 
-26.394363 -0.457641 100.117256 86.248378 31.333835 115.805459 -51.012016 84.421354 -33.441004 71.518008 56.144638 -9.752475 119.677747 74.502845 106.783030 -67.423916 26.351769 43.585674 66.809655 51.900831 -16.088810 -41.740267 -83.387480 30.322816 -100.208358 -23.969128 55.481051 77.108490 -33.988906 29.883700 90.936236 -9.113158 -68.249522 -88.361681 19.938546 -75.381406 -89.440086 -45.033450 42.290167 12.771072 -63.786335 -16.914892 -83.001228 17.853386 26.888790 90.130706 -3.342336 -49.817348 68.995923 9.762653 -34.632441 -43.730267 -2.106921 -69.743057 -60.504319 52.302065 3.662794 0.000000 0.000000 0.000000 -85.029250 -8.223506 -41.333607 -69.414249 -3.065952 -31.538726 50.213226 -1.840539 -63.871775 78.757509 -40.615426 5.180063 0.000000 0.000000 0.000000 
-25.873306 -0.468445 99.508446 -11.832905 -20.197234 -48.154624 -64.134210 83.302868 -44.346108 72.539819 55.509287 -7.922525 110.733121 66.911180 95.744537 -67.765003 27.824505 41.508253 65.705979 53.935754 -14.993169 -55.222420 -80.596036 29.129738 -99.775428 -19.013151 56.591525 77.217864 -34.643875 29.447395 90.908159 -7.147851 -68.406180 -88.204525 23.311198 -76.208129 -89.587173 -45.620055 42.298109 35.626881 -64.235984 -34.931831 -83.154282 16.944170 29.937312 89.802019 -3.812333 -50.229981 69.648082 9.336837 -35.277444 -44.027773 -1.488707 -69.379268 -61.593114 51.764648 3.519063 0.000000 0.000000 0.000000 -84.771395 -8.598909 -41.439859 -69.527321 -3.342985 -31.744691 50.090870 -2.161715 -63.560584 79.105004 -40.038949 4.973123 0.000000 0.000000 0.000000 
-25.186335 -0.458821 100.211136 91.954755 5.778694 140.272093 -69.888861 83.290864 -50.195702 72.489659 54.078896 -5.551272 120.779036 73.915743 106.934358 -67.507766 27.745360 42.468291 65.348995 53.020144 -17.176781 -68.055424 -78.687003 33.725769 -99.754313 -14.470212 58.260302 75.658945 -35.102659 28.633271 91.028087 -13.801892 -71.824335 -88.117646 28.884711 -77.525581 -89.546451 -46.287111 42.595714 48.036468 -67.826314 -48.729943 -83.536205 14.452824 28.562139 90.058872 -3.760186 -50.399653 69.409201 9.477024 -35.327655 -44.295716 -2.185965 -70.785798 -62.450010 51.617984 4.215030 0.000000 0.000000 0.000000 -84.620841 -9.240275 -41.690294 -70.166900 -3.511707 -32.120149 49.648410 -1.126633 -64.281247 79.858822 -40.024970 6.500851 0.000000 0.000000 0.000000 
-25.067305 -0.471549 99.566940 -146.388916 1.654355 51.968091 -71.310960 83.516965 -51.544744 72.663511 53.056932 -5.640665 119.985021 72.975230 105.628006 -67.226880 26.740481 43.475750 64.533510 53.298908 -19.479666 -68.748519 -78.015269 31.535068 -99.676026 -12.146888 58.741473 76.667156 -35.618594 28.574973 91.206850 -20.645135 -73.184422 -87.606035 34.831810 -77.983988 -89.598944 -46.660370 44.112101 57.265428 -64.710413 -56.348903 -83.213792 14.271225 30.462693 89.644747 -3.952647 -50.589177 69.641897 9.755637 -35.343963 -44.174362 -3.037286 -71.201810 -61.107641 52.198156 6.105859 0.000000 0.000000 0.000000 -84.425609 -9.553401 -41.818760 -69.883129 -3.833479 -31.866528 49.186137 -1.039459 -64.590687 79.251803 -39.812911 7.826826 0.000000 0.000000 0.000000 
-26.224417 -0.481571 99.597023 68.865280 -77.904292 39.700009 -74.416039 84.036226 -55.717275 72.437102 52.875603 -3.733693 116.681573 70.757594 101.777279 -67.821833 26.972922 43.353948 62.559040 51.142644 -24.938780 -68.267331 -78.425057 30.017036 -99.560983 -12.756832 59.379826 77.178867 -36.628467 28.129787 91.461891 -29.921527 -74.672324 -87.446693 44.026392 -79.839090 -89.531455 -48.995619 47.175504 69.475615 -32.692634 -66.313997 -81.284704 14.786181 25.107653 90.428247 -4.600087 -51.273695 69.306529 9.717595 -34.905284 -44.679968 -3.664822 -71.432825 -63.184942 50.106486 5.915198 0.000000 0.000000 0.000000 -84.402549 -8.842295 -41.913786 -70.655168 -3.495666 -32.213546 49.024401 -0.074562 -64.182746 79.678670 -38.033427 8.944105 0.000000 0.000000 0.000000 
-25.501396 -0.481076 100.598640 -100.011315 -1.949432 69.261497 -75.190847 84.447488 -57.020097 72.788294 52.240712 -3.409571 125.134143 74.901355 110.706166 -68.698664 27.391932 43.849043 62.423698 50.089579 -25.806309 -69.823823 -78.738578 32.292968 -99.541695 -11.754251 59.442794 77.706565 -37.195928 27.763968 91.330268 -24.466174 -74.005991 -87.519220 48.643048 -80.684870 -89.789270 -50.630297 49.301508 71.480103 -2.163710 -65.713230 -81.482512 14.205906 27.116564 90.310678 -4.481228 -51.292653 69.354206 9.554480 -34.889831 -44.856828 -4.469649 -71.429007 -64.163814 48.735532 5.904701 0.000000 0.000000 0.000000 -84.479482 -9.297416 -42.092497 -70.294739 -3.472970 -32.407547 48.755822 0.079609 -64.035774 79.728539 -37.296908 9.139907 0.000000 0.000000 0.000000 
-26.493395 -0.498736 100.296753 159.412520 -46.939604 -9.228594 -82.394187 84.211514 -64.868579 71.604774 53.362574 -0.646718 115.099514 69.865694 99.878844 -69.889934 28.315721 43.276154 62.185220 42.858622 -30.047085 -74.123073 -78.737140 37.146847 -99.426315 -13.129149 59.829953 77.970074 -38.476113 25.869250 91.298771 -32.487571 -75.531953 -88.132985 36.809835 -80.161362 -89.614636 -50.079210 48.368973 67.444478 -17.362017 -70.410687 -81.534990 11.788694 25.559356 89.807101 -4.476778 -51.191086 70.311762 9.859301 -35.270972 -44.866740 -5.224771 -71.409482 -65.599175 47.647313 4.586898 0.000000 0.000000 0.000000 -84.083738 -9.551795 -42.053746 -70.613405 -4.384291 -32.107325 48.513994 1.901016 -64.508373 80.208597 -35.752446 8.358241 0.000000 0.000000 0.000000 
-26.493874 -0.514166 101.604301 -68.873105 -35.883886 104.099959 -84.908018 85.025019 -68.997354 71.480406 51.901469 0.467196 -106.065132 56.372955 -113.827214 -71.832135 28.147462 43.598946 65.784145 36.780636 -26.155789 -79.015423 -78.970743 44.173823 -99.589548 -12.357950 58.977158 78.074674 -38.048604 26.199488 91.700250 -38.180124 -76.760090 -88.005873 35.075617 -79.438429 -89.621529 -50.203949 50.111672 56.784291 -7.694420 -67.956682 -81.125732 12.154716 24.658968 89.530933 -4.566421 -51.378122 70.488582 10.170046 -35.233112 -44.944726 -5.683096 -71.684969 -66.319290 47.301011 3.713649 0.000000 0.000000 0.000000 -84.059870 -9.506536 -42.199189 -70.114116 -4.359752 -32.033570 48.433727 2.450880 -64.477136 80.255762 -34.354357 8.296877 0.000000 0.000000 0.000000 
-26.193497 -0.524915 101.404938 -160.210277 -28.417805 22.796451 -89.470247 84.340836 -73.009392 72.724145 50.219799 0.937327 -99.527746 22.967626 -100.307637 -71.577732 26.720995 43.204068 66.880679 27.579213 -33.244481 -81.998347 -78.050931 47.324856 -99.692028 -14.915804 59.316989 76.666826 -37.807793 29.072278 92.160445 -44.870296 -77.568166 -87.941995 52.983184 -81.792888 -89.786593 -53.772319 55.280883 30.769952 47.727589 -58.738679 -79.757783 9.928094 19.456322 89.531872 -5.477120 -51.817162 70.051691 10.905822 -34.909131 -44.353869 -6.827802 -72.562952 -66.121859 47.127180 2.554907 0.000000 0.000000 0.000000 -84.678423 -8.608692 -43.190327 -69.657803 -4.523889 -30.276351 47.724250 2.366743 -64.341666 80.430754 -34.099031 10.838904 0.000000 0.000000 0.000000 
-27.565334 -0.549334 101.834480 -39.418969 40.357754 95.683478 -98.050317 83.821757 -83.319770 72.643616 47.370314 1.181488 -99.209830 15.871013 -92.181232 -71.930207 26.238886 42.607165 69.123296 18.967688 -34.986553 -85.918712 -77.454424 53.189555 -99.652248 -13.167293 58.012532 77.383888 -38.547839 27.494723 91.922598 -33.059067 -76.103926 -88.140417 51.138682 -81.804173 -90.128048 -54.293569 57.566744 10.881728 50.145933 -59.565229 -79.459895 8.451930 19.386390 89.762137 -5.635573 -51.774088 69.641126 11.108714 -34.700585 -44.016898 -7.914559 -73.015212 -65.467841 47.371719 3.282630 0.000000 0.000000 0.000000 -84.816353 -8.119709 -43.305903 -69.086769 -4.122174 -29.855738 47.728214 1.723633 -64.242071 80.442353 -34.268799 12.044793 0.000000 0.000000 0.000000 
-28.570219 -0.558609 100.174561 -54.042542 -46.128697 -127.135592 -102.388809 82.251535 -87.315734 73.781442 31.538989 -4.021208 -99.054281 30.931806 -85.782117 -71.233591 25.597436 43.627825 68.367635 8.327603 -33.907094 -83.227453 -78.513177 47.350362 -99.308427 -8.430445 57.410327 75.517716 -37.700766 28.607352 91.474257 -13.630155 -73.943471 -87.961565 71.573599 -83.516034 -90.227012 -56.100815 62.807591 44.498174 64.059374 -2.665562 -80.574124 6.605409 13.481441 90.467076 -7.995338 -53.147352 69.634514 11.986867 -34.214690 -43.570621 -8.599491 -73.397183 -65.498574 47.728749 4.330361 0.000000 0.000000 0.000000 -85.787565 -6.930961 -45.143202 -69.487220 -4.628087 -28.334987 46.993978 2.589418 -64.064920 79.567608 -33.216472 13.770439 0.000000 0.000000 0.000000 
-28.477886 -0.567572 99.493973 -25.192208 -33.372830 -7.621344 -111.435057 85.132840 -98.691398 74.036911 4.617539 2.153163 -99.615549 45.148598 -77.854392 -70.684435 25.855517 42.858432 67.550118 -3.644694 -27.393959 -78.716209 -79.471616 41.663141 -98.914910 -2.021685 55.984469 71.970522 -35.322528 30.725000 91.573957 6.347379 -71.599803 76.500492 87.054781 79.398346 -90.110313 -58.014137 66.171115 44.671140 62.671665 -6.519023 -80.133014 5.474568 15.169265 90.871414 -9.133223 -53.737173 69.654931 12.393763 -33.673782 -43.728483 -9.026099 -73.763670 -65.805579 48.215965 4.571924 0.000000 0.000000 0.000000 -86.419944 -6.375085 -46.155428 -69.438044 -4.420471 -27.755291 46.978940 3.138082 -64.370178 79.253271 -33.369649 14.697203 0.000000 0.000000 0.000000 
-30.370348 -0.570793 99.100273 -133.057212 59.914531 -46.942414 101.133932 79.234974 103.235402 52.950254 -55.373734 37.798812 -101.774050 60.733902 -62.231619 -74.794547 29.864669 39.035245 66.143739 -25.482768 -18.418935 -55.125616 -80.613999 8.808286 -98.646181 10.942881 55.452671 72.200561 -36.356987 30.173714 91.595824 21.517734 -68.597560 64.350571 87.495737 68.226034 -89.749637 -57.627225 68.555969 58.559082 58.324772 14.181809 -80.063413 -1.728446 7.953914 91.496339 -11.092185 -54.255721 69.311347 12.624192 -33.549615 -44.389960 -9.118320 -73.838722 -62.199739 50.575304 7.797277 0.000000 0.000000 0.000000 -86.397466 -5.189220 -46.990411 -69.234936 -4.953302 -26.721148 47.331457 2.681869 -64.790639 78.032766 -34.350374 15.198380 0.000000 0.000000 0.000000 
-29.650293 -0.517222 100.839005 103.220517 -28.629955 -108.985998 92.018973 39.196067 85.571884 20.572952 -57.551120 81.253072 -106.253216 70.686747 -48.614698 -77.878360 31.730314 39.280876 59.330216 -44.213774 -6.859382 -36.598233 -78.866804 -14.157016 -98.947188 15.066600 54.639279 72.055759 -38.639881 31.075037 91.542537 36.675675 -62.392331 86.935044 60.660273 88.537231 -89.475260 -60.660380 72.811792 64.602848 51.836613 19.150704 -80.029393 -1.835761 2.170511 91.962750 -12.586938 -54.459090 69.192723 13.010385 -32.887851 -44.926978 -9.488758 -73.905862 -61.668009 50.611650 7.573157 0.000000 0.000000 0.000000 -87.061926 -4.414874 -47.881592 -69.204554 -4.732691 -27.091200 47.618884 2.587384 -65.058674 78.187138 -35.005571 15.884999 0.000000 0.000000 0.000000 
-30.190783 -0.519648 99.727707 -45.707711 -15.734449 17.943424 91.447986 11.227627 78.722711 37.640517 -40.956975 97.704865 -107.035189 73.785932 -43.760186 -75.625817 31.251494 39.168212 37.559360 -72.628687 -13.990471 -42.853897 -79.160178 -12.255698 -98.847523 15.918968 55.750620 70.759420 -38.913545 29.671638 90.580529 41.633887 -57.575496 86.923629 60.771744 88.411673 -89.705773 -62.386616 75.444167 73.549305 39.881626 31.373111 -78.655951 -2.511677 -0.061989 92.083219 -12.929391 -53.439910 69.259173 13.522570 -32.270850 -45.100206 -8.733407 -73.713416 -60.864209 50.405656 7.783064 0.000000 0.000000 0.000000 -86.734069 -3.385104 -48.031707 -68.699585 -5.425975 -26.695892 48.391369 1.309354 -65.257754 77.372160 -35.852000 14.295271 0.000000 0.000000 0.000000 
-31.404192 -0.480980 100.359726 168.306708 60.974734 -80.934624 91.332369 10.266795 74.900467 66.362649 -27.716855 103.563226 -107.706091 74.472985 -52.114339 -74.969669 32.557475 37.729639 31.844436 -80.461299 -19.941676 -41.491187 -74.128474 -29.843874 -98.658213 14.966323 55.751411 69.373788 -38.287519 29.928140 89.771128 45.082821 -54.405849 88.105379 50.816030 88.040091 -89.393983 -63.648840 75.857209 74.981843 37.014171 31.813641 -78.644630 -1.991816 -1.663659 91.893978 -12.995842 -52.531102 69.265581 13.779899 -31.949406 -45.332361 -7.639774 -73.503507 -62.166718 50.134516 6.944503 0.000000 0.000000 0.000000 -87.028909 -2.763060 -48.122667 -68.530344 -5.816526 -26.713931 48.652300 1.130880 -65.137259 77.373214 -36.555334 13.730934 0.000000 0.000000 0.000000 
-30.959122 -0.465335 101.439232 98.010273 -47.459889 -94.575982 93.134739 53.585622 80.883237 77.136662 18.578155 102.854748 -107.639911 69.823297 -66.041533 -73.129376 31.545089 39.250342 15.945605 -84.805545 -11.885470 -53.810914 -70.315906 -32.839128 -98.532584 11.056433 57.610273 70.655241 -38.519882 31.398674 89.131933 50.021157 -48.879523 88.055365 58.034904 90.875068 -89.040525 -64.300920 71.351912 70.347122 42.530690 15.170425 -78.730417 -1.127487 8.242437 92.486095 -12.481988 -53.112686 69.683737 13.390814 -32.140524 -45.394942 -6.742558 -72.633552 -61.874142 50.660710 8.683480 0.000000 0.000000 0.000000 -87.239954 -2.496919 -48.079474 -67.556590 -6.714405 -25.980899 48.357274 1.433584 -65.702903 76.988406 -36.980894 10.921970 0.000000 0.000000 0.000000 
-31.888273 -0.459754 100.431297 -60.036868 -11.117368 30.540645 97.053047 71.192685 86.443664 80.140925 23.326788 100.836369 -104.357109 63.075063 -81.326688 -74.986172 31.938966 38.909446 -48.870687 -84.744255 48.696739 -60.003732 -66.653355 -36.039291 -98.532528 7.818860 59.687926 70.924244 -39.268016 28.695148 88.140872 53.226045 -45.040259 83.771588 75.445821 88.687027 -88.284637 -64.361212 65.780994 72.473425 39.955512 19.519500 -79.027951 -0.940804 10.213730 92.258749 -11.653569 -52.595553 69.600237 13.551445 -32.312516 -45.309822 -6.329251 -72.028737 -61.026355 50.803499 10.134924 0.000000 0.000000 0.000000 -87.225414 -1.879247 -47.659942 -67.450554 -7.143500 -25.996312 47.742157 1.223733 -65.293607 76.536849 -37.308509 10.336503 0.000000 0.000000 0.000000 
-32.735176 -0.450245 101.216934 177.139494 54.355406 -66.641688 111.287935 81.634661 102.181782 78.856128 49.035538 96.151321 -103.241731 55.301888 -87.212537 -73.849782 31.718043 42.667752 -77.949780 -78.547857 74.562676 -69.223861 -59.534948 -41.863826 -98.589174 3.767486 61.189077 72.389004 -40.563476 27.309288 88.116244 55.738692 -38.984750 88.135899 47.688815 90.054027 -88.033581 -63.556777 64.158417 73.736887 32.799925 1.294823 -80.793158 -2.452634 18.647556 92.040091 -10.252596 -52.232543 69.983810 13.206728 -31.757057 -45.634782 -6.817458 -70.883750 -60.965807 51.422823 11.902427 0.000000 0.000000 0.000000 -87.343688 -3.029440 -47.308332 -67.353518 -6.233754 -25.889574 47.273635 1.883277 -65.496685 76.319595 -37.280593 12.051629 0.000000 0.000000 0.000000 
-32.460949 -0.453566 102.068169 94.544597 -46.655489 -91.287650 133.052500 85.409325 125.796296 74.452770 62.933616 90.161801 -101.756043 48.465191 -90.210313 -73.057622 30.893576 43.020028 -84.962953 -71.215157 79.535787 -74.221411 -54.551342 -43.934861 -98.592901 1.040758 62.264927 71.351399 -38.675263 28.633822 88.217513 57.618905 -34.449742 88.586571 40.709881 89.798507 -88.071631 -62.907699 61.348214 74.699909 33.782519 0.205634 -81.135942 -2.968439 19.765406 92.039735 -10.005488 -51.761949 70.059001 13.214628 -31.576269 -45.955415 -7.064539 -70.523744 -61.298015 50.694183 11.660754 0.000000 0.000000 0.000000 -87.422300 -3.008854 -46.709150 -67.281318 -6.024550 -25.948926 46.906473 2.229906 -64.675011 76.542755 -36.422708 13.361649 0.000000 0.000000 0.000000 
-33.374084 -0.433000 101.363815 -56.549677 -0.098018 25.195353 -150.588901 87.154668 -157.013428 73.646950 69.399633 84.413796 -101.818105 45.220390 -91.893221 -73.261639 30.459404 42.444969 -86.759831 -67.219489 81.721299 -78.221302 -46.952932 -47.351025 -98.827697 -5.110123 62.059396 74.262063 -37.311088 25.713402 88.256497 59.228078 -28.981725 89.122956 42.679843 90.658303 -88.549726 -62.127226 58.860373 70.126223 37.537821 -10.940293 -81.627262 -2.909964 24.860629 92.372760 -9.172267 -51.625894 70.800232 12.604550 -31.455186 -46.518614 -7.589094 -71.213662 -60.466345 50.076509 10.261658 0.000000 0.000000 0.000000 -87.993361 -4.292136 -46.660073 -66.776874 -4.500113 -27.092581 47.210168 1.940115 -64.002283 74.911960 -37.788681 14.156335 0.000000 0.000000 0.000000 
-34.100647 -0.433296 102.190094 146.842670 46.468988 -94.721812 -107.042872 83.890302 -111.037975 71.420752 73.640392 77.433709 -101.353826 43.135258 -93.200150 -71.979738 29.814439 43.103992 -88.070750 -63.888416 83.118279 -81.218265 -39.999309 -49.707547 -98.886141 -10.523339 62.900052 74.977832 -37.409364 24.480939 87.347838 62.049403 -22.284693 89.264545 39.227575 90.789039 -88.989412 -62.076076 56.337727 69.645072 39.085499 -13.189919 -82.300782 -2.472529 26.742100 92.180102 -8.794552 -51.201812 71.300004 12.378116 -31.622114 -47.039399 -7.432689 -71.253265 -58.933136 49.588130 11.193929 0.000000 0.000000 0.000000 -88.143761 -4.379706 -46.678391 -66.961383 -3.868605 -28.276085 47.269313 2.012724 -64.165773 74.356105 -38.274133 14.969726 0.000000 0.000000 0.000000 
-34.071491 -0.415000 102.705818 54.586285 -59.248193 -61.138142 -94.668285 78.246488 -98.883577 69.532180 75.772554 67.900094 -100.685447 39.272941 -92.971426 -68.303505 27.940281 45.995973 -89.693008 -46.888478 82.922843 -84.616729 -27.165621 -53.554053 -98.721826 -15.870470 63.388844 76.172042 -37.527845 25.174583 88.599255 62.533813 -12.270761 89.618127 18.305201 90.014505 -88.583855 -63.549981 56.052266 69.389198 39.568567 -9.798343 -82.738553 3.884279 25.990716 91.826685 -8.300940 -51.470246 71.642465 11.798271 -31.717221 -46.684991 -8.026170 -71.280178 -57.909559 49.915739 9.914356 0.000000 0.000000 0.000000 -88.275923 -5.453996 -47.026982 -67.759605 -2.368988 -29.587997 47.691234 1.294178 -64.497567 74.384320 -39.432875 15.168271 0.000000 0.000000 0.000000 
-35.090481 -0.418258 102.304970 -69.542353 30.371979 21.510710 -89.458956 71.615736 -92.204111 68.732168 77.267013 61.267287 -101.084294 41.757952 -94.234783 -67.624100 28.208485 45.694093 -89.880358 -44.643528 83.658586 -86.274373 -17.454516 -56.096781 -98.934331 -20.433456 65.712437 77.188379 -37.283788 25.177822 88.512893 63.321179 -3.679666 89.422311 17.229630 89.693154 -87.958125 -64.305785 54.631110 70.425489 39.947495 -10.367894 -83.063713 5.920166 24.718064 91.457218 -7.992720 -51.283996 71.930127 11.773961 -31.674333 -46.794809 -8.228578 -70.999784 -57.605790 49.806506 9.423139 0.000000 0.000000 0.000000 -88.278730 -6.033594 -47.233726 -68.300029 -1.550355 -30.205006 47.755376 1.362698 -64.771295 74.377455 -40.233257 14.444883 0.000000 0.000000 0.000000 
-35.567848 -0.422399 103.273262 127.274933 16.012410 -104.689430 -87.606390 58.580657 -87.259296 70.022941 78.182466 56.246431 -101.474719 42.074832 -95.229261 -66.835753 28.774298 45.810728 -90.921841 -25.180178 82.751268 -87.913675 2.516583 -60.067835 -99.373162 -25.732224 67.929171 79.630785 -38.376524 24.406587 89.194735 65.400205 4.397085 89.821432 11.426796 85.204135 -88.549121 -65.923622 61.035855 71.139145 42.689678 -2.606631 -83.147614 8.831830 23.109440 91.075051 -7.315297 -50.010116 71.349791 12.310282 -31.640024 -46.755529 -8.919273 -71.548587 -55.440271 48.699658 9.348416 0.000000 0.000000 0.000000 -88.377301 -6.572825 -46.827242 -68.586976 -0.663213 -31.512833 48.461492 0.164414 -64.049330 74.384379 -41.544840 14.458748 0.000000 0.000000 0.000000 
-35.883884 -0.432646 103.441925 -16.466570 -51.783069 1.452728 -87.845994 48.189337 -86.068286 70.533252 79.526373 51.233478 -102.111541 45.705473 -95.639705 -67.772814 31.107603 45.232675 -91.184535 -7.956392 81.816215 -88.652908 11.368348 -62.272244 -99.641998 -30.056812 69.879551 82.778292 -40.699268 21.146431 90.470000 64.997300 12.338803 89.789021 11.590802 84.786165 -88.872933 -67.576834 59.736887 73.179139 42.128859 3.731274 -83.015729 7.669702 19.842208 90.855871 -7.290556 -49.714824 71.372782 12.507527 -31.656356 -46.833516 -8.860009 -71.035398 -57.018253 47.037401 7.937212 0.000000 0.000000 0.000000 -88.329244 -6.163658 -47.014753 -68.743216 -0.236949 -32.276288 48.464186 -0.001628 -63.960177 74.191561 -42.392686 13.894167 0.000000 0.000000 0.000000 
-36.979984 -0.435660 103.470963 -109.486360 57.730250 -6.237297 -88.138921 28.081653 -83.045499 69.544620 79.895798 45.064663 -102.224296 45.288931 -95.229806 -65.341625 31.918448 45.689053 -92.277546 32.595241 77.983813 -89.533863 22.162114 -65.215812 -99.641749 -37.421568 74.018369 83.087603 -41.099381 20.717957 92.006807 65.085267 21.953032 90.134870 6.071994 83.753189 -89.725256 -69.556281 62.141206 78.074066 34.151346 9.671711 -83.064399 8.285947 20.828050 90.417265 -6.473641 -49.334175 71.637122 12.201684 -31.832688 -46.889629 -9.350568 -69.925746 -57.767260 46.147688 8.105020 0.000000 0.000000 0.000000 -87.967724 -6.709443 -46.791226 -69.741154 0.402750 -33.831623 48.241717 1.000611 -64.947534 75.082191 -41.829189 14.590580 0.000000 0.000000 0.000000 
-37.378246 -0.444919 104.470764 111.810442 -22.106358 -102.325995 -88.071948 13.238820 -81.721559 70.215115 80.406782 43.058602 -102.210516 46.649593 -94.277873 -64.543446 32.091694 47.486442 -92.770827 45.907149 75.251162 -90.367486 33.362956 -67.960131 -100.525441 -44.263488 77.453388 83.919509 -42.122762 19.809615 92.658108 63.037994 26.898082 89.837084 3.757316 83.393656 -89.879176 -70.762856 59.461149 79.227910 31.103984 12.322876 -83.029745 9.672323 16.923024 90.129443 -6.470135 -49.225241 71.480275 12.420851 -31.767124 -46.898753 -9.283276 -69.138286 -59.182363 45.653318 7.075888 0.000000 0.000000 0.000000 -87.908388 -6.467122 -47.091285 -70.007241 0.383722 -34.198421 47.859149 1.722583 -65.230457 75.712420 -41.439666 14.966203 0.000000 0.000000 0.000000 
-38.032444 -0.452316 104.465248 -50.066201 -24.130811 23.469345 -88.226829 -12.295628 -78.774008 72.386053 78.361862 38.826327 -102.187358 44.447482 -95.117369 -64.304805 30.515330 49.268166 -93.043417 50.021724 75.439458 -92.389422 39.651760 -70.107332 -101.961531 -51.413131 81.604773 83.852096 -41.917667 20.816837 93.712750 64.052515 33.852262 89.787342 -3.565596 80.553591 -91.827339 -70.637122 70.131552 82.599472 21.817283 14.633928 -83.421275 8.159131 20.682975 89.689268 -5.911693 -48.452341 71.665742 12.196297 -31.827493 -47.438399 -8.102585 -67.958281 -59.741656 45.964170 8.061602 0.000000 0.000000 0.000000 -87.966934 -6.793608 -47.272369 -71.171291 1.247042 -35.289387 47.946302 0.629880 -64.228558 75.152728 -41.599242 15.537893 0.000000 0.000000 0.000000 
-39.218910 -0.464239 104.823174 -177.940076 55.939406 -65.970661 -87.259849 -28.735353 -75.059980 71.883647 78.403091 34.368867 -102.527113 47.223313 -96.892136 -63.971827 31.234948 48.098242 -93.142586 56.504029 73.507257 -93.696440 45.951614 -72.100679 -103.661044 -56.468424 84.839973 84.382831 -40.830498 19.055930 94.232493 63.722762 37.230695 89.695796 -7.091508 78.231415 -92.734437 -70.320523 72.996858 83.565503 20.113317 16.484210 -83.745571 6.900751 20.545218 89.611863 -5.967254 -47.987009 71.571967 12.327932 -32.018174 -47.700383 -7.095558 -68.017287 -60.635916 46.276347 6.786482 0.000000 0.000000 0.000000 -87.854846 -6.415685 -47.805667 -71.757748 1.387820 -35.660812 47.686979 0.283878 -63.769951 75.262116 -41.842909 15.700612 0.000000 0.000000 0.000000 
-39.661747 -0.487037 105.882065 93.384430 -51.890262 -91.880485 -85.988326 -38.725091 -71.633882 69.828277 78.230568 29.532841 -102.796594 49.035099 -98.082558 -62.987381 31.283019 49.692215 -92.896104 60.295133 71.831933 -95.326766 50.779125 -73.463544 -105.305728 -62.324676 88.882169 83.687881 -42.160775 19.918918 93.702398 62.617860 38.954042 89.536029 -4.384681 79.572809 -94.023725 -70.876386 73.215024 84.284097 13.892305 21.873902 -83.946725 5.251868 19.147136 89.380158 -5.827819 -47.844863 71.770262 12.286400 -32.238242 -47.938709 -7.388527 -67.899525 -60.323869 46.880377 5.801938 0.000000 0.000000 0.000000 -88.080750 -6.080183 -48.551153 -72.730816 1.871165 -36.350690 47.350669 1.092682 -63.993962 75.684306 -41.689598 15.447092 0.000000 0.000000 0.000000 
-40.709949 -0.520090 105.801437 -66.865567 6.100419 23.560399 -84.757690 -42.499624 -69.677996 69.960984 77.817956 27.758595 -103.939144 53.690831 -100.824687 -61.377193 31.107943 51.024459 -92.066019 61.937775 70.645897 -98.107363 58.530827 -76.654237 -108.096423 -66.908008 93.088693 82.086674 -41.539081 21.117216 93.816037 62.327773 39.326331 89.144767 -5.172586 80.611847 -94.339703 -72.149156 71.547600 84.297653 13.282683 23.334541 -84.276248 5.813708 17.952434 89.333471 -6.173011 -47.728534 71.612197 12.400625 -32.218758 -48.065456 -7.030233 -67.833448 -58.989993 47.454170 5.962763 0.000000 0.000000 0.000000 -88.131141 -5.389021 -49.286659 -73.249753 1.847735 -36.068595 47.120929 1.639500 -63.977397 75.716688 -41.426082 15.766002 0.000000 0.000000 0.000000 
-42.117638 -0.536287 106.603104 144.496704 30.942205 -95.839645 -86.662336 -35.686033 -74.873882 73.081636 76.244906 28.682037 -107.705425 62.028743 -107.422246 -62.944040 31.196736 49.548914 -94.638080 68.177707 65.092691 -103.361367 65.086152 -82.272702 116.904333 -76.909604 -124.405225 80.461044 -40.945919 22.021670 93.879008 60.200476 38.560893 88.480141 -10.648437 83.155093 -95.029878 -73.719468 74.356538 84.615757 9.150415 19.055889 -84.040129 8.930834 25.324858 89.657537 -6.830611 -49.380753 72.126022 11.597249 -32.583059 -48.048797 -7.572597 -66.651477 -56.138615 48.070021 12.466135 0.000000 0.000000 0.000000 -88.131192 -4.867811 -49.858987 -74.419465 2.276977 -36.169028 47.415549 1.419937 -63.817425 75.136857 -41.305316 16.967755 0.000000 0.000000 0.000000 
-42.722263 -0.566166 107.787361 20.180271 -66.918568 -28.089352 -86.154629 -28.438357 -76.289875 74.132510 75.725829 28.591221 -120.766446 74.521685 -123.871129 -62.687270 31.028112 50.204041 -96.389079 71.213607 59.579093 -110.010760 71.031155 -89.394913 100.410614 -57.238887 -103.784465 78.558569 -38.929750 22.422273 93.877568 60.382414 38.161281 88.311996 -8.714371 85.092106 -94.456533 -75.272294 72.539049 84.804730 9.285980 19.471466 -84.040631 11.595183 24.890770 89.896215 -6.894308 -50.046363 71.741755 11.403985 -32.707689 -48.017834 -7.272715 -66.536050 -55.900469 48.069912 12.055923 0.000000 0.000000 0.000000 -88.142637 -5.014178 -50.252427 -74.821512 2.318066 -35.693263 47.102576 1.035206 -63.604608 74.616110 -41.480218 17.574033 0.000000 0.000000 0.000000 
-44.368111 -0.616311 107.679237 -84.347496 46.761314 13.236613 -86.616795 5.134827 -83.141575 76.917282 74.713064 33.685904 -179.655084 82.003052 173.931438 -61.931639 29.375190 49.882533 -97.034327 71.413699 60.927487 -127.734811 77.684683 -108.158163 99.785010 -58.005756 -103.347927 73.575434 -38.231344 27.171974 93.852369 61.148710 36.314733 88.085974 4.477138 88.824411 -95.768870 -76.803735 72.018470 84.846526 10.977338 25.757892 -84.285181 10.875665 20.848153 90.313966 -6.988949 -51.409903 71.454792 11.528737 -32.524190 -46.734875 -8.503854 -66.154149 -53.616010 48.979322 15.008937 0.000000 0.000000 0.000000 -88.445187 -4.688608 -51.157987 -75.252910 2.549846 -35.240334 47.530932 0.555877 -63.213929 74.073203 -42.400658 17.453593 0.000000 0.000000 0.000000 
-46.030647 -0.658512 109.046196 110.978634 -6.937363 -105.150497 -85.037633 30.206473 -84.588578 75.319488 74.418602 34.743238 114.554582 70.600266 104.706658 -62.726499 28.930468 49.629156 -98.771347 72.448816 56.489912 -163.648961 81.371182 -144.824291 97.861328 -45.891158 -97.992617 72.537292 -36.216883 28.554384 94.387684 61.612308 35.344087 87.500010 20.158659 90.720296 -94.211595 -78.176881 70.401665 84.719621 11.784571 27.561041 -83.883497 13.386035 18.241121 90.448266 -7.143760 -52.468662 70.783965 11.291866 -32.678244 -46.377539 -8.880914 -66.192929 -52.064211 49.815029 16.806518 0.000000 0.000000 0.000000 -88.026604 -4.480522 -51.056868 -75.090970 2.085228 -34.435949 47.752370 0.034552 -62.919444 73.929456 -42.993621 17.720441 0.000000 0.000000 0.000000 
-46.627460 -0.588934 109.766609 -39.251235 -17.177277 6.062727 -79.176113 22.492201 -74.052661 67.048404 73.810446 21.969428 128.167323 83.114161 129.171236 -55.377940 19.172200 44.738916 -94.824678 74.576919 30.183732 110.712833 65.104156 124.503920 97.664889 -53.704010 -93.442331 65.885952 -27.382272 29.129398 93.254690 63.066089 35.095740 88.401294 18.446478 89.375555 -148.408652 64.699770 85.628529 83.743107 3.263404 49.860490 -83.132008 18.375817 -14.321866 88.247042 -6.848845 -48.148580 67.406327 11.211299 -34.473883 -35.275287 -10.865762 -70.404901 -48.609275 39.345555 14.504250 0.000000 0.000000 0.000000 -85.796357 -2.137006 -47.433871 -72.100018 0.431134 -35.808010 37.799521 9.742046 -71.623482 64.353676 -35.184462 26.592913 0.000000 0.000000 0.000000 
-47.407364 -0.482154 109.989937 -98.216215 -13.246740 154.403511 -75.786949 28.196452 -73.268519 57.358221 73.807383 18.250356 -176.158833 87.266553 -164.739340 -52.945242 18.232562 44.770046 -81.425001 73.472403 22.973900 100.561399 45.664419 111.565262 88.701452 -53.463854 -82.982733 56.639928 -20.670806 33.834634 89.245065 67.677533 25.618871 87.542559 -8.213903 85.882523 88.142062 83.317143 -8.649317 83.323209 7.636336 58.180958 -82.895799 17.669240 -21.551076 85.904648 -7.246805 -46.325157 63.729558 10.937128 -35.727075 -23.208054 -14.813116 -72.229027 -43.849317 28.544981 20.537490 0.000000 0.000000 0.000000 -82.511432 -1.784459 -45.588597 -70.518601 0.809133 -38.972900 25.793540 14.832244 -75.693015 63.747794 -18.241341 40.118400 0.000000 0.000000 0.000000 
-47.115276 -0.376545 109.580788 -50.839923 21.801514 -67.404904 -66.155942 28.060806 -57.465207 54.680909 74.383651 13.513959 170.889965 89.378453 -162.316812 -59.573219 18.297138 42.162291 -59.011588 80.356653 -18.432383 97.357492 20.483235 105.215766 -92.605378 -62.809196 55.497067 65.616546 -16.830786 35.631894 83.151086 64.163491 4.077773 -56.565311 86.462502 -51.189480 -41.054221 -65.325098 -85.956235 84.584802 19.196608 77.164235 -86.280917 11.324807 -28.005652 81.059075 -5.898723 -43.519669 59.309886 12.075157 -39.623757 11.982699 -15.685844 -82.775274 -39.747486 8.334699 2.790586 0.000000 0.000000 0.000000 -74.924434 -2.320222 -40.883494 -67.012232 3.367009 -43.786610 -9.086003 17.591284 -82.169428 61.603451 16.814636 42.472562 0.000000 0.000000 0.000000 
-47.117664 -0.300047 109.789711 -61.909268 -31.995802 71.866995 -59.506815 16.129101 -36.714109 51.692422 73.884678 12.903587 39.432976 87.317383 73.194063 -66.058584 17.740483 36.283271 48.997730 82.901717 48.736444 94.680502 5.687335 100.549055 -97.988837 -64.649657 37.366979 70.697560 -13.200719 34.649127 85.532220 61.422981 -5.874005 -84.464712 69.949639 -76.369872 -81.667262 -16.148578 -89.254763 83.969942 46.231293 82.532113 -88.973135 12.646562 -33.807393 73.404420 -10.435763 -40.461508 52.033807 8.304096 -46.869435 65.206968 -11.151512 -83.525391 -25.413860 -16.357052 -8.217813 0.000000 0.000000 0.000000 -65.225117 1.253325 -35.240745 -67.280054 13.357175 -52.895508 -49.818645 14.542850 -81.308416 55.201442 43.539169 39.009821 0.000000 0.000000 0.000000 
-47.203079 -0.277896 109.628212 -73.362229 0.568424 -143.856079 -41.213601 53.983546 -40.531288 50.390181 71.750462 10.928016 -60.948702 80.195929 -1.567867 -72.074896 22.357085 33.435587 76.804808 35.416669 51.408464 91.524855 6.297897 93.647476 -83.450218 -77.885720 7.331723 72.197417 -18.680700 38.293058 83.046299 39.170842 -13.163657 -86.268154 51.115325 -74.675879 -83.385948 38.474294 -82.681894 -88.495455 70.483108 -89.647497 -89.323373 5.858526 -48.987253 65.906697 -15.110438 -41.199103 48.021748 2.802738 -49.070547 67.100879 -7.771315 -80.715962 -23.836893 6.917306 -26.165244 0.000000 0.000000 0.000000 -50.080387 -0.171038 -35.852088 -65.763189 30.348146 -55.932257 -80.486572 29.662618 -78.347658 33.246400 54.259507 18.458628 0.000000 0.000000 0.000000 
-47.071304 -0.306259 109.688141 -102.025775 -1.779172 -0.166629 -43.173330 40.994339 -22.981041 48.687557 70.269466 9.999002 -66.886962 77.015802 -5.247402 -73.239473 21.364912 34.521647 74.377893 42.923722 39.739807 87.527619 6.741880 86.044867 -44.318002 -79.788469 -45.055446 67.057863 -15.534165 38.510754 82.936244 15.519259 -16.819070 -88.722745 35.727649 -73.911416 74.349438 77.989124 74.084484 -94.868331 55.343764 -93.118702 -90.424619 4.084448 -52.360549 52.331555 -23.879043 -30.850080 38.136478 -12.036939 -56.396166 59.914222 -9.553863 -80.759039 -28.799145 15.279357 -38.016235 0.000000 0.000000 0.000000 -23.761060 -0.689111 -16.741478 -26.743404 72.406210 -24.805466 -99.768303 49.810494 -89.049118 30.981791 52.563325 8.920267 0.000000 0.000000 0.000000 
-47.200432 -0.253623 109.737587 -46.242385 20.223851 131.941987 -57.689590 29.576694 -10.210152 47.850002 70.129413 10.375980 -57.073184 69.697554 18.191397 -71.298411 25.430515 33.932091 76.052901 41.585918 28.083818 81.177094 23.387664 81.138961 -36.236690 -75.177528 -61.718437 65.274364 -22.946652 37.374338 76.543405 -35.232305 -13.772888 -88.099887 28.501910 -76.222449 88.459336 -9.985886 80.666596 -91.752513 42.882052 -91.720361 -91.613290 8.366721 -63.407980 44.204419 -39.477028 -29.434957 28.126598 -21.789173 -50.158962 47.267883 -7.225716 -69.891191 -35.865305 8.356038 -33.352563 0.000000 0.000000 0.000000 -5.531005 -7.047680 -0.425856 52.034034 59.378226 37.936966 -111.737116 51.264328 -90.806044 5.112254 53.460138 -24.369277 0.000000 0.000000 0.000000 
-47.193474 -0.271635 109.528801 -57.121387 -19.037272 -116.722087 -62.708098 23.374469 -1.387129 51.727966 68.780242 13.819124 -45.553508 68.795437 30.183568 -69.884671 22.063925 35.882262 73.999837 42.418054 26.372773 77.695634 29.136786 76.736976 -43.514778 -73.179522 -52.092585 64.004538 -23.203209 36.932974 63.985962 -59.931841 -9.363823 -87.018196 26.177083 -76.030573 87.717630 8.136905 84.636994 -91.877803 22.285197 -89.615229 -91.988428 12.070012 -64.883629 29.868743 -47.056381 -18.838548 15.623379 -34.270647 -43.963020 38.471822 -9.124344 -63.798223 -37.083001 9.788883 -27.369190 0.000000 0.000000 0.000000 -3.728144 -20.908763 16.367681 72.033147 32.355504 44.303178 -133.160247 59.396905 -109.885448 16.288457 58.813714 -14.593581 0.000000 0.000000 0.000000 
-47.113922 -0.259292 109.611038 -103.625538 8.965705 6.292234 -69.297618 5.958441 3.378338 58.818187 65.570631 18.389450 -49.939485 63.473404 29.399624 -71.925325 22.916183 34.936782 76.359208 38.073921 26.735512 67.043819 54.484770 69.039640 -46.967721 -69.078104 -49.463366 65.872692 -26.578507 37.006761 -5.001333 -63.979175 43.764620 -86.466888 25.512954 -67.779690 -48.775289 86.451553 -43.912452 -94.642845 43.779382 -96.293397 -94.938343 13.813521 -73.994564 -32.612408 -54.837202 29.341644 -6.258251 -45.412160 -19.698228 30.415885 -8.096509 -58.351925 -25.226961 17.935054 -16.686092 0.000000 0.000000 0.000000 20.141198 -38.266969 3.948870 92.820601 5.483656 32.494319 -132.209250 53.344680 -102.945373 -22.347821 50.064390 -46.656541 0.000000 0.000000 0.000000 
-47.230850 -0.248764 109.651421 -50.138811 20.762314 145.471031 -71.886712 -4.750144 4.306611 63.141411 62.948137 22.871523 -47.942427 58.612609 28.808598 -67.223212 17.504574 36.715388 78.327260 37.507979 32.579304 55.728984 67.048486 64.054251 -50.168156 -67.352601 -42.812506 65.629433 -26.179657 35.930734 -36.058801 -46.971709 60.797609 -86.068796 26.035319 -66.252890 -74.023247 78.984452 -61.668232 -95.545162 52.669871 -98.987831 -95.395552 22.275786 -75.863575 -64.370877 -38.447087 53.659180 -29.303438 -45.249050 9.167410 21.569687 -6.953741 -55.224791 -19.587449 17.648360 -8.476044 0.000000 0.000000 0.000000 32.358604 -38.264256 -9.052655 100.485522 -2.557547 27.876596 -132.798275 51.830913 -102.346884 -22.738736 45.397865 -52.951286 0.000000 0.000000 0.000000 
-47.205006 -0.261536 109.525871 -56.050389 13.748661 -80.458310 -71.425087 -11.074107 1.659474 65.712811 60.828525 24.652272 -27.940694 63.221703 21.421328 -66.966268 15.266454 35.765788 79.804787 36.968182 37.311022 37.098386 72.826703 48.432951 -70.431930 -61.156523 -12.197282 64.116896 -20.557935 39.010781 -58.786095 -13.677472 55.965918 -84.642410 39.402037 -58.785524 -79.453719 71.442188 -61.296062 123.579050 80.946842 113.089366 -95.564052 26.849242 -82.024176 -75.451701 -14.217674 54.242235 -39.866541 -34.414282 30.270001 10.284806 -8.533034 -49.689886 -20.589431 24.955348 -2.304772 0.000000 0.000000 0.000000 59.703426 -33.807765 -25.834259 106.423549 -3.474283 23.081892 -133.039738 51.988487 -106.713821 -28.565958 3.375693 -63.230825 0.000000 0.000000 0.000000 
-47.113228 -0.273319 109.653915 -56.628557 25.224541 49.573533 -72.993382 -8.706462 2.871803 68.160428 56.064460 24.565990 22.149812 64.094694 32.575576 -65.894931 15.050261 35.677593 80.494495 36.367475 39.993944 29.592177 75.019691 46.826596 -78.117747 -51.257470 -2.615467 63.663952 -20.711950 40.438583 -60.810266 -7.047713 50.386645 -83.559102 45.641467 -54.899868 -75.286012 75.521705 -57.268472 107.358330 76.686624 93.668867 -96.119322 35.282904 -82.614598 -78.899055 -7.515876 52.219173 -41.670918 -30.283158 37.526124 3.798894 -7.258464 -40.696712 -13.887426 29.439430 11.141228 0.000000 0.000000 0.000000 62.731382 -29.811092 -26.201567 106.032703 -4.731415 20.838404 -129.306828 49.952882 -105.210676 -27.910741 -12.724457 -63.021670 0.000000 0.000000 0.000000 
-47.463665 -0.236564 109.525299 -4.066234 -27.243338 171.871978 -75.555444 29.794111 10.901608 52.588641 63.746446 2.548021 11.637849 50.494802 62.456948 -67.100631 19.126567 37.488984 77.415740 25.399954 43.594874 8.744965 74.006863 21.946842 -76.802256 -31.948311 5.195659 66.509244 -23.314309 40.566632 63.792929 -33.633915 -41.305196 -87.431218 44.450829 -53.521194 -84.960068 10.450582 -69.679337 147.406034 84.469017 146.151123 -99.842575 29.554393 -83.211631 -92.636022 10.314214 42.185437 -51.186886 -6.252654 53.816933 3.428192 7.909646 45.287444 -5.747326 13.644603 50.637642 0.000000 0.000000 0.000000 82.295632 -27.231266 -20.099334 94.282404 -15.159739 15.062664 147.193166 79.987726 167.542437 -49.982943 28.787505 -24.130446 0.000000 0.000000 0.000000 
-47.621952 -0.246580 109.181824 -17.389881 -12.974726 -59.981889 -73.525771 43.646258 7.239896 44.041197 66.813409 -12.057523 -0.232254 41.444537 69.124938 -60.105865 19.669458 37.166622 74.249640 -13.819469 42.483699 -48.840771 60.036260 -28.184806 -77.242747 -20.018241 13.088552 62.828967 -20.592462 39.685761 69.338462 14.327988 -51.708494 -87.478894 45.377957 -52.956596 -82.790954 -25.964695 -69.978057 -103.658141 72.336651 -103.238099 -100.958552 35.598356 -84.352126 -95.854886 15.006590 35.434605 -52.794279 15.174201 55.181599 11.978962 13.403143 63.569239 0.889030 14.126286 62.642035 0.000000 0.000000 0.000000 87.931064 -23.803071 -17.854842 93.264219 -20.353469 11.151642 52.751408 28.582688 89.803478 -10.816556 52.087748 35.520280 0.000000 0.000000 0.000000 
-48.047989 -0.262066 109.252266 -150.270155 -42.352688 -21.636110 -74.463018 50.529669 3.205847 30.831447 68.933934 -30.929344 16.006825 45.644875 74.895008 -55.560126 18.868840 35.305088 62.977300 -43.168801 35.146784 -67.578279 63.714142 -49.609644 -82.377818 -3.865452 40.265813 64.249106 -16.713151 45.411670 68.672424 49.309371 -56.414612 -88.231925 44.696077 -52.199426 -80.497485 -37.108573 -88.331136 145.761610 83.623367 146.612182 -103.163234 32.531231 -84.568060 -90.788208 13.807659 20.316162 -81.970778 43.296932 44.645564 23.519265 13.211097 78.420666 -4.968094 12.375222 71.997955 0.000000 0.000000 0.000000 83.513129 -24.585427 -26.120040 104.712711 -34.067161 14.678993 -5.538509 -12.630573 52.009708 22.872293 29.186209 71.371019 0.000000 0.000000 0.000000 
-47.643509 -0.264989 109.081024 91.600950 -14.703252 -16.313661 -72.684197 58.459738 -2.250933 18.023190 72.263579 -39.346673 21.645357 61.666163 77.319430 -52.441862 16.308630 42.845298 46.653692 -59.862018 34.859861 -77.808983 63.771780 -60.826487 -83.048154 7.254334 42.949767 65.847339 -19.198664 43.425031 64.997627 62.760541 -51.120687 -88.514247 44.540660 -54.771328 -82.436062 -57.510163 -86.143254 99.689762 53.503819 100.310824 -103.242443 31.398915 -81.194639 -92.997076 11.027865 9.205820 -96.862712 50.272377 28.603177 28.919683 15.955423 80.540823 -12.315592 26.616123 69.693441 0.000000 0.000000 0.000000 88.498126 -19.968142 -21.840527 112.805375 -35.702278 13.814947 -0.993375 -33.995897 20.614247 19.307418 -12.798829 67.819770 0.000000 0.000000 0.000000 
